Data/Hora;Usuário;Ação;Item Modificado;Detalhes da Modificação
03/06/2026 14:14:04;admin;Alteração (Editou);I. A análise técnico-assistencial do caso não deve...;"[{""changed"": {""fields"": [""Texto base"", ""Enunciado""]}}]"
03/06/2026 14:13:12;admin;Alteração (Editou);I. O clínico geral não deve emitir relatório afirm...;"[{""changed"": {""fields"": [""Texto base"", ""Enunciado""]}}]"
03/06/2026 13:01:06;admin;Alteração (Editou);Considerando o caso apresentado e os princípios da...;[]
02/06/2026 17:59:29;admin;Alteração (Editou);Considerando o caso apresentado e os princípios re...;[]
02/06/2026 17:50:22;admin;Alteração (Editou);Considerando o caso apresentado e os princípios da...;"[{""changed"": {""fields"": [""Tipo questao""]}}]"
02/06/2026 16:16:43;admin;Alteração (Editou);Qual alteração na concentração plasmática de sódio...;"[{""changed"": {""name"": ""alternativa"", ""object"": ""Hiponatremia por dilui\u00e7\u00e3o do s\u00f3dio pelo excesso de"", ""fields"": [""Eh correta""]}}]"
02/06/2026 15:42:01;admin;Alteração (Editou);A estruturação da rede temática de atenção às doen...;[]
02/06/2026 15:35:47;admin;Alteração (Editou);A utilização integrada de sistemas como SIM, SINAS...;[]
02/06/2026 09:35:53;admin;Alteração (Editou);Sobre a síndrome da dependência química podemos af...;"[{""changed"": {""fields"": [""Status""]}}]"
02/06/2026 09:34:41;admin;Alteração (Editou);Qual alternativa apresenta a interpretação diagnós...;[]
02/06/2026 09:31:20;admin;Alteração (Editou);Assinale a alternativa que contém o achado semioló...;"[{""changed"": {""fields"": [""Status""]}}]"
02/06/2026 09:29:45;admin;Alteração (Editou);Considerando a tipologia familiar, o ciclo de vida...;[]
01/06/2026 21:55:50;admin;Alteração (Editou);Considerando o caso clínico e as evidências atuais...;"[{""changed"": {""fields"": [""Tipo questao""]}}]"
01/06/2026 21:54:55;admin;Alteração (Editou);Considerando o caso clínico apresentado, assinale ...;[]
01/06/2026 21:54:44;admin;Alteração (Editou);Considerando o fenótipo predominante de dor e uma ...;[]
01/06/2026 21:54:31;admin;Alteração (Editou);Considerando o fenótipo doloroso e a sequência ter...;[]
01/06/2026 21:49:13;admin;Alteração (Editou);Diante desse paciente e baseado nas condutas preco...;"[{""changed"": {""fields"": [""Status"", ""Enunciado"", ""Justificativa""]}}]"
01/06/2026 17:30:11;admin;Alteração (Editou);Considerando o caso apresentado, qual é a conduta ...;"[{""changed"": {""fields"": [""Status""]}}]"
01/06/2026 17:29:22;admin;Alteração (Editou);Com base nas possíveis causas reversíveis de PCR, ...;"[{""changed"": {""fields"": [""Status""]}}]"
01/06/2026 17:28:49;admin;Alteração (Editou);Com base nos achados ultrassonográficos, qual é a ...;"[{""changed"": {""fields"": [""Status""]}}]"
01/06/2026 17:26:46;admin;Alteração (Editou);Qual  deve ser a conduta da equipe nesse momento?...;"[{""changed"": {""fields"": [""Status""]}}]"
01/06/2026 17:26:15;admin;Alteração (Editou);Considerando as diretrizes da American Heart Assoc...;"[{""changed"": {""fields"": [""Status""]}}]"
01/06/2026 17:25:34;admin;Alteração (Editou);Considerando os princípios do SUS, a gestão do cui...;"[{""changed"": {""fields"": [""Status""]}}]"
01/06/2026 17:25:06;admin;Alteração (Editou);Nesse contexto, a estratégia mais adequada para qu...;"[{""changed"": {""fields"": [""Status""]}}]"
01/06/2026 17:24:35;admin;Alteração (Editou);Considerando o caso apresentado, avalie as afirmat...;"[{""changed"": {""fields"": [""Status"", ""Texto base"", ""Enunciado""]}}]"
01/06/2026 17:24:00;admin;Alteração (Editou);Considerando os princípios do SUS e a organização ...;"[{""changed"": {""fields"": [""Status"", ""Texto base"", ""Enunciado""]}}]"
01/06/2026 17:23:04;admin;Alteração (Editou);A estruturação da rede temática de atenção às doen...;"[{""changed"": {""fields"": [""Status""]}}]"
01/06/2026 17:20:51;admin;Alteração (Editou);O papel da Atenção Primária à Saúde (APS) como coo...;"[{""changed"": {""fields"": [""Status""]}}]"
01/06/2026 17:20:29;admin;Alteração (Editou);O papel da Atenção Primária à Saúde (APS) como coo...;[]
01/06/2026 16:46:15;admin;Alteração (Editou);Diante desse paciente e baseado nas condutas preco...;[]
01/06/2026 16:38:04;admin;Alteração (Editou);Assinale a alternativa que contém o achado semioló...;[]
01/06/2026 15:40:35;admin;Alteração (Editou);Assinale a alternativa que contém o achado semioló...;[]
01/06/2026 15:40:26;admin;Alteração (Editou);Assinale a alternativa que contém o achado semioló...;[]
01/06/2026 15:39:25;admin;Alteração (Editou);Qual achado semiológico corresponde ao estímulo pl...;[]
01/06/2026 15:24:22;admin;Alteração (Editou);No contexto da Comunicação Clínica (Protocolo SPIK...;"[{""changed"": {""fields"": [""Uso prova""]}}]"
01/06/2026 15:11:48;admin;Alteração (Editou);I. A ketamina é considerada um agente de escolha t...;"[{""changed"": {""fields"": [""Status""]}}]"
01/06/2026 14:05:12;admin;Alteração (Editou);Considerando o quadro clínico e a principal hipóte...;"[{""changed"": {""fields"": [""Justificativa""]}}, {""changed"": {""name"": ""alternativa"", ""object"": ""Determinar os n\u00edveis s\u00e9ricos de creatinoquinase (C"", ""fields"": [""Texto"", ""Eh correta""]}}, {""changed"": {""name"": ""alternativa"", ""object"": ""Solicitar dosagem de anticorpos antireceptor de ac"", ""fields"": [""Texto"", ""Eh correta""]}}]"
01/06/2026 14:02:57;admin;Alteração (Editou);Considerando o fenótipo predominante de dor e uma ...;"[{""changed"": {""fields"": [""Status"", ""Justificativa""]}}, {""changed"": {""name"": ""alternativa"", ""object"": ""Reconhecer dor oncol\u00f3gica refrat\u00e1ria e indicar bom"", ""fields"": [""Texto"", ""Eh correta""]}}, {""changed"": {""name"": ""alternativa"", ""object"": ""Reconhecer dor nocipl\u00e1stica e iniciar duloxetina 3"", ""fields"": [""Texto"", ""Eh correta""]}}]"
01/06/2026 13:59:56;admin;Alteração (Editou);Considerando o fenótipo doloroso e a sequência ter...;"[{""changed"": {""fields"": [""Status"", ""Justificativa""]}}, {""changed"": {""name"": ""alternativa"", ""object"": ""Reconhecer dor neurop\u00e1tica radicular e indicar est"", ""fields"": [""Texto"", ""Eh correta""]}}, {""changed"": {""name"": ""alternativa"", ""object"": ""Reconhecer dor facet\u00e1ria lombar e indicar rizotomi"", ""fields"": [""Texto"", ""Eh correta""]}}]"
01/06/2026 13:56:18;admin;Alteração (Editou);Considerando o quadro clínico e a principal hipóte...;"[{""changed"": {""fields"": [""Tipo questao"", ""Status""]}}]"
01/06/2026 13:50:13;admin;Alteração (Editou);Qual diagnóstico é mais provável?...;[]
01/06/2026 13:44:39;admin;Alteração (Editou);Considerando o quadro clínico e epidemiológico apr...;"[{""changed"": {""fields"": [""Status""]}}]"
01/06/2026 13:43:23;admin;Alteração (Editou);Considerando o caso e as recomendações para o mane...;"[{""changed"": {""fields"": [""Status""]}}]"
01/06/2026 10:44:40;admin;Alteração (Editou);Considerando a família como sistema e os estágios ...;"[{""changed"": {""fields"": [""Justificativa""]}}, {""changed"": {""name"": ""alternativa"", ""object"": ""Realizar palestra coletiva sobre h\u00e1bitos saud\u00e1veis"", ""fields"": [""Texto"", ""Eh correta""]}}, {""changed"": {""name"": ""alternativa"", ""object"": ""Construir plano de cuidado com Dona L\u00facia e famili"", ""fields"": [""Texto"", ""Eh correta""]}}]"
01/06/2026 10:43:39;admin;Alteração (Editou);Considerando a tipologia familiar, os determinante...;[]
01/06/2026 10:41:53;admin;Alteração (Editou);Considerando a tipologia familiar, os determinante...;"[{""changed"": {""fields"": [""Status""]}}]"
01/06/2026 10:41:20;admin;Alteração (Editou);Para compreender a família e pactuar um plano de c...;"[{""changed"": {""fields"": [""Status""]}}]"
01/06/2026 10:40:59;admin;Alteração (Editou);Considerando a tipologia familiar, o ciclo de vida...;"[{""changed"": {""fields"": [""Status"", ""Texto base"", ""Enunciado""]}}]"
01/06/2026 10:40:25;admin;Alteração (Editou);Considerando a tipologia familiar, os determinante...;[]
01/06/2026 10:39:32;admin;Alteração (Editou);Considerando a família como sistema e o ciclo de v...;"[{""changed"": {""fields"": [""Status""]}}]"
01/06/2026 10:33:54;admin;Alteração (Editou);Considerando o texto apresentado, avalie as afirma...;[]
01/06/2026 10:33:43;admin;Alteração (Editou);Considerando a situação apresentada, assinale a al...;[]
01/06/2026 10:33:09;admin;Alteração (Editou);Considerando a tipologia familiar e a elaboração d...;"[{""changed"": {""fields"": [""Status""]}}]"
01/06/2026 10:32:31;admin;Alteração (Editou);Considerando o texto apresentado, avalie as afirma...;"[{""changed"": {""fields"": [""Status""]}}]"
01/06/2026 10:31:55;admin;Alteração (Editou);Considerando a situação apresentada, assinale a al...;"[{""changed"": {""fields"": [""Status""]}}]"
01/06/2026 10:30:24;admin;Alteração (Editou);Ao analisar o caso, a equipe pretende selecionar o...;"[{""changed"": {""fields"": [""Status"", ""Justificativa""]}}, {""changed"": {""name"": ""alternativa"", ""object"": ""Utilizar o ecomapa para descrever hereditariedade,"", ""fields"": [""Texto"", ""Eh correta""]}}, {""changed"": {""name"": ""alternativa"", ""object"": ""Utilizar o ecomapa para identificar redes de apoio"", ""fields"": [""Texto"", ""Eh correta""]}}]"
01/06/2026 10:28:31;admin;Alteração (Editou);Nesse caso, a ferramenta mais adequada para inicia...;"[{""changed"": {""fields"": [""Justificativa""]}}, {""changed"": {""name"": ""alternativa"", ""object"": ""Aplicar o P.R.A.C.T.I.C.E., organizando entrevista"", ""fields"": [""Texto"", ""Eh correta""]}}, {""changed"": {""name"": ""alternativa"", ""object"": ""Construir o GENOGRAMA, registrando composi\u00e7\u00e3o fami"", ""fields"": [""Texto"", ""Eh correta""]}}]"
01/06/2026 10:25:56;admin;Alteração (Editou);Nesse caso, a ferramenta mais adequada para inicia...;"[{""changed"": {""fields"": [""Status""]}}]"
01/06/2026 10:21:44;admin;Alteração (Editou);Considerando a família como sistema e os estágios ...;"[{""changed"": {""fields"": [""Status""]}}]"
01/06/2026 10:18:37;admin;Alteração (Editou);Qual é a melhor justificativa, do ponto de vista d...;[]
01/06/2026 09:56:43;admin;Alteração (Editou);Sobre o manejo e acompanhamento desse quadro, assi...;"[{""changed"": {""fields"": [""Uso prova""]}}]"
01/06/2026 09:56:26;admin;Alteração (Editou);A conduta indicada para essa paciente é:...;[]
01/06/2026 09:54:31;admin;Alteração (Editou);Considerando o quadro clínico e a fisiopatologia e...;[]
01/06/2026 09:52:51;admin;Alteração (Editou);Sobre o manejo e acompanhamento desse quadro, assi...;[]
01/06/2026 09:51:38;admin;Alteração (Editou);Com base no caso clínico, a conduta adequada é...;[]
01/06/2026 09:50:07;admin;Alteração (Editou);Considerando o quadro clínico apresentado, assinal...;"[{""changed"": {""fields"": [""Status""]}}]"
01/06/2026 09:49:04;admin;Alteração (Editou);Considerando o quadro clínico apresentado, assinal...;[]
01/06/2026 09:46:28;admin;Alteração (Editou);Considerando o objetivo terapêutico no caso aprese...;"[{""changed"": {""fields"": [""Status""]}}]"
01/06/2026 09:38:59;admin;Alteração (Editou);Qual é a conduta mais adequada neste momento?...;[]
01/06/2026 09:38:48;admin;Alteração (Editou);Qual é a conduta mais adequada neste momento?...;"[{""changed"": {""fields"": [""Status""]}}]"
01/06/2026 09:38:09;admin;Alteração (Editou);Diante deste quadro, qual é a conduta adequada par...;"[{""changed"": {""fields"": [""Status""]}}]"
01/06/2026 09:11:20;admin;Alteração (Editou);Assinale a alternativa mais adequada quanto à cond...;[]
01/06/2026 09:05:14;admin;Alteração (Editou);Diante desse paciente e baseado nas condutas preco...;[]
01/06/2026 09:02:42;admin;Alteração (Editou);Diante desse paciente e baseado nas condutas preco...;[]
01/06/2026 08:53:04;admin;Alteração (Editou);Diante deste quadro, qual é a conduta adequada par...;[]
01/06/2026 08:52:25;admin;Alteração (Editou);Com base nas recomendações atuais, além do encamin...;"[{""changed"": {""fields"": [""Status""]}}]"
01/06/2026 08:50:51;admin;Alteração (Editou);Considerando a necessidade de reduzir albuminúria ...;"[{""changed"": {""fields"": [""Status"", ""Texto base""]}}]"
01/06/2026 08:49:48;admin;Alteração (Editou);Qual alternativa traz o diagnóstico provável e a m...;"[{""changed"": {""fields"": [""Status""]}}, {""changed"": {""name"": ""alternativa"", ""object"": ""Nefropatia por IgA; iniciar IECA, restri\u00e7\u00e3o hidros"", ""fields"": [""Texto""]}}]"
01/06/2026 08:47:42;admin;Alteração (Editou);Qual alternativa associa corretamente a causa prov...;"[{""changed"": {""fields"": [""Status""]}}, {""changed"": {""name"": ""alternativa"", ""object"": ""S\u00edndrome nefr\u00f3tica por prov\u00e1vel glomerulopatia mem"", ""fields"": [""Texto""]}}]"
01/06/2026 08:34:12;admin;Alteração (Editou);No contexto da Comunicação Clínica (Protocolo SPIK...;[]
31/05/2026 11:25:56;admin;Alteração (Editou);Considerando o texto apresentado, avalie as afirma...;[]
31/05/2026 11:25:25;admin;Alteração (Editou);Considerando o texto apresentado, avalie as afirma...;[]
31/05/2026 11:24:03;admin;Alteração (Editou);Considerando o texto apresentado, avalie as afirma...;"[{""changed"": {""fields"": [""Comentario validacao""]}}]"
31/05/2026 11:19:17;admin;Alteração (Editou);Sobre o caso acima, marque o correto....;"[{""changed"": {""fields"": [""Status""]}}]"
31/05/2026 11:18:55;admin;Alteração (Editou);Sobre o caso acima, marque o correto....;"[{""changed"": {""fields"": [""Comentario validacao""]}}]"
31/05/2026 11:00:36;admin;Alteração (Editou);Sobre o caso acima, marque o correto....;[]
31/05/2026 10:59:17;admin;Alteração (Editou);Diante do exposto, marque a alternativa correta:...;[]
31/05/2026 10:48:27;admin;Alteração (Editou);Diante desse paciente e baseado nas condutas preco...;[]
31/05/2026 10:46:24;admin;Alteração (Editou);No contexto da regulação fisiológica do cálcio, qu...;"[{""changed"": {""fields"": [""Justificativa""]}}, {""changed"": {""name"": ""alternativa"", ""object"": ""Inibir osteoclastos por a\u00e7\u00e3o do paratorm\u00f4nio, redu"", ""fields"": [""Texto"", ""Eh correta""]}}, {""changed"": {""name"": ""alternativa"", ""object"": ""Ativar osteoclastos por a\u00e7\u00e3o do paratorm\u00f4nio, prom"", ""fields"": [""Texto"", ""Eh correta""]}}]"
31/05/2026 10:44:51;admin;Alteração (Editou);Com base no caso clínico, a conduta adequada é...;"[{""changed"": {""fields"": [""Status"", ""Justificativa""]}}]"
31/05/2026 10:43:09;admin;Alteração (Editou);Sobre o manejo e acompanhamento desse quadro, assi...;"[{""changed"": {""fields"": [""Status"", ""Justificativa""]}}]"
31/05/2026 10:41:26;admin;Alteração (Editou);A conduta indicada para essa paciente é:...;"[{""changed"": {""fields"": [""Status"", ""Justificativa""]}}, {""changed"": {""name"": ""alternativa"", ""object"": ""Artrodese vertebral corretiva."", ""fields"": [""Texto"", ""Eh correta""]}}, {""changed"": {""name"": ""alternativa"", ""object"": ""Observa\u00e7\u00e3o cl\u00ednica sem necessidade de interven\u00e7\u00e3o."", ""fields"": [""Texto"", ""Eh correta""]}}]"
31/05/2026 10:37:45;admin;Alteração (Editou);No contexto da regulação fisiológica do cálcio, qu...;"[{""changed"": {""fields"": [""Status"", ""Texto base"", ""Justificativa""]}}, {""changed"": {""name"": ""alternativa"", ""object"": ""Ativar osteoclastos por a\u00e7\u00e3o do paratorm\u00f4nio, prom"", ""fields"": [""Texto""]}}, {""changed"": {""name"": ""alternativa"", ""object"": ""Estimular osteoblastos por a\u00e7\u00e3o da calcitonina, au"", ""fields"": [""Texto""]}}, {""changed"": {""name"": ""alternativa"", ""object"": ""Inibir osteoclastos por a\u00e7\u00e3o do paratorm\u00f4nio, redu"", ""fields"": [""Texto""]}}, {""changed"": {""name"": ""alternativa"", ""object"": ""Reduzir osteoblastos por a\u00e7\u00e3o da calcitonina, dimi"", ""fields"": [""Texto""]}}]"
31/05/2026 10:32:40;admin;Alteração (Editou);Considerando o quadro clínico e os mecanismos fisi...;"[{""changed"": {""fields"": [""Status""]}}]"
31/05/2026 10:32:16;admin;Alteração (Editou);Considerando o quadro clínico e radiológico aprese...;"[{""changed"": {""name"": ""alternativa"", ""object"": ""Les\u00e3o do tipo I com acometimento isolado da placa "", ""fields"": [""Texto""]}}, {""changed"": {""name"": ""alternativa"", ""object"": ""Les\u00e3o do tipo II com extens\u00e3o da linha para a met\u00e1"", ""fields"": [""Texto""]}}, {""changed"": {""name"": ""alternativa"", ""object"": ""Les\u00e3o do tipo III com extens\u00e3o da linha para a ep\u00ed"", ""fields"": [""Texto""]}}, {""changed"": {""name"": ""alternativa"", ""object"": ""Les\u00e3o do tipo IV com acometimento da met\u00e1fise e da"", ""fields"": [""Texto""]}}]"
31/05/2026 10:31:32;admin;Alteração (Editou);Considerando o quadro clínico e os mecanismos fisi...;"[{""changed"": {""fields"": [""Texto base"", ""Justificativa""]}}, {""changed"": {""name"": ""alternativa"", ""object"": ""Estimular a atividade dos osteoclastos por a\u00e7\u00e3o do"", ""fields"": [""Texto""]}}, {""changed"": {""name"": ""alternativa"", ""object"": ""Reduzir a atividade dos osteoblastos por a\u00e7\u00e3o da c"", ""fields"": [""Texto""]}}, {""changed"": {""name"": ""alternativa"", ""object"": ""Aumentar a deposi\u00e7\u00e3o \u00f3ssea mediada por osteoclasto"", ""fields"": [""Texto""]}}, {""changed"": {""name"": ""alternativa"", ""object"": ""Inibir a reabsor\u00e7\u00e3o \u00f3ssea por osteoblastos sob a\u00e7\u00e3"", ""fields"": [""Texto""]}}]"
31/05/2026 10:27:41;admin;Alteração (Editou);Considerando o quadro clínico e radiológico aprese...;"[{""changed"": {""fields"": [""Status"", ""Texto base"", ""Justificativa""]}}, {""changed"": {""name"": ""alternativa"", ""object"": ""Classificar como les\u00e3o do tipo I com acometimento "", ""fields"": [""Texto""]}}, {""changed"": {""name"": ""alternativa"", ""object"": ""Classificar como les\u00e3o do tipo II com extens\u00e3o da "", ""fields"": [""Texto""]}}, {""changed"": {""name"": ""alternativa"", ""object"": ""Classificar como les\u00e3o do tipo III com extens\u00e3o da"", ""fields"": [""Texto""]}}, {""changed"": {""name"": ""alternativa"", ""object"": ""Classificar como les\u00e3o do tipo IV com acometimento"", ""fields"": [""Texto""]}}]"
31/05/2026 10:26:09;admin;Alteração (Editou);Com base na classificação de Salter-Harris e nas p...;"[{""changed"": {""fields"": [""Status"", ""Texto base"", ""Justificativa""]}}, {""changed"": {""name"": ""alternativa"", ""object"": ""Identificar como tipo I e associar a baixo risco d"", ""fields"": [""Texto""]}}, {""changed"": {""name"": ""alternativa"", ""object"": ""Identificar como tipo II e associar a risco interm"", ""fields"": [""Texto""]}}, {""changed"": {""name"": ""alternativa"", ""object"": ""Identificar como tipo III e associar a poss\u00edvel co"", ""fields"": [""Texto""]}}, {""changed"": {""name"": ""alternativa"", ""object"": ""Identificar como tipo V e associar a compress\u00e3o da"", ""fields"": [""Texto""]}}]"
31/05/2026 10:24:03;admin;Alteração (Editou);Considerando o quadro clínico e a regulação fisiol...;"[{""changed"": {""fields"": [""Status"", ""Texto base"", ""Justificativa""]}}, {""changed"": {""name"": ""alternativa"", ""object"": ""Redu\u00e7\u00e3o  da reabsor\u00e7\u00e3o \u00f3ssea por diminui\u00e7\u00e3o da ati"", ""fields"": [""Texto""]}}, {""changed"": {""name"": ""alternativa"", ""object"": ""Eleva\u00e7\u00e3o da deposi\u00e7\u00e3o \u00f3ssea por aumento da libera\u00e7"", ""fields"": [""Texto""]}}, {""changed"": {""name"": ""alternativa"", ""object"": ""Aumento da absor\u00e7\u00e3o intestinal de c\u00e1lcio por eleva"", ""fields"": [""Texto"", ""Eh correta""]}}, {""changed"": {""name"": ""alternativa"", ""object"": ""Diminui\u00e7\u00e3o da reabsor\u00e7\u00e3o renal de c\u00e1lcio por aus\u00ean"", ""fields"": [""Texto"", ""Eh correta""]}}]"
31/05/2026 10:09:24;admin;Alteração (Editou);Qual a terapia a ser recomendada para melhor suces...;"[{""changed"": {""fields"": [""Enunciado""]}}]"
31/05/2026 10:00:10;admin;Alteração (Editou);Assinale a alternativa que contém o achado semioló...;[]
31/05/2026 09:56:18;admin;Alteração (Editou);Qual é a melhor justificativa, do ponto de vista d...;"[{""changed"": {""fields"": [""Comentario validacao""]}}]"
31/05/2026 09:37:19;admin;Alteração (Editou);Sabendo que o paciente é portador de Doença Renal ...;"[{""changed"": {""fields"": [""Status"", ""Justificativa""]}}]"
31/05/2026 09:34:55;admin;Alteração (Editou);Qual o diagnóstico e a conduta correta?...;"[{""changed"": {""fields"": [""Status""]}}]"
31/05/2026 09:33:56;admin;Alteração (Editou);Qual o conjunto de medidas terapêuticas iniciais i...;"[{""changed"": {""fields"": [""Status"", ""Justificativa""]}}, {""changed"": {""name"": ""alternativa"", ""object"": ""Prescrever Plasma Fresco Congelado e Plaquetas ime"", ""fields"": [""Texto"", ""Eh correta""]}}, {""changed"": {""name"": ""alternativa"", ""object"": ""Ressuscita\u00e7\u00e3o vol\u00eamica parcimoniosa (meta de PAS ~"", ""fields"": [""Texto"", ""Eh correta""]}}]"
31/05/2026 09:30:23;admin;Alteração (Editou);Qual o manejo terapêutico inicial completo adequad...;[]
31/05/2026 09:30:12;admin;Alteração (Editou);O pico de fluxo expiratório (Peak Flow) é de 45% d...;"[{""changed"": {""fields"": [""Status"", ""Texto base"", ""Justificativa""]}}]"
31/05/2026 09:28:30;admin;Alteração (Editou);Qual o manejo terapêutico inicial completo adequad...;"[{""changed"": {""fields"": [""Status""]}}]"
31/05/2026 09:26:58;admin;Alteração (Editou);Qual o tipo de insuficiência respiratória e a cond...;"[{""changed"": {""fields"": [""Status"", ""Justificativa""]}}, {""changed"": {""name"": ""alternativa"", ""object"": ""Insufici\u00eancia respirat\u00f3ria tipo I; realizar bronco"", ""fields"": [""Texto"", ""Eh correta""]}}, {""changed"": {""name"": ""alternativa"", ""object"": ""Insufici\u00eancia respirat\u00f3ria tipo II (hipercapnica) "", ""fields"": [""Texto"", ""Eh correta""]}}]"
31/05/2026 09:16:29;admin;Alteração (Editou);Considerando a auriculoterapia na Atenção Primária...;"[{""changed"": {""fields"": [""Status"", ""Texto base"", ""Enunciado""]}}]"
31/05/2026 09:05:40;admin;Alteração (Editou);Sobre o uso da pontuação para o diagnóstico de tub...;[]
31/05/2026 09:02:22;admin;Alteração (Editou);Diante do exposto, marque a alternativa correta:...;[]
31/05/2026 08:54:03;admin;Alteração (Editou);Sobre o uso da pontuação para o diagnóstico de tub...;[]
31/05/2026 08:53:29;admin;Alteração (Editou);Diante do exposto, marque a alternativa correta:...;[]
30/05/2026 09:04:59;admin;Alteração (Editou);Considerando o caso clínico apresentado, assinale ...;[]
30/05/2026 09:04:04;admin;Alteração (Editou);Considerando o caso clínico apresentado, assinale ...;[]
30/05/2026 09:02:13;admin;Alteração (Editou);Considerando as repercussões fisiopatológicas asso...;[]
30/05/2026 08:53:36;admin;Alteração (Editou);Considerando as repercussões fisiopatológicas asso...;[]
30/05/2026 08:51:41;admin;Alteração (Editou);Sobre essa condição, podemos afirmar:...;[]
30/05/2026 08:39:36;admin;Alteração (Editou);Sobre essa condição, podemos afirmar:...;[]
30/05/2026 08:34:50;admin;Alteração (Editou);Sobre a síndrome da dependência química podemos af...;[]
30/05/2026 08:30:11;admin;Alteração (Editou);Qual é a conduta mais adequada para essa paciente ...;[]
30/05/2026 08:28:55;admin;Alteração (Editou);Qual é a conduta mais adequada para essa paciente ...;[]
30/05/2026 08:26:26;admin;Alteração (Editou);Qual alternativa apresenta a interpretação diagnós...;[]
30/05/2026 08:21:37;admin;Alteração (Editou);Qual é a conduta mais adequada para essa paciente ...;[]
30/05/2026 08:12:48;admin;Alteração (Editou);Considerando a auriculoterapia na Atenção Primária...;[]
29/05/2026 18:45:19;admin;Alteração (Editou);Qual é a melhor justificativa, do ponto de vista d...;"[{""changed"": {""fields"": [""Status""]}}]"
29/05/2026 18:45:07;admin;Alteração (Editou);Qual é a melhor justificativa, do ponto de vista d...;"[{""changed"": {""fields"": [""Comentario validacao""]}}]"
29/05/2026 18:30:35;admin;Alteração (Editou);Qual é a melhor justificativa, do ponto de vista d...;[]
29/05/2026 18:26:09;admin;Alteração (Editou);Considerando o processo de raciocínio clínico e a ...;"[{""changed"": {""fields"": [""Justificativa""]}}, {""changed"": {""name"": ""alternativa"", ""object"": ""Aplica heur\u00edsticas de disponibilidade baseadas em "", ""fields"": [""Texto"", ""Eh correta""]}}, {""changed"": {""name"": ""alternativa"", ""object"": ""Utiliza a preval\u00eancia da doen\u00e7a no territ\u00f3rio para"", ""fields"": [""Texto"", ""Eh correta""]}}]"
29/05/2026 18:24:14;admin;Alteração (Editou);Considerando os componentes fundamentais do Método...;"[{""changed"": {""fields"": [""Status""]}}]"
29/05/2026 18:23:46;admin;Alteração (Editou);Considerando os componentes fundamentais do Método...;"[{""changed"": {""fields"": [""Justificativa""]}}, {""changed"": {""name"": ""alternativa"", ""object"": ""Focar na aplica\u00e7\u00e3o da preven\u00e7\u00e3o quatern\u00e1ria, retir"", ""fields"": [""Texto"", ""Eh correta""]}}, {""changed"": {""name"": ""alternativa"", ""object"": ""Explorar a experi\u00eancia da enfermidade (sentimentos"", ""fields"": [""Texto"", ""Eh correta""]}}]"
29/05/2026 18:21:37;admin;Alteração (Editou);No contexto da aplicação integrada do 3º passo ('P...;"[{""changed"": {""fields"": [""Tipo questao"", ""Status""]}}]"
29/05/2026 18:19:15;admin;Alteração (Editou);Considerando o cenário descrito e os preceitos de ...;"[{""changed"": {""fields"": [""Status""]}}]"
29/05/2026 18:18:12;admin;Alteração (Editou);Considerando o cenário descrito e os preceitos de ...;"[{""changed"": {""fields"": [""Tipo questao""]}}]"
29/05/2026 18:17:51;admin;Alteração (Editou);Considerando as boas práticas de registro em pront...;"[{""changed"": {""fields"": [""Tipo questao"", ""Status""]}}]"
29/05/2026 18:15:50;admin;Alteração (Editou);Considerando o processo de raciocínio clínico e a ...;"[{""changed"": {""fields"": [""Status""]}}]"
29/05/2026 18:15:40;admin;Alteração (Editou);Considerando o processo de raciocínio clínico e a ...;"[{""changed"": {""fields"": [""Tipo questao""]}}]"
29/05/2026 18:13:58;admin;Alteração (Editou);Considerando a metodologia do RMOP e os achados re...;[]
29/05/2026 18:13:42;admin;Alteração (Editou);Considerando a aplicação do Método Clínico Centrad...;"[{""changed"": {""fields"": [""Status""]}}]"
29/05/2026 18:13:25;admin;Alteração (Editou);Considerando a aplicação do Método Clínico Centrad...;"[{""changed"": {""fields"": [""Tipo questao""]}}]"
29/05/2026 18:11:49;admin;Alteração (Editou);Considerando a metodologia do RMOP e os achados re...;"[{""changed"": {""fields"": [""Tipo questao"", ""Status""]}}]"
29/05/2026 18:01:40;admin;Alteração (Editou);Considerando a principal hipótese diagnóstica para...;"[{""changed"": {""fields"": [""Status""]}}]"
29/05/2026 18:01:26;admin;Alteração (Editou);Considerando a principal hipótese diagnóstica para...;[]
29/05/2026 18:00:39;admin;Alteração (Editou);Considerando os elementos clínicos descritos, a ca...;"[{""changed"": {""fields"": [""Status""]}}]"
29/05/2026 17:59:41;admin;Alteração (Editou);Considerando os achados clínicos apresentados, qua...;"[{""changed"": {""fields"": [""Status""]}}]"
29/05/2026 17:58:49;admin;Alteração (Editou);Considerando a hipótese diagnóstica de lombociatal...;"[{""changed"": {""fields"": [""Status""]}}]"
29/05/2026 17:57:41;admin;Alteração (Editou);Assinale a alternativa que contém o achado semioló...;"[{""changed"": {""fields"": [""Status"", ""Texto base"", ""Enunciado"", ""Comentario validacao""]}}]"
29/05/2026 17:53:20;admin;Alteração (Editou);Qual manobra semiológica foi fundamental para iden...;"[{""changed"": {""fields"": [""Status""]}}]"
29/05/2026 17:52:38;admin;Alteração (Editou);Qual manobra semiológica avalia especificamente a ...;"[{""changed"": {""fields"": [""Status""]}}]"
29/05/2026 17:51:59;admin;Alteração (Editou);Qual modalidade sensitiva encontra-se mais provave...;"[{""changed"": {""fields"": [""Status"", ""Justificativa""]}}, {""changed"": {""name"": ""alternativa"", ""object"": ""Sensibilidade t\u00e1til protop\u00e1tica."", ""fields"": [""Texto"", ""Eh correta""]}}, {""changed"": {""name"": ""alternativa"", ""object"": ""Sensibilidade vibrat\u00f3ria e proprioceptiva."", ""fields"": [""Texto"", ""Eh correta""]}}]"
29/05/2026 17:51:22;admin;Alteração (Editou);Qual manobra semiológica foi descrita no exame fís...;"[{""changed"": {""fields"": [""Status""]}}]"
29/05/2026 17:50:37;admin;Alteração (Editou);Qual achado semiológico corresponde ao estímulo pl...;"[{""changed"": {""fields"": [""Status""]}}]"
29/05/2026 17:48:16;admin;Alteração (Editou);Considerando o caso, a conduta inicial adequada é:...;[]
29/05/2026 17:44:53;admin;Alteração (Editou);Considerando o caso, assinale a conduta adequada....;[]
29/05/2026 17:44:23;admin;Alteração (Editou);Qual é a conduta adequada?...;[]
29/05/2026 17:43:43;admin;Alteração (Editou);Sobre o uso da pontuação para o diagnóstico de tub...;"[{""changed"": {""fields"": [""Comentario validacao""]}}, {""changed"": {""name"": ""alternativa"", ""object"": ""O sistema de pontua\u00e7\u00e3o estima a probabilidade de t"", ""fields"": [""Texto""]}}, {""changed"": {""name"": ""alternativa"", ""object"": ""Escore de 30 a 35 pontos indicam tuberculose muito"", ""fields"": [""Texto""]}}]"
29/05/2026 17:41:06;admin;Alteração (Editou);Diante do exposto, marque a alternativa correta:...;[]
29/05/2026 17:39:57;admin;Alteração (Editou);Qual o tipo de insuficiência respiratória e a cond...;[]
29/05/2026 17:39:53;admin;Alteração (Editou);Qual o tipo de insuficiência respiratória e a cond...;"[{""changed"": {""fields"": [""Texto base""]}}, {""changed"": {""name"": ""alternativa"", ""object"": ""Insufici\u00eancia respirat\u00f3ria tipo I; realizar bronco"", ""fields"": [""Texto""]}}]"
29/05/2026 17:37:23;admin;Alteração (Editou);Considerando as repercussões fisiopatológicas asso...;"[{""changed"": {""fields"": [""Comentario validacao""]}}]"
29/05/2026 17:35:21;admin;Alteração (Editou);Considerando as repercussões fisiopatológicas asso...;"[{""changed"": {""fields"": [""Enunciado""]}}]"
29/05/2026 17:04:43;admin;Alteração (Editou);Considerando o caso clínico apresentado, assinale ...;[]
29/05/2026 17:03:09;admin;Alteração (Editou);Considerando as repercussões fisiopatológicas asso...;[]
29/05/2026 17:03:06;admin;Alteração (Editou);Considerando as repercussões fisiopatológicas asso...;[]
29/05/2026 16:59:10;admin;Alteração (Editou);Assinale a alternativa mais adequada quanto à cond...;"[{""changed"": {""fields"": [""Status""]}}]"
29/05/2026 16:58:37;admin;Alteração (Editou);Para realizar um tratamento adequado do caso, qual...;[]
29/05/2026 16:58:19;admin;Alteração (Editou);Assinale a alternativa mais adequada quanto com re...;[]
29/05/2026 16:58:07;admin;Alteração (Editou);Assinale a alternativa mais adequada quanto com re...;[]
29/05/2026 16:57:44;admin;Alteração (Editou);Assinale a alternativa mais adequada quanto com re...;[]
29/05/2026 16:57:27;admin;Alteração (Editou);Baseado no enunciado acima, qual a alternativa cor...;[]
29/05/2026 16:57:13;admin;Alteração (Editou);Diante do quadro apresentado e segundo os guidelin...;[]
29/05/2026 16:56:58;admin;Alteração (Editou);Qual das seguintes condutas está mais alinhada aos...;[]
29/05/2026 16:56:40;admin;Alteração (Editou);Baseado no enunciado acima, qual a alternativa cor...;[]
29/05/2026 16:55:20;admin;Alteração (Editou);Diante desse paciente e baseado nas condutas preco...;"[{""changed"": {""fields"": [""Status""]}}]"
29/05/2026 16:54:27;admin;Alteração (Editou);Diante desse paciente e baseado nas condutas preco...;[]
29/05/2026 16:53:27;admin;Alteração (Editou);Segundo os guidelines atuais de trauma urológico, ...;[]
29/05/2026 16:52:56;admin;Alteração (Editou);Baseado no enunciado acima, qual a alternativa cor...;[]
29/05/2026 16:51:58;admin;Alteração (Editou);Diante de um possível quadro de trauma de testícul...;[]
29/05/2026 16:46:55;admin;Alteração (Editou);À luz da NR-32, da Política Nacional de Saúde do T...;"[{""changed"": {""name"": ""alternativa"", ""object"": ""As asser\u00e7\u00f5es I e II s\u00e3o proposi\u00e7\u00f5es verdadeiras, e"", ""fields"": [""Texto""]}}, {""changed"": {""name"": ""alternativa"", ""object"": ""As asser\u00e7\u00f5es I e II s\u00e3o proposi\u00e7\u00f5es verdadeiras, m"", ""fields"": [""Texto""]}}, {""changed"": {""name"": ""alternativa"", ""object"": ""A asser\u00e7\u00e3o I \u00e9 uma proposi\u00e7\u00e3o verdadeira, e a II \u00e9"", ""fields"": [""Texto""]}}, {""changed"": {""name"": ""alternativa"", ""object"": ""A asser\u00e7\u00e3o I \u00e9 uma proposi\u00e7\u00e3o falsa, e a II \u00e9 uma "", ""fields"": [""Texto""]}}, {""changed"": {""name"": ""alternativa"", ""object"": ""As asser\u00e7\u00f5es I e II s\u00e3o proposi\u00e7\u00f5es falsas."", ""fields"": [""Texto""]}}]"
29/05/2026 16:45:30;admin;Alteração (Editou);À luz da NR-32, da Política Nacional de Saúde do T...;"[{""changed"": {""fields"": [""Status"", ""Texto base"", ""Enunciado"", ""Proposicao dois""]}}]"
29/05/2026 16:42:28;admin;Alteração (Editou);À luz das Normas Regulamentadoras, do Programa de ...;"[{""changed"": {""fields"": [""Status"", ""Texto base"", ""Enunciado""]}}, {""changed"": {""name"": ""alternativa"", ""object"": ""As asser\u00e7\u00f5es I e II s\u00e3o proposi\u00e7\u00f5es verdadeiras, e"", ""fields"": [""Texto""]}}, {""changed"": {""name"": ""alternativa"", ""object"": ""As asser\u00e7\u00f5es I e II s\u00e3o proposi\u00e7\u00f5es verdadeiras, m"", ""fields"": [""Texto""]}}, {""changed"": {""name"": ""alternativa"", ""object"": ""A asser\u00e7\u00e3o I \u00e9 uma proposi\u00e7\u00e3o verdadeira, e a II \u00e9"", ""fields"": [""Texto""]}}, {""changed"": {""name"": ""alternativa"", ""object"": ""A asser\u00e7\u00e3o I \u00e9 uma proposi\u00e7\u00e3o falsa, e a II \u00e9 uma "", ""fields"": [""Texto""]}}]"
29/05/2026 11:27:47;admin;Alteração (Editou);Qual o diagnóstico e a conduta correta?...;[]
29/05/2026 11:26:44;admin;Alteração (Editou);Qual o conjunto de medidas terapêuticas iniciais i...;[]
29/05/2026 11:26:39;admin;Alteração (Editou);Qual o conjunto de medidas terapêuticas iniciais i...;"[{""changed"": {""name"": ""alternativa"", ""object"": ""Ressuscita\u00e7\u00e3o vol\u00eamica parcimoniosa (meta de PAS ~"", ""fields"": [""Eh correta""]}}]"
28/05/2026 23:41:22;admin;Alteração (Editou);Considerando o diagnóstico mais provável para o ca...;[]
28/05/2026 23:40:41;admin;Alteração (Editou);Considerando o diagnóstico mais provável para o ca...;"[{""changed"": {""fields"": [""Status""]}}]"
28/05/2026 23:39:51;admin;Alteração (Editou);Considerando o diagnóstico mais provável para o ca...;"[{""changed"": {""fields"": [""Enunciado""]}}]"
28/05/2026 23:37:58;admin;Alteração (Editou);Considerando o diagnóstico mais provável para o ca...;"[{""changed"": {""fields"": [""Texto base""]}}]"
28/05/2026 23:36:55;admin;Alteração (Editou);Considerando o diagnóstico mais provável para o ca...;"[{""changed"": {""fields"": [""Enunciado""]}}]"
28/05/2026 23:35:16;admin;Alteração (Editou);Considerando o diagnóstico mais provável para o ca...;"[{""changed"": {""fields"": [""Enunciado"", ""Justificativa""]}}, {""changed"": {""name"": ""alternativa"", ""object"": ""Solicitar dosagem do fatores de von Willebrand e V"", ""fields"": [""Texto""]}}, {""changed"": {""name"": ""alternativa"", ""object"": ""Solicitar dosagem dos fatores VIII e IX"", ""fields"": [""Texto""]}}, {""changed"": {""name"": ""alternativa"", ""object"": ""Solicitar dosagem dos fatores de von Willebrand e "", ""fields"": [""Texto""]}}, {""changed"": {""name"": ""alternativa"", ""object"": ""Solicitar dosagem dos fatores  IX e X"", ""fields"": [""Texto""]}}]"
28/05/2026 23:01:01;admin;Alteração (Editou);Considerando o diagnóstico mais provável para o ca...;"[{""changed"": {""fields"": [""Texto base""]}}]"
28/05/2026 22:53:37;admin;Alteração (Editou);Considerando a regra de Landsteiner e a compatibil...;"[{""changed"": {""fields"": [""Status"", ""Texto base""]}}, {""changed"": {""name"": ""alternativa"", ""object"": ""Concentrado de hem\u00e1cias do grupo O, apenas, devido"", ""fields"": [""Texto""]}}]"
28/05/2026 22:49:47;admin;Alteração (Editou);Considerando o diagnóstico mais provável para o ca...;"[{""changed"": {""fields"": [""Texto base""]}}]"
28/05/2026 22:42:53;admin;Alteração (Editou);Qual justificativa contraindica essa conduta na au...;"[{""changed"": {""fields"": [""Status"", ""Texto base""]}}]"
28/05/2026 22:41:08;admin;Alteração (Editou);Considerando a principal hipótese diagnóstica e os...;"[{""changed"": {""fields"": [""Status""]}}]"
28/05/2026 22:40:43;admin;Alteração (Editou);Considerando a principal hipótese diagnóstica e os...;"[{""changed"": {""fields"": [""Texto base""]}}]"
28/05/2026 22:39:25;admin;Alteração (Editou);De acordo com os critérios diagnósticos da princip...;"[{""changed"": {""fields"": [""Status""]}}]"
28/05/2026 22:38:19;admin;Alteração (Editou);De acordo com os critérios diagnósticos da princip...;"[{""changed"": {""fields"": [""Texto base""]}}]"
28/05/2026 22:37:05;admin;Alteração (Editou);Considerando a principal hipótese diagnóstica, o m...;"[{""changed"": {""fields"": [""Status""]}}]"
28/05/2026 22:36:26;admin;Alteração (Editou);Considerando a principal hipótese diagnóstica, o m...;"[{""changed"": {""fields"": [""Texto base""]}}]"
28/05/2026 22:34:48;admin;Alteração (Editou);Considerando que o agente etiológico mais provável...;[]
28/05/2026 22:34:08;admin;Alteração (Editou);Considerando as repercussões fisiopatológicas asso...;"[{""changed"": {""fields"": [""Status""]}}]"
28/05/2026 22:33:34;admin;Alteração (Editou);Considerando as repercussões fisiopatológicas asso...;[]
28/05/2026 22:33:33;admin;Alteração (Editou);Considerando as repercussões fisiopatológicas asso...;"[{""changed"": {""fields"": [""Enunciado""]}}]"
28/05/2026 22:21:24;admin;Alteração (Editou);Considerando que o agente etiológico mais provável...;"[{""changed"": {""fields"": [""Status""]}}]"
28/05/2026 16:46:34;admin;Alteração (Editou);Considerando o texto apresentado, avalie as afirma...;"[{""changed"": {""fields"": [""Status""]}}]"
28/05/2026 16:44:18;admin;Alteração (Editou);Considerando o texto apresentado, avalie as afirma...;"[{""changed"": {""fields"": [""Status""]}}]"
28/05/2026 16:33:20;admin;Alteração (Editou);Diante do cenário apresentado, assinale a opção qu...;[]
28/05/2026 16:32:44;admin;Alteração (Editou);Considerando o caso apresentado e os princípios da...;"[{""changed"": {""fields"": [""Status"", ""Texto base"", ""Enunciado""]}}, {""added"": {""name"": ""alternativa"", ""object"": ""V. A incorpora\u00e7\u00e3o de determinantes ambientais na a""}}, {""changed"": {""name"": ""alternativa"", ""object"": ""I. A investiga\u00e7\u00e3o de determinantes ambientais rela"", ""fields"": [""Texto"", ""Eh correta""]}}, {""changed"": {""name"": ""alternativa"", ""object"": ""II. A abordagem da sa\u00fade planet\u00e1ria reconhece que "", ""fields"": [""Texto"", ""Eh correta""]}}, {""changed"": {""name"": ""alternativa"", ""object"": ""III. A atua\u00e7\u00e3o m\u00e9dica na Aten\u00e7\u00e3o Prim\u00e1ria pode inc"", ""fields"": [""Texto"", ""Eh correta""]}}, {""changed"": {""name"": ""alternativa"", ""object"": ""IV. O monitoramento epidemiol\u00f3gico de doen\u00e7as rela"", ""fields"": [""Texto"", ""Eh correta""]}}]"
28/05/2026 16:26:47;admin;Alteração (Editou);Em reunião interdisciplinar, a equipe discutiu est...;[]
28/05/2026 16:24:20;admin;Alteração (Editou);Em reunião interdisciplinar, a equipe discutiu est...;[]
28/05/2026 16:22:36;admin;Alteração (Editou);Considerando o caso apresentado e os princípios re...;"[{""changed"": {""fields"": [""Enunciado"", ""Comentario validacao""]}}]"
28/05/2026 16:13:17;admin;Alteração (Editou);Considerando o caso apresentado e os princípios re...;"[{""changed"": {""fields"": [""Tipo questao"", ""Status"", ""Texto base""]}}, {""added"": {""name"": ""alternativa"", ""object"": ""V. O dom\u00ednio de hard skills t\u00e9cnicas elimina a nec""}}, {""changed"": {""name"": ""alternativa"", ""object"": ""I. O desenvolvimento de soft skills, como comunica"", ""fields"": [""Texto"", ""Eh correta""]}}, {""changed"": {""name"": ""alternativa"", ""object"": ""II. O conceito de branding profissional m\u00e9dico env"", ""fields"": [""Texto""]}}, {""changed"": {""name"": ""alternativa"", ""object"": ""III. A resid\u00eancia m\u00e9dica representa importante est"", ""fields"": [""Texto""]}}, {""changed"": {""name"": ""alternativa"", ""object"": ""IV. O modelo de gest\u00e3o baseada em valor em sa\u00fade p"", ""fields"": [""Texto""]}}]"
28/05/2026 16:04:56;admin;Alteração (Editou);Diante do cenário apresentado, assinale a opção qu...;"[{""changed"": {""fields"": [""Status""]}}, {""changed"": {""name"": ""alternativa"", ""object"": ""Considerar a sa\u00fade planet\u00e1ria, articular a vigil\u00e2n"", ""fields"": [""Texto""]}}, {""changed"": {""name"": ""alternativa"", ""object"": ""Priorizar a assist\u00eancia ambulatorial, controle far"", ""fields"": [""Texto""]}}, {""changed"": {""name"": ""alternativa"", ""object"": ""Dar resposta hospitalar, triagem respirat\u00f3ria, est"", ""fields"": [""Texto""]}}, {""changed"": {""name"": ""alternativa"", ""object"": ""Aplicar avalia\u00e7\u00e3o ocupacional, afastamento laboral"", ""fields"": [""Texto""]}}]"
28/05/2026 15:55:37;admin;Alteração (Editou);Assinale a opção que melhor interpreta o processo ...;[]
28/05/2026 15:55:03;admin;Alteração (Editou);Assinale a opção que melhor interpreta o processo ...;"[{""changed"": {""fields"": [""Status""]}}, {""changed"": {""name"": ""alternativa"", ""object"": ""Caracterizar o quadro como sa\u00fade global, relaciona"", ""fields"": [""Texto""]}}, {""changed"": {""name"": ""alternativa"", ""object"": ""Caracterizar o quadro como sa\u00fade \u00fanica, relacionan"", ""fields"": [""Texto""]}}, {""changed"": {""name"": ""alternativa"", ""object"": ""Caracterizar o quadro como sindemia, relacionando "", ""fields"": [""Texto""]}}, {""changed"": {""name"": ""alternativa"", ""object"": ""Caracterizar o quadro como sa\u00fade planet\u00e1ria, relac"", ""fields"": [""Texto""]}}]"
28/05/2026 15:53:24;admin;Alteração (Editou);Qual é o alvo imunológico central e específico ger...;"[{""changed"": {""fields"": [""Status""]}}]"
28/05/2026 15:50:54;admin;Alteração (Editou);Qual é a melhor combinação de drogas para indução ...;"[{""changed"": {""fields"": [""Status""]}}]"
28/05/2026 15:50:15;admin;Alteração (Editou);Qual é a atitude mais adequada nesse momento?...;[]
28/05/2026 15:50:12;admin;Alteração (Editou);Qual é a atitude mais adequada nesse momento?...;"[{""changed"": {""fields"": [""Status"", ""Justificativa""]}}, {""changed"": {""name"": ""alternativa"", ""object"": ""Suspender a ventila\u00e7\u00e3o e aguardar a recupera\u00e7\u00e3o es"", ""fields"": [""Texto""]}}, {""changed"": {""name"": ""alternativa"", ""object"": ""Interromper imediatamente a laringoscopia, oxigena"", ""fields"": [""Texto""]}}]"
28/05/2026 15:48:58;admin;Alteração (Editou);Qual é a atitude mais adequada nesse momento?...;"[{""changed"": {""fields"": [""Justificativa""]}}, {""changed"": {""name"": ""alternativa"", ""object"": ""Suspender a ventila\u00e7\u00e3o e aguardar a recupera\u00e7\u00e3o es"", ""fields"": [""Texto""]}}, {""changed"": {""name"": ""alternativa"", ""object"": ""Interromper a laringoscopia, oxigenar com m\u00e1scara "", ""fields"": [""Texto""]}}, {""changed"": {""name"": ""alternativa"", ""object"": ""Prosseguir com a intuba\u00e7\u00e3o rapidamente, desprezand"", ""fields"": [""Texto""]}}]"
28/05/2026 15:46:36;admin;Alteração (Editou);Qual é a melhor conduta do médico da UBS nesse cas...;"[{""changed"": {""fields"": [""Status"", ""Texto base"", ""Enunciado"", ""Justificativa""]}}, {""changed"": {""name"": ""alternativa"", ""object"": ""Prescrever opioides fortes de forma rotineira (ex."", ""fields"": [""Texto"", ""Eh correta""]}}, {""changed"": {""name"": ""alternativa"", ""object"": ""Iniciar tratamento conservador com hidrata\u00e7\u00e3o oral"", ""fields"": [""Texto"", ""Eh correta""]}}]"
28/05/2026 15:43:23;admin;Alteração (Editou);Nas alternativas abaixo, qual representa a melhor ...;"[{""changed"": {""fields"": [""Status""]}}]"
28/05/2026 15:41:23;admin;Alteração (Editou);Nas alternativas abaixo, qual representa a melhor ...;[]
28/05/2026 15:41:02;admin;Alteração (Editou);Nas alternativas abaixo, qual representa a melhor ...;"[{""changed"": {""fields"": [""Status""]}}]"
28/05/2026 15:36:15;admin;Alteração (Editou);Qual é a melhor justificativa, do ponto de vista d...;[]
28/05/2026 15:08:10;admin;Alteração (Editou);Qual das alternativas descreve corretamente a mano...;"[{""changed"": {""fields"": [""Status""]}}]"
28/05/2026 15:04:07;admin;Alteração (Editou);Sobre essa condição, podemos afirmar:...;[]
28/05/2026 14:55:24;admin;Alteração (Editou);Considerando que a UBS é um serviço estratégico pa...;"[{""changed"": {""fields"": [""Status"", ""Justificativa""]}}]"
28/05/2026 14:51:34;admin;Alteração (Editou);Considerando a auriculoterapia na Atenção Primária...;[]
28/05/2026 14:49:50;admin;Alteração (Editou);Considerando o caso apresentado e os princípios do...;[]
28/05/2026 14:41:18;admin;Alteração (Editou);Sobre essa condição, podemos afirmar:...;[]
28/05/2026 14:38:46;admin;Alteração (Editou);Sobre a síndrome da dependência química podemos af...;"[{""changed"": {""fields"": [""Status"", ""Comentario validacao""]}}]"
28/05/2026 14:29:23;admin;Alteração (Editou);Sobre a síndrome da dependência química podemos af...;[]
28/05/2026 14:27:11;admin;Alteração (Editou);Sobre essa condição, podemos afirmar:...;[]
28/05/2026 14:25:28;admin;Alteração (Editou);Sobre essa condição, podemos afirmar:...;[]
28/05/2026 14:25:06;admin;Alteração (Editou);Sobre a síndrome da dependência química podemos af...;[]
28/05/2026 14:24:29;admin;Alteração (Editou);Considerando a auriculoterapia na Atenção Primária...;[]
28/05/2026 14:23:31;admin;Alteração (Editou);Considerando a auriculoterapia na Atenção Primária...;[]
28/05/2026 14:21:32;admin;Alteração (Editou);Considerando o cenário clínico detalhado e os meca...;"[{""changed"": {""fields"": [""Status""]}}]"
28/05/2026 14:19:38;admin;Alteração (Editou);Qual princípio de tratamento sistêmico é o mais in...;"[{""changed"": {""fields"": [""Status""]}}]"
28/05/2026 14:19:24;admin;Alteração (Editou);Qual princípio de tratamento sistêmico é o mais in...;[]
28/05/2026 14:17:10;admin;Alteração (Editou);Considerando os eventos adversos tardios do tratam...;"[{""changed"": {""fields"": [""Status""]}}]"
28/05/2026 14:12:20;admin;Alteração (Editou);Considerando o quadro clínico e a fisiopatologia e...;"[{""changed"": {""fields"": [""Status""]}}]"
28/05/2026 14:06:39;admin;Alteração (Editou);Considerando o quadro clínico e os achados tomográ...;"[{""changed"": {""fields"": [""Status""]}}]"
28/05/2026 14:04:30;admin;Alteração (Editou);Considerando as repercussões fisiopatológicas asso...;[]
28/05/2026 14:01:45;admin;Alteração (Editou);Considerando que o agente etiológico mais provável...;[]
28/05/2026 13:49:40;admin;Alteração (Editou);Considerando o quadro clínico apresentado, assinal...;"[{""changed"": {""fields"": [""Status""]}}]"
28/05/2026 13:36:03;admin;Alteração (Editou);Considerando o caso clínico apresentado, assinale ...;"[{""changed"": {""fields"": [""Status"", ""Comentario validacao""]}}]"
28/05/2026 12:31:37;admin;Alteração (Editou);Considerando as repercussões clínicas da hipertrof...;[]
28/05/2026 12:30:11;admin;Alteração (Editou);Considerando as repercussões clínicas da hipertrof...;"[{""changed"": {""fields"": [""Status"", ""Justificativa""]}}, {""changed"": {""name"": ""alternativa"", ""object"": ""Abscesso peritonsilar e epis\u00f3dios recorrentes de t"", ""fields"": [""Texto"", ""Eh correta""]}}, {""changed"": {""name"": ""alternativa"", ""object"": ""Cor pulmonale secund\u00e1rio \u00e0 obstru\u00e7\u00e3o cr\u00f4nica das v"", ""fields"": [""Texto"", ""Eh correta""]}}]"
28/05/2026 12:28:39;admin;Alteração (Editou);Considerando o quadro clínico, os diagnósticos dif...;"[{""changed"": {""fields"": [""Status""]}}]"
28/05/2026 12:27:11;admin;Alteração (Editou);Considerando que o quadro clínico apresentado é co...;"[{""changed"": {""fields"": [""Status""]}}]"
28/05/2026 12:24:57;admin;Alteração (Editou);Considerando o quadro clínico e a associação etiol...;"[{""changed"": {""fields"": [""Status"", ""Justificativa""]}}, {""changed"": {""name"": ""alternativa"", ""object"": ""Epstein-Barr v\u00edrus (EBV)"", ""fields"": [""Texto"", ""Eh correta""]}}, {""changed"": {""name"": ""alternativa"", ""object"": ""Papilomav\u00edrus humano (HPV)"", ""fields"": [""Texto""]}}, {""changed"": {""name"": ""alternativa"", ""object"": ""V\u00edrus da imunodefici\u00eancia humana (HIV)"", ""fields"": [""Texto"", ""Eh correta""]}}]"
28/05/2026 12:22:16;admin;Alteração (Editou);Considerando o quadro clínico e o achado videolari...;"[{""changed"": {""fields"": [""Status""]}}]"
28/05/2026 12:19:06;admin;Alteração (Editou);Considerando o diagnóstico mais provável para o qu...;[]
28/05/2026 12:18:51;admin;Alteração (Editou);Com base no cenário clínico apresentado e nas dire...;"[{""changed"": {""fields"": [""Status""]}}]"
28/05/2026 12:16:37;admin;Alteração (Editou);Considerando o diagnóstico mais provável para o qu...;"[{""changed"": {""fields"": [""Status"", ""Justificativa""]}}, {""changed"": {""name"": ""alternativa"", ""object"": ""Solicitar tomografia de coer\u00eancia \u00f3ptica (OCT) de "", ""fields"": [""Texto"", ""Eh correta""]}}, {""changed"": {""name"": ""alternativa"", ""object"": ""Encaminhar o paciente para avalia\u00e7\u00e3o oftalmol\u00f3gica"", ""fields"": [""Texto"", ""Eh correta""]}}]"
28/05/2026 12:13:52;admin;Alteração (Editou);Considerando o quadro clínico e a integração entre...;"[{""changed"": {""fields"": [""Status"", ""Justificativa""]}}, {""changed"": {""name"": ""alternativa"", ""object"": ""Suspender imediatamente a Hidroxicloroquina, relac"", ""fields"": [""Texto"", ""Eh correta""]}}, {""changed"": {""name"": ""alternativa"", ""object"": ""Diagnosticar Ceratoconjuntivite Sicca secund\u00e1ria, "", ""fields"": [""Texto"", ""Eh correta""]}}]"
28/05/2026 12:11:00;admin;Alteração (Editou);Considerando o quadro clínico e a integração entre...;[]
28/05/2026 12:10:42;admin;Alteração (Editou);Considerando o quadro clínico e a integração entre...;[]
28/05/2026 12:08:14;admin;Alteração (Editou);Considerando os achados clínicos e o perfil de ris...;[]
28/05/2026 12:07:49;admin;Alteração (Editou);Considerando os achados clínicos e o perfil de ris...;"[{""changed"": {""fields"": [""Status""]}}]"
28/05/2026 12:06:08;admin;Alteração (Editou);Diante da principal hipótese diagnóstica para este...;[]
28/05/2026 12:05:23;admin;Alteração (Editou);Diante da principal hipótese diagnóstica para este...;"[{""changed"": {""fields"": [""Status""]}}]"
28/05/2026 12:01:34;admin;Alteração (Editou);Considerando a natureza do agente químico e a nece...;"[{""changed"": {""fields"": [""Status"", ""Texto base""]}}]"
28/05/2026 11:57:54;admin;Alteração (Editou);Considerando o caso clínico, avalie as alternativa...;"[{""changed"": {""fields"": [""Status"", ""Justificativa""]}}, {""changed"": {""name"": ""alternativa"", ""object"": ""Iniciar alprazolam para controle dos tremores asso"", ""fields"": [""Texto"", ""Eh correta""]}}, {""changed"": {""name"": ""alternativa"", ""object"": ""Suspender haloperidol e prometazina, considerando "", ""fields"": [""Texto"", ""Eh correta""]}}]"
28/05/2026 11:55:43;admin;Alteração (Editou);Identifique a orientação mais adequada e assinale ...;"[{""changed"": {""fields"": [""Status"", ""Texto base""]}}]"
28/05/2026 11:54:25;admin;Alteração (Editou);Considerando as particularidades do tratamento da ...;"[{""changed"": {""fields"": [""Status""]}}]"
28/05/2026 11:53:30;admin;Alteração (Editou);Analise as alternativas e assinale aquela que corr...;"[{""changed"": {""fields"": [""Status""]}}]"
28/05/2026 11:52:18;admin;Alteração (Editou);Considerando a apresentação clínica da depressão e...;"[{""changed"": {""fields"": [""Status""]}}]"
28/05/2026 11:52:04;admin;Alteração (Editou);Considerando a apresentação clínica da depressão e...;"[{""changed"": {""fields"": [""Texto base""]}}, {""changed"": {""name"": ""alternativa"", ""object"": ""Entre pessoas idosas, os homens apresentam mais si"", ""fields"": [""Texto"", ""Eh correta""]}}, {""changed"": {""name"": ""alternativa"", ""object"": ""Queixas som\u00e1ticas, apatia e altera\u00e7\u00f5es cognitivas "", ""fields"": [""Texto"", ""Eh correta""]}}]"
28/05/2026 11:49:14;admin;Alteração (Editou);Avalie as alternativas e marque aquela que apresen...;"[{""changed"": {""fields"": [""Status""]}}]"
28/05/2026 11:47:41;admin;Alteração (Editou);Avalie as afirmações sobre elegibilidade em cuidad...;"[{""changed"": {""fields"": [""Status"", ""Texto base""]}}]"
28/05/2026 11:46:54;admin;Alteração (Editou);Avalie as afirmações sobre elegibilidade em cuidad...;"[{""changed"": {""fields"": [""Tipo questao"", ""Texto base""]}}, {""changed"": {""name"": ""alternativa"", ""object"": ""I. Pacientes com doen\u00e7as cr\u00f4nicas progressivas e m"", ""fields"": [""Texto"", ""Eh correta""]}}, {""changed"": {""name"": ""alternativa"", ""object"": ""II. A indica\u00e7\u00e3o de cuidados paliativos depende exc"", ""fields"": [""Texto""]}}, {""changed"": {""name"": ""alternativa"", ""object"": ""III. Crit\u00e9rios como decl\u00ednio funcional, sofrimento"", ""fields"": [""Texto"", ""Eh correta""]}}, {""changed"": {""name"": ""alternativa"", ""object"": ""IV. Cuidados paliativos devem ser devem ser inicia"", ""fields"": [""Texto"", ""Eh correta""]}}]"
28/05/2026 11:40:42;admin;Alteração (Editou);Considerando o Estatuto dos Direitos do Paciente (...;"[{""changed"": {""fields"": [""Status""]}}]"
28/05/2026 11:37:03;admin;Alteração (Editou);Com relação ao quadro clínico acima, qual acometim...;"[{""changed"": {""fields"": [""Status"", ""Texto base"", ""Justificativa""]}}, {""changed"": {""name"": ""alternativa"", ""object"": ""Evoluir com doen\u00e7a pulmonar intersticial associada"", ""fields"": [""Texto"", ""Eh correta""]}}, {""changed"": {""name"": ""alternativa"", ""object"": ""Desenvolver bronquiectasias centrais associadas \u00e0 "", ""fields"": [""Texto"", ""Eh correta""]}}, {""changed"": {""name"": ""alternativa"", ""object"": ""Manifestar derrame pleural eosinof\u00edlico relacionad"", ""fields"": [""Texto""]}}, {""changed"": {""name"": ""alternativa"", ""object"": ""Produzir cavita\u00e7\u00f5es pulmonares m\u00faltiplas secund\u00e1ri"", ""fields"": [""Texto""]}}]"
28/05/2026 11:33:29;admin;Alteração (Editou);Diante do quadro clínico apresentado e os diagnóst...;"[{""changed"": {""fields"": [""Status"", ""Justificativa""]}}, {""changed"": {""name"": ""alternativa"", ""object"": ""Interpretar dor musculoesquel\u00e9tica persistente ass"", ""fields"": [""Texto""]}}, {""changed"": {""name"": ""alternativa"", ""object"": ""Identificar processo inflamat\u00f3rio sist\u00eamico associ"", ""fields"": [""Texto""]}}, {""changed"": {""name"": ""alternativa"", ""object"": ""Reconhecer s\u00edndrome dolorosa funcional associada a"", ""fields"": [""Texto"", ""Eh correta""]}}, {""changed"": {""name"": ""alternativa"", ""object"": ""Relacionar quadro musculoesquel\u00e9tico cr\u00f4nico a com"", ""fields"": [""Texto"", ""Eh correta""]}}]"
28/05/2026 11:29:57;admin;Alteração (Editou);Considerando a principal hipótese diagnóstica para...;"[{""changed"": {""fields"": [""Status""]}}, {""changed"": {""name"": ""alternativa"", ""object"": ""Apresentar episclerite bilateral associada a exoft"", ""fields"": [""Texto""]}}, {""changed"": {""name"": ""alternativa"", ""object"": ""Desenvolver eritema nodoso recorrente acompanhado "", ""fields"": [""Texto""]}}, {""changed"": {""name"": ""alternativa"", ""object"": ""Manifestar uve\u00edte anterior recorrente associada a "", ""fields"": [""Texto""]}}, {""changed"": {""name"": ""alternativa"", ""object"": ""Evoluir com ptose palpebral flutuante relacionada "", ""fields"": [""Texto""]}}]"
28/05/2026 11:28:25;admin;Alteração (Editou);Qual exame adicional é mais útil para confirmar o ...;"[{""changed"": {""fields"": [""Status"", ""Justificativa""]}}, {""changed"": {""name"": ""alternativa"", ""object"": ""HLA B27"", ""fields"": [""Texto""]}}, {""changed"": {""name"": ""alternativa"", ""object"": ""FAN"", ""fields"": [""Texto"", ""Eh correta""]}}, {""changed"": {""name"": ""alternativa"", ""object"": ""Dosagem de \u00e1cido \u00farico s\u00e9rico"", ""fields"": [""Texto""]}}, {""changed"": {""name"": ""alternativa"", ""object"": ""Anticorpo anti-CCP (anticorpos anti-pept\u00eddeo citru"", ""fields"": [""Texto"", ""Eh correta""]}}]"
28/05/2026 11:25:50;admin;Alteração (Editou);Considerando o quadro clínico e a regulação fisiol...;[]
28/05/2026 11:25:04;admin;Alteração (Editou);Considerando o quadro clínico e a regulação fisiol...;"[{""changed"": {""name"": ""alternativa"", ""object"": ""Redu\u00e7\u00e3o  da reabsor\u00e7\u00e3o \u00f3ssea por diminui\u00e7\u00e3o da ati"", ""fields"": [""Texto""]}}, {""changed"": {""name"": ""alternativa"", ""object"": ""Eleva\u00e7\u00e3o da deposi\u00e7\u00e3o \u00f3ssea por aumento da libera\u00e7"", ""fields"": [""Texto""]}}, {""changed"": {""name"": ""alternativa"", ""object"": ""Diminui\u00e7\u00e3o da reabsor\u00e7\u00e3o renal de c\u00e1lcio por aus\u00ean"", ""fields"": [""Texto""]}}, {""changed"": {""name"": ""alternativa"", ""object"": ""Aumento da absor\u00e7\u00e3o intestinal de c\u00e1lcio por eleva"", ""fields"": [""Texto""]}}]"
28/05/2026 11:07:32;admin;Alteração (Editou);Qual exame adicional é mais útil para confirmar o ...;[]
28/05/2026 11:07:29;admin;Alteração (Editou);Qual exame adicional é mais útil para confirmar o ...;[]
28/05/2026 11:07:26;admin;Alteração (Editou);Qual exame adicional é mais útil para confirmar o ...;[]
28/05/2026 11:07:26;admin;Alteração (Editou);Qual exame adicional é mais útil para confirmar o ...;[]
28/05/2026 11:05:13;admin;Alteração (Editou);Considerando as evidências atuais para o manejo da...;"[{""changed"": {""fields"": [""Status"", ""Justificativa""]}}, {""changed"": {""name"": ""alternativa"", ""object"": ""Prescrever anti-inflamat\u00f3rio associado \u00e0 imobiliza"", ""fields"": [""Texto""]}}, {""changed"": {""name"": ""alternativa"", ""object"": ""Associar duloxetina ao programa regular de exerc\u00edc"", ""fields"": [""Texto"", ""Eh correta""]}}, {""changed"": {""name"": ""alternativa"", ""object"": ""Indicar canabidiol como tratamento de escolha, ass"", ""fields"": [""Texto"", ""Eh correta""]}}, {""changed"": {""name"": ""alternativa"", ""object"": ""Introduzir terapia de longa dura\u00e7\u00e3o com opioides a"", ""fields"": [""Texto""]}}]"
28/05/2026 11:00:57;admin;Alteração (Editou);Considerando os princípios da Vigilância Ambiental...;"[{""changed"": {""fields"": [""Status"", ""Justificativa""]}}, {""changed"": {""name"": ""alternativa"", ""object"": ""A suspei\u00e7\u00e3o de rela\u00e7\u00e3o entre ambiente, trabalho e "", ""fields"": [""Texto"", ""Eh correta""]}}, {""changed"": {""name"": ""alternativa"", ""object"": ""A atua\u00e7\u00e3o m\u00e9dica deve considerar a possibilidade d"", ""fields"": [""Texto"", ""Eh correta""]}}]"
28/05/2026 10:58:59;admin;Alteração (Editou);Considerando o texto apresentado, avalie as afirma...;"[{""changed"": {""fields"": [""Status"", ""Texto base""]}}, {""added"": {""name"": ""alternativa"", ""object"": ""V. A presen\u00e7a de fatores cl\u00ednicos associados, como""}}]"
28/05/2026 10:55:59;admin;Alteração (Editou);I. O clínico geral não deve emitir relatório afirm...;[]
28/05/2026 10:53:04;admin;Alteração (Editou);Qual a conduta inicial mais indicada para controla...;"[{""changed"": {""fields"": [""Status""]}}, {""changed"": {""name"": ""alternativa"", ""object"": ""AINEs em monoterapia por tempo prolongado"", ""fields"": [""Texto""]}}, {""changed"": {""name"": ""alternativa"", ""object"": ""Hidroxicloroquina isolada como primeira linha"", ""fields"": [""Texto""]}}, {""changed"": {""name"": ""alternativa"", ""object"": ""Corticosteroide oral em baixas doses indefinidamen"", ""fields"": [""Texto""]}}, {""changed"": {""name"": ""alternativa"", ""object"": ""Metotrexato como agente modificador de doen\u00e7a (DMA"", ""fields"": [""Texto""]}}]"
28/05/2026 10:42:48;admin;Alteração (Editou);Considerando o quadro clínico, os mecanismos fisio...;[]
28/05/2026 10:42:18;admin;Alteração (Editou);Com base no quadro clínico e nos tumores mais freq...;"[{""changed"": {""fields"": [""Justificativa""]}}, {""changed"": {""name"": ""alternativa"", ""object"": ""Reconhecer oligodendroglioma multifocal prim\u00e1rio a"", ""fields"": [""Texto"", ""Eh correta""]}}, {""changed"": {""name"": ""alternativa"", ""object"": ""Identificar met\u00e1stases cerebrais secund\u00e1rias ao ca"", ""fields"": [""Texto"", ""Eh correta""]}}]"
28/05/2026 10:41:06;admin;Alteração (Editou);Considerando o caso apresentado, avalie as afirmaç...;"[{""changed"": {""fields"": [""Justificativa""]}}, {""changed"": {""name"": ""alternativa"", ""object"": ""III. Tumores cerebrais prim\u00e1rios apresentam origem"", ""fields"": [""Texto"", ""Eh correta""]}}, {""changed"": {""name"": ""alternativa"", ""object"": ""IV.O encaminhamento para centros de refer\u00eancia int"", ""fields"": [""Texto"", ""Eh correta""]}}]"
28/05/2026 10:38:39;admin;Alteração (Editou);Com base nos achados clínicos, na epidemiologia da...;[]
28/05/2026 10:38:12;admin;Alteração (Editou);Considerando o caso apresentado, avalie as afirmat...;"[{""changed"": {""name"": ""alternativa"", ""object"": ""III. O in\u00edcio de levodopa elimina a necessidade de"", ""fields"": [""Texto"", ""Eh correta""]}}, {""changed"": {""name"": ""alternativa"", ""object"": ""IV. A resson\u00e2ncia magn\u00e9tica de enc\u00e9falo representa"", ""fields"": [""Texto"", ""Eh correta""]}}]"
28/05/2026 10:31:14;admin;Alteração (Editou);Um homem de 67 anos, hipertenso, diabético e com f...;"[{""changed"": {""fields"": [""Status"", ""Comentario validacao""]}}]"
28/05/2026 10:27:58;admin;Alteração (Editou);Um homem de 68 anos, hipertenso, diabético e com f...;"[{""changed"": {""fields"": [""Status"", ""Comentario validacao""]}}]"
28/05/2026 10:15:16;admin;Alteração (Editou);Uma mulher de 29 anos procura atendimento ambulato...;"[{""changed"": {""fields"": [""Status"", ""Comentario validacao""]}}]"
28/05/2026 10:13:01;admin;Alteração (Editou);Uma mulher de 29 anos procura atendimento ambulato...;[]
28/05/2026 09:59:24;admin;Alteração (Editou);Considerando o caso clínico apresentado, assinale ...;"[{""changed"": {""fields"": [""Status"", ""Texto base""]}}]"
28/05/2026 09:33:18;admin;Alteração (Editou);Um homem de 67 anos é admitido no pronto-socorro a...;"[{""changed"": {""fields"": [""Status"", ""Comentario validacao""]}}]"
28/05/2026 09:04:51;admin;Alteração (Editou);Um homem de 67 anos é admitido no pronto-socorro a...;[]
28/05/2026 08:36:06;admin;Alteração (Editou);Um homem de 67 anos é admitido no pronto-socorro a...;[]
27/05/2026 17:15:44;admin;Alteração (Editou);Considerando o caso clínico apresentado, assinale ...;[]
27/05/2026 17:15:41;admin;Alteração (Editou);Considerando o caso clínico apresentado, assinale ...;"[{""changed"": {""fields"": [""Enunciado""]}}]"
27/05/2026 17:14:15;admin;Alteração (Editou);Um homem de 34 anos é admitido na Unidade de Terap...;"[{""added"": {""name"": ""alternativa"", ""object"": ""Presen\u00e7a de coma n\u00e3o perceptivo, aus\u00eancia de respo""}}, {""added"": {""name"": ""alternativa"", ""object"": ""Aus\u00eancia de reflexos pupilares, uso recente de sed""}}, {""added"": {""name"": ""alternativa"", ""object"": ""Presen\u00e7a de coma profundo, aus\u00eancia de reflexos me""}}, {""changed"": {""name"": ""alternativa"", ""object"": ""Presen\u00e7a de coma n\u00e3o perceptivo, aus\u00eancia de refle"", ""fields"": [""Texto""]}}]"
27/05/2026 17:11:07;admin;Alteração (Editou);Considerando o caso clínico e as evidências atuais...;"[{""changed"": {""fields"": [""Status"", ""Texto base"", ""Enunciado""]}}]"
27/05/2026 17:09:21;admin;Alteração (Editou);Considerando o caso clínico e as evidências atuais...;"[{""changed"": {""fields"": [""Enunciado""]}}, {""added"": {""name"": ""alternativa"", ""object"": ""II. A ventila\u00e7\u00e3o n\u00e3o invasiva est\u00e1 indicada apenas""}}, {""added"": {""name"": ""alternativa"", ""object"": ""III. A gastrostomia endosc\u00f3pica percut\u00e2nea deve se""}}, {""added"": {""name"": ""alternativa"", ""object"": ""IV. O manejo multidisciplinar envolvendo neurologi""}}, {""changed"": {""name"": ""alternativa"", ""object"": ""I. O riluzol permanece como terapia modificadora d"", ""fields"": [""Texto""]}}]"
27/05/2026 17:06:31;admin;Alteração (Editou);Um homem de 34 anos é admitido na Unidade de Terap...;[]
27/05/2026 17:05:12;admin;Alteração (Editou);Um homem de 67 anos é admitido no pronto-socorro a...;[]
27/05/2026 17:02:09;admin;Alteração (Editou);Considerando o quadro clínico, os mecanismos fisio...;"[{""changed"": {""fields"": [""Status"", ""Justificativa""]}}, {""changed"": {""name"": ""alternativa"", ""object"": ""Prescrever carbamazepina de uso cont\u00ednuo e solicit"", ""fields"": [""Texto"", ""Eh correta""]}}, {""changed"": {""name"": ""alternativa"", ""object"": ""Introduzir haloperidol em baixa dose e recomendar "", ""fields"": [""Texto""]}}, {""changed"": {""name"": ""alternativa"", ""object"": ""Associar levodopa com benserazida e orientar segui"", ""fields"": [""Texto"", ""Eh correta""]}}]"
27/05/2026 17:00:02;admin;Alteração (Editou);Com base no quadro clínico e nos tumores mais freq...;[]
27/05/2026 16:59:14;admin;Alteração (Editou);Considerando os achados clínicos, a fisiopatologia...;[]
27/05/2026 16:58:56;admin;Alteração (Editou);Considerando os achados clínicos, a fisiopatologia...;"[{""changed"": {""fields"": [""Status""]}}, {""changed"": {""name"": ""alternativa"", ""object"": ""Ajustar o antipsic\u00f3tico em conjunto com a equipe d"", ""fields"": [""Texto""]}}, {""changed"": {""name"": ""alternativa"", ""object"": ""Associar tromb\u00f3lise venosa imediata e iniciar anti"", ""fields"": [""Texto""]}}, {""changed"": {""name"": ""alternativa"", ""object"": ""Encaminhar para radioterapia craniana e manter blo"", ""fields"": [""Texto""]}}, {""changed"": {""name"": ""alternativa"", ""object"": ""Introduzir fenito\u00edna profil\u00e1tica e solicitar pun\u00e7\u00e3"", ""fields"": [""Texto""]}}]"
27/05/2026 16:55:19;admin;Alteração (Editou);Com base no quadro clínico e nos tumores mais freq...;"[{""changed"": {""fields"": [""Status""]}}]"
27/05/2026 16:53:50;admin;Alteração (Editou);Considerando o caso apresentado, avalie as afirmaç...;"[{""changed"": {""fields"": [""Status"", ""Texto base"", ""Enunciado""]}}, {""changed"": {""name"": ""alternativa"", ""object"": ""I. O quadro cl\u00ednico descrito \u00e9 compat\u00edvel com trem"", ""fields"": [""Texto"", ""Eh correta""]}}, {""changed"": {""name"": ""alternativa"", ""object"": ""II. A presen\u00e7a de melhora transit\u00f3ria ap\u00f3s ingest\u00e3"", ""fields"": [""Texto""]}}, {""changed"": {""name"": ""alternativa"", ""object"": ""III. O propranolol e a primidona constituem op\u00e7\u00f5es"", ""fields"": [""Texto"", ""Eh correta""]}}, {""changed"": {""name"": ""alternativa"", ""object"": ""IV. A presen\u00e7a obrigat\u00f3ria de rigidez extrapiramid"", ""fields"": [""Texto""]}}]"
27/05/2026 16:50:30;admin;Alteração (Editou);Considerando o caso apresentado, avalie as afirmaç...;"[{""changed"": {""fields"": [""Status"", ""Texto base"", ""Enunciado""]}}, {""changed"": {""name"": ""alternativa"", ""object"": ""I. Gliomas de alto grau podem apresentar necrose t"", ""fields"": [""Texto"", ""Eh correta""]}}, {""changed"": {""name"": ""alternativa"", ""object"": ""II. Crises convulsivas focais constituem manifesta"", ""fields"": [""Texto"", ""Eh correta""]}}, {""changed"": {""name"": ""alternativa"", ""object"": ""III. O encaminhamento para centros de refer\u00eancia i"", ""fields"": [""Texto"", ""Eh correta""]}}, {""changed"": {""name"": ""alternativa"", ""object"": ""IV. Tumores cerebrais prim\u00e1rios apresentam origem "", ""fields"": [""Texto"", ""Eh correta""]}}]"
27/05/2026 16:47:17;admin;Alteração (Editou);Com base nos achados clínicos, na epidemiologia da...;"[{""changed"": {""fields"": [""Status"", ""Texto base""]}}, {""changed"": {""name"": ""alternativa"", ""object"": ""I. A presen\u00e7a de bradicinesia associada a tremor d"", ""fields"": [""Texto"", ""Eh correta""]}}, {""changed"": {""name"": ""alternativa"", ""object"": ""II. A perda ponderal associada a tosse persistente"", ""fields"": [""Texto"", ""Eh correta""]}}, {""changed"": {""name"": ""alternativa"", ""object"": ""III. Met\u00e1stases cerebrais provenientes de neoplasi"", ""fields"": [""Texto""]}}, {""changed"": {""name"": ""alternativa"", ""object"": ""IV. A aus\u00eancia de d\u00e9ficit motor piramidal exclui a"", ""fields"": [""Texto""]}}]"
27/05/2026 16:43:37;admin;Alteração (Editou);Considerando o caso apresentado, avalie as afirmat...;"[{""changed"": {""fields"": [""Status"", ""Texto base"", ""Enunciado""]}}, {""changed"": {""name"": ""alternativa"", ""object"": ""I. A degenera\u00e7\u00e3o da via nigroestriatal promove red"", ""fields"": [""Texto"", ""Eh correta""]}}, {""changed"": {""name"": ""alternativa"", ""object"": ""II. A tomografia computadorizada de t\u00f3rax pode aux"", ""fields"": [""Texto"", ""Eh correta""]}}, {""changed"": {""name"": ""alternativa"", ""object"": ""III. A resson\u00e2ncia magn\u00e9tica de enc\u00e9falo represent"", ""fields"": [""Texto""]}}, {""changed"": {""name"": ""alternativa"", ""object"": ""IV. O in\u00edcio de levodopa elimina a necessidade de "", ""fields"": [""Texto""]}}]"
27/05/2026 16:38:43;admin;Alteração (Editou);Considerando os princípios da Vigilância Ambiental...;[]
27/05/2026 16:16:23;admin;Alteração (Editou);Considerando o texto apresentado, avalie as afirma...;"[{""changed"": {""fields"": [""Texto base""]}}, {""changed"": {""name"": ""alternativa"", ""object"": ""I. O Programa de Conserva\u00e7\u00e3o Vocal deve contemplar"", ""fields"": [""Texto"", ""Eh correta""]}}, {""changed"": {""name"": ""alternativa"", ""object"": ""II. Docentes com disfonia persistente ou recorrent"", ""fields"": [""Texto"", ""Eh correta""]}}, {""changed"": {""name"": ""alternativa"", ""object"": ""III. Programas de Conserva\u00e7\u00e3o Vocal apresentam efe"", ""fields"": [""Texto""]}}, {""changed"": {""name"": ""alternativa"", ""object"": ""IV. A reabilita\u00e7\u00e3o vocal relacionada ao trabalho d"", ""fields"": [""Texto""]}}]"
27/05/2026 16:08:56;admin;Alteração (Editou);I. O clínico geral não deve emitir relatório afirm...;"[{""changed"": {""fields"": [""Texto base""]}}]"
27/05/2026 15:44:10;admin;Alteração (Editou);Sobre a síndrome da dependência química podemos af...;"[{""changed"": {""name"": ""alternativa"", ""object"": ""O comportamento de uso compulsivo, tamb\u00e9m chamado "", ""fields"": [""Texto""]}}]"
27/05/2026 06:19:16;admin;Alteração (Editou);Considerando os princípios da clínica centrada na ...;"[{""changed"": {""fields"": [""Status""]}}]"
27/05/2026 06:18:13;admin;Alteração (Editou);Considerando que a UBS é um serviço estratégico pa...;"[{""changed"": {""fields"": [""Justificativa""]}}]"
27/05/2026 06:06:37;admin;Alteração (Editou);Considerando os princípios éticos da prática médic...;"[{""changed"": {""fields"": [""Status""]}}]"
27/05/2026 06:04:54;admin;Alteração (Editou);Considerando os princípios éticos da prática médic...;"[{""changed"": {""fields"": [""Status""]}}, {""changed"": {""name"": ""alternativa"", ""object"": ""Esclarecer os limites legais da interrup\u00e7\u00e3o gestac"", ""fields"": [""Eh correta""]}}]"
27/05/2026 06:01:49;admin;Alteração (Editou);Diante da nova condição clínica, considerando evid...;"[{""changed"": {""fields"": [""Status"", ""Justificativa""]}}, {""changed"": {""name"": ""alternativa"", ""object"": ""A) Reduzir progressivamente a dose de levotiroxina"", ""fields"": [""Texto"", ""Eh correta""]}}, {""changed"": {""name"": ""alternativa"", ""object"": ""C)  Ajustar precocemente a dose de levotiroxina co"", ""fields"": [""Texto"", ""Eh correta""]}}]"
27/05/2026 05:55:34;admin;Alteração (Editou);Considerando o diagnóstico clínico completo, as co...;"[{""changed"": {""fields"": [""Status""]}}]"
27/05/2026 05:54:51;admin;Alteração (Editou);A escolha correta  e que contempla o medicamento q...;"[{""changed"": {""fields"": [""Status"", ""Justificativa""]}}, {""changed"": {""name"": ""alternativa"", ""object"": ""A) Administrar propranolol para estimular redu\u00e7\u00e3o "", ""fields"": [""Texto"", ""Eh correta""]}}, {""changed"": {""name"": ""alternativa"", ""object"": ""B) Administrar metimazol para inibir etapas da pro"", ""fields"": [""Texto"", ""Eh correta""]}}]"
27/05/2026 05:48:01;admin;Alteração (Editou);Em relação ao eletrocardiograma no TEP, é correto ...;"[{""changed"": {""fields"": [""Status""]}}, {""changed"": {""name"": ""alternativa"", ""object"": ""Taquicardia sinusal \u00e9 o achado mais frequente"", ""fields"": [""Eh correta""]}}]"
26/05/2026 16:05:06;admin;Alteração (Editou);Sobre essa condição, podemos afirmar:...;"[{""changed"": {""fields"": [""Status"", ""Comentario validacao""]}}]"
26/05/2026 12:54:57;admin;Alteração (Editou);Qual característica favorece transtorno delirante ...;[]
26/05/2026 12:54:40;admin;Alteração (Editou);Considerando o quadro clínico e as evidências atua...;[]
26/05/2026 12:54:23;admin;Alteração (Editou);Com base no quadro clínico descrito, qual é a cond...;[]
26/05/2026 12:54:12;admin;Alteração (Editou);Qual é a conduta mais adequada para essa paciente ...;[]
26/05/2026 12:53:49;admin;Alteração (Editou);Com base no quadro clínico descrito, qual é a cond...;[]
26/05/2026 12:53:04;admin;Alteração (Editou);Com base no quadro clínico descrito, qual é a cond...;[]
26/05/2026 12:52:47;admin;Alteração (Editou);Considerando o quadro clínico e as evidências atua...;[]
26/05/2026 12:52:14;admin;Alteração (Editou);Qual característica favorece transtorno delirante ...;[]
26/05/2026 12:52:00;admin;Alteração (Editou);Qual diagnóstico é mais provável?...;[]
26/05/2026 12:51:43;admin;Alteração (Editou);Qual alternativa apresenta a interpretação diagnós...;[]
26/05/2026 12:50:54;admin;Alteração (Editou);Qual é a conduta mais adequada para essa paciente ...;"[{""changed"": {""fields"": [""Status"", ""Comentario validacao""]}}]"
26/05/2026 12:46:29;admin;Alteração (Editou);Qual é a conduta mais adequada para essa paciente ...;[]
26/05/2026 12:46:22;admin;Alteração (Editou);Qual é a conduta mais adequada para essa paciente ...;"[{""changed"": {""fields"": [""Comentario validacao""]}}]"
26/05/2026 12:43:58;admin;Alteração (Editou);Qual é a conduta mais adequada para essa paciente ...;[]
26/05/2026 12:43:43;admin;Alteração (Editou);Qual é a conduta mais adequada para essa paciente ...;[]
26/05/2026 12:42:19;admin;Alteração (Editou);Qual é a conduta mais adequada para essa paciente ...;[]
26/05/2026 12:41:29;admin;Alteração (Editou);Qual é a conduta mais adequada para essa paciente ...;"[{""changed"": {""fields"": [""Status""]}}]"
26/05/2026 12:13:56;admin;Alteração (Editou);Qual alternativa apresenta a interpretação diagnós...;"[{""changed"": {""fields"": [""Status"", ""Comentario validacao""]}}]"
26/05/2026 12:05:40;admin;Alteração (Editou);Sobre a síndrome da dependência química podemos af...;[]
26/05/2026 12:04:50;admin;Alteração (Editou);Considerando os efeitos dos componentes da cannabi...;"[{""changed"": {""fields"": [""Status""]}}]"
26/05/2026 12:00:15;admin;Alteração (Editou);Considerando os efeitos dos componentes da cannabi...;[]
26/05/2026 11:57:10;admin;Alteração (Editou);Considerando a auriculoterapia na Atenção Primária...;"[{""changed"": {""fields"": [""Status"", ""Comentario validacao""]}}]"
25/05/2026 22:20:33;admin;Alteração (Editou);Considerando os achados clínicos, laboratoriais e ...;"[{""changed"": {""fields"": [""Status""]}}]"
25/05/2026 22:18:36;admin;Alteração (Editou);Considerando os critérios da Organização Mundial d...;"[{""changed"": {""fields"": [""Status""]}}]"
25/05/2026 22:14:43;admin;Alteração (Editou);Considerando a estratificação de risco cardiovascu...;"[{""changed"": {""fields"": [""Status""]}}]"
25/05/2026 22:12:48;admin;Alteração (Editou);Considerando o raciocínio diagnóstico baseado em e...;"[{""changed"": {""fields"": [""Status""]}}]"
25/05/2026 22:04:16;admin;Alteração (Editou);Considerando os achados clínicos e ultrassonográfi...;"[{""changed"": {""fields"": [""Status""]}}]"
25/05/2026 22:01:03;admin;Alteração (Editou);Analise esse quadro clínico e defina a conduta ade...;"[{""changed"": {""fields"": [""Status""]}}]"
25/05/2026 21:58:24;admin;Alteração (Editou);Segundo as recomendações do Global Initiative for ...;"[{""changed"": {""fields"": [""Status""]}}]"
25/05/2026 20:40:41;admin;Alteração (Editou);Considerando o quadro clínico e as evidências atua...;[]
25/05/2026 20:31:35;admin;Alteração (Editou);Qual alternativa apresenta a interpretação diagnós...;[]
25/05/2026 19:23:52;admin;Alteração (Editou);Considerando a principal estratégia preventiva par...;"[{""changed"": {""fields"": [""Status""]}}]"
25/05/2026 19:22:17;admin;Alteração (Editou);Considerando a principal estratégia preventiva par...;[]
25/05/2026 19:20:27;admin;Alteração (Editou);De acordo com o exposto para o manejo da sífilis n...;"[{""changed"": {""fields"": [""Status""]}}, {""changed"": {""name"": ""alternativa"", ""object"": ""Adequado (sem falha na resposta imunol\u00f3gica); RN c"", ""fields"": [""Texto""]}}, {""changed"": {""name"": ""alternativa"", ""object"": ""Adequado (sem falha na resposta imunol\u00f3gica); RN c"", ""fields"": [""Texto""]}}]"
25/05/2026 19:13:31;admin;Alteração (Editou);Sobre este caso, qual é a conduta correta e o prog...;"[{""changed"": {""fields"": [""Status""]}}]"
25/05/2026 19:12:39;admin;Alteração (Editou);Qual é o diagnóstico mais provável e a classificaç...;"[{""changed"": {""fields"": [""Status""]}}]"
25/05/2026 19:12:11;admin;Alteração (Editou);Qual é o diagnóstico mais provável e a classificaç...;[]
25/05/2026 19:11:19;admin;Alteração (Editou);A estratégia de cuidado pós-alta adequada é:...;"[{""changed"": {""fields"": [""Status""]}}]"
25/05/2026 19:10:03;admin;Alteração (Editou);Considerando o caso, a conduta inicial adequada é:...;"[{""changed"": {""fields"": [""Status""]}}, {""changed"": {""name"": ""alternativa"", ""object"": ""Orientar av\u00f3 a controlar rigidamente a alimenta\u00e7\u00e3o"", ""fields"": [""Texto""]}}]"
25/05/2026 19:06:48;admin;Alteração (Editou);Considerando o caso, assinale a conduta adequada....;"[{""changed"": {""fields"": [""Status""]}}]"
25/05/2026 19:04:27;admin;Alteração (Editou);Qual é a conduta adequada?...;"[{""changed"": {""fields"": [""Status""]}}]"
25/05/2026 19:03:58;admin;Alteração (Editou);Qual é a conduta adequada?...;"[{""changed"": {""name"": ""alternativa"", ""object"": ""Descartar toxoplasmose cong\u00eanita, pois IgM no rec\u00e9"", ""fields"": [""Texto""]}}]"
25/05/2026 18:44:01;admin;Alteração (Editou);Qual é a conduta adequada?...;"[{""changed"": {""name"": ""alternativa"", ""object"": ""Descartar toxoplasmose cong\u00eanita, SEM NECESSIDADE "", ""fields"": [""Texto""]}}]"
25/05/2026 18:40:35;admin;Alteração (Editou);Sobre o uso da pontuação para o diagnóstico de tub...;"[{""changed"": {""fields"": [""Status""]}}, {""changed"": {""name"": ""alternativa"", ""object"": ""O sistema de pontua\u00e7\u00e3o estima a probabilidade de t"", ""fields"": [""Texto""]}}, {""changed"": {""name"": ""alternativa"", ""object"": ""Escore de 30 a 35 pontos indicam tuberculose muito"", ""fields"": [""Texto""]}}]"
25/05/2026 18:13:07;admin;Alteração (Editou);Diante do exposto, marque a alternativa correta:...;[]
25/05/2026 18:11:42;admin;Alteração (Editou);Diante do exposto, marque a alternativa correta:...;"[{""changed"": {""fields"": [""Status""]}}]"
25/05/2026 18:11:06;admin;Alteração (Editou);Diante do exposto, marque a alternativa correta:...;"[{""changed"": {""fields"": [""Comentario validacao""]}}]"
25/05/2026 16:59:49;admin;Alteração (Editou);Com base no quadro clínico descrito, qual é a cond...;"[{""changed"": {""fields"": [""Status""]}}]"
25/05/2026 16:57:50;admin;Exclusão (Apagou);Considerando o quadro clínico e as evidências atua...;
25/05/2026 16:57:30;admin;Alteração (Editou);Considerando o quadro clínico e as evidências atua...;[]
25/05/2026 16:57:09;admin;Alteração (Editou);Considerando o quadro clínico e as evidências atua...;[]
25/05/2026 16:56:49;admin;Alteração (Editou);Considerando o quadro clínico e as evidências atua...;[]
25/05/2026 16:56:03;admin;Alteração (Editou);Considerando o quadro clínico e as evidências atua...;[]
25/05/2026 16:54:53;admin;Alteração (Editou);Considerando o quadro clínico e as evidências atua...;"[{""changed"": {""fields"": [""Status""]}}, {""changed"": {""name"": ""alternativa"", ""object"": ""Iniciar estabilizador do humor associado a antipsi"", ""fields"": [""Texto""]}}]"
25/05/2026 16:49:26;admin;Alteração (Editou);Considerando o quadro clínico e as evidências atua...;"[{""changed"": {""fields"": [""Status""]}}, {""changed"": {""name"": ""alternativa"", ""object"": ""Iniciar estabilizador do humor associado a antipsi"", ""fields"": [""Texto""]}}]"
25/05/2026 16:41:43;admin;Alteração (Editou);Qual alternativa apresenta a interpretação diagnós...;[]
25/05/2026 16:38:15;admin;Alteração (Editou);Qual alternativa apresenta a interpretação diagnós...;[]
25/05/2026 16:13:06;admin;Alteração (Editou);Diante do exposto, marque a alternativa correta:...;[]
25/05/2026 16:06:30;admin;Alteração (Editou);Qual alternativa apresenta a interpretação diagnós...;[]
25/05/2026 16:00:00;admin;Alteração (Editou);Qual característica favorece transtorno delirante ...;"[{""changed"": {""fields"": [""Status"", ""Texto base"", ""Justificativa""]}}, {""changed"": {""name"": ""alternativa"", ""object"": ""Idade adulta no in\u00edcio dos sintomas"", ""fields"": [""Texto"", ""Eh correta""]}}, {""changed"": {""name"": ""alternativa"", ""object"": ""Preserva\u00e7\u00e3o relativa da personalidade e do funcion"", ""fields"": [""Texto"", ""Eh correta""]}}]"
25/05/2026 15:56:41;admin;Alteração (Editou);Qual diagnóstico é mais provável?...;"[{""changed"": {""fields"": [""Status"", ""Texto base""]}}, {""changed"": {""name"": ""alternativa"", ""object"": ""Esquizofrenia paranoide."", ""fields"": [""Texto""]}}, {""changed"": {""name"": ""alternativa"", ""object"": ""Transtorno psic\u00f3tico breve."", ""fields"": [""Texto""]}}, {""changed"": {""name"": ""alternativa"", ""object"": ""Transtorno delirante persistente."", ""fields"": [""Texto""]}}, {""changed"": {""name"": ""alternativa"", ""object"": ""Transtorno esquizoafetivo."", ""fields"": [""Texto""]}}]"
25/05/2026 15:55:11;admin;Alteração (Editou);Sobre a síndrome da dependência química podemos af...;[]
25/05/2026 15:52:50;admin;Alteração (Editou);Sobre essa condição, podemos afirmar:...;[]
25/05/2026 15:50:19;admin;Alteração (Editou);Considerando o caso apresentado e os princípios da...;"[{""changed"": {""fields"": [""Status""]}}]"
25/05/2026 15:47:45;admin;Alteração (Editou);Com base nas características das três racionalidad...;"[{""changed"": {""fields"": [""Status""]}}]"
25/05/2026 15:45:59;admin;Alteração (Editou);Considerando os efeitos dos componentes da cannabi...;"[{""changed"": {""name"": ""alternativa"", ""object"": ""Orientar a suspens\u00e3o do derivado vegetal devido ao"", ""fields"": [""Texto""]}}]"
25/05/2026 15:35:57;admin;Alteração (Editou);Considerando o caso apresentado e os princípios do...;"[{""changed"": {""fields"": [""Status""]}}]"
25/05/2026 15:20:34;admin;Alteração (Editou);Diante desse cenário, responda: durante a orientaç...;"[{""changed"": {""fields"": [""Status""]}}]"
25/05/2026 15:18:08;admin;Alteração (Editou);Considerando a auriculoterapia na Atenção Primária...;[]
25/05/2026 14:26:19;admin;Alteração (Editou);Assinale a alternativa que descreve corretamente o...;"[{""changed"": {""fields"": [""Status""]}}, {""changed"": {""name"": ""alternativa"", ""object"": ""O volume tor\u00e1cico diminui, a press\u00e3o intrapulmonar"", ""fields"": [""Texto"", ""Eh correta""]}}, {""changed"": {""name"": ""alternativa"", ""object"": ""O volume tor\u00e1cico aumenta, a press\u00e3o intrapulmonar"", ""fields"": [""Texto"", ""Eh correta""]}}]"
25/05/2026 14:24:32;admin;Alteração (Editou);O mecanismo fisiológico explica o colabamento pulm...;"[{""changed"": {""fields"": [""Status""]}}]"
25/05/2026 14:24:18;admin;Alteração (Editou);O mecanismo fisiológico explica o colabamento pulm...;[]
25/05/2026 14:23:34;admin;Alteração (Editou);Indique o principal estímulo detectado pelos quimi...;"[{""changed"": {""fields"": [""Status""]}}, {""changed"": {""name"": ""alternativa"", ""object"": ""Aumento da press\u00e3o parcial de di\u00f3xido de carbono ("", ""fields"": [""Texto"", ""Eh correta""]}}, {""changed"": {""name"": ""alternativa"", ""object"": ""Diminui\u00e7\u00e3o da press\u00e3o parcial de oxig\u00eanio (PaO\u2082)."", ""fields"": [""Texto"", ""Eh correta""]}}]"
25/05/2026 14:22:18;admin;Alteração (Editou);Quais estruturas são responsáveis por detectar a q...;"[{""changed"": {""fields"": [""Status""]}}]"
25/05/2026 14:22:06;admin;Alteração (Editou);Quais estruturas são responsáveis por detectar a q...;[]
25/05/2026 14:21:30;admin;Alteração (Editou);Qual das forças abaixo favorece diretamente a filt...;"[{""changed"": {""fields"": [""Status""]}}, {""changed"": {""name"": ""alternativa"", ""object"": ""Press\u00e3o hidrost\u00e1tica no capilar glomerular (Sangue"", ""fields"": [""Eh correta""]}}]"
25/05/2026 14:17:38;admin;Alteração (Editou);Qual alteração fisiológica explica a redução da fi...;"[{""changed"": {""fields"": [""Status""]}}]"
25/05/2026 14:16:39;admin;Alteração (Editou);Qual alteração ácido–base ocorre nessa situação?...;"[{""changed"": {""fields"": [""Status""]}}]"
25/05/2026 14:15:53;admin;Alteração (Editou);Qual distúrbio ácido–base está presente nesse paci...;"[{""changed"": {""fields"": [""Status""]}}]"
25/05/2026 14:12:01;admin;Alteração (Editou);Qual alteração é esperada nesse paciente?...;"[{""changed"": {""fields"": [""Status""]}}]"
25/05/2026 14:10:47;admin;Alteração (Editou);Qual é o principal estímulo para a liberação do ho...;"[{""changed"": {""fields"": [""Status""]}}]"
25/05/2026 14:08:21;admin;Alteração (Editou);Considerando as funções fisiológicas da insulina, ...;"[{""changed"": {""fields"": [""Status""]}}]"
25/05/2026 14:07:57;admin;Alteração (Editou);Considerando a fisiopatologia do diabetes mellitus...;"[{""changed"": {""fields"": [""Status""]}}]"
25/05/2026 14:07:09;admin;Alteração (Editou);Com base na organização histológica da hipófise e ...;"[{""changed"": {""fields"": [""Status"", ""Enunciado""]}}]"
25/05/2026 14:05:57;admin;Alteração (Editou);Sobre a origem embrionária da glândula adrenal, ma...;"[{""changed"": {""fields"": [""Status""]}}]"
25/05/2026 14:05:04;admin;Alteração (Editou);Considerando os efeitos fisiológicos do excesso de...;"[{""changed"": {""fields"": [""Status""]}}]"
25/05/2026 14:04:31;admin;Alteração (Editou);Considerando os efeitos fisiológicos da aldosteron...;"[{""changed"": {""fields"": [""Status"", ""Texto base""]}}]"
25/05/2026 14:03:47;admin;Alteração (Editou);Por qual estrutura os hormônios hipotalâmicos cheg...;[]
25/05/2026 14:01:41;admin;Alteração (Editou);Por qual estrutura os hormônios hipotalâmicos cheg...;"[{""changed"": {""fields"": [""Status""]}}]"
25/05/2026 14:01:27;admin;Alteração (Editou);Assinale a alternativa que apresenta corretamente ...;"[{""changed"": {""fields"": [""Status""]}}]"
25/05/2026 14:00:37;admin;Alteração (Editou);Qual é o principal efeito fisiológico dos hormônio...;[]
25/05/2026 14:00:05;admin;Alteração (Editou);Qual é o principal efeito fisiológico dos hormônio...;"[{""changed"": {""fields"": [""Status"", ""Justificativa""]}}, {""changed"": {""name"": ""alternativa"", ""object"": ""Aumentar o metabolismo basal e o consumo de oxig\u00ean"", ""fields"": [""Texto"", ""Eh correta""]}}, {""changed"": {""name"": ""alternativa"", ""object"": ""Reduzir o metabolismo basal e o consumo de oxig\u00eani"", ""fields"": [""Texto"", ""Eh correta""]}}]"
25/05/2026 13:57:24;admin;Alteração (Editou);Com base nesse quadro clínico, qual das opções aba...;[]
25/05/2026 13:56:52;admin;Alteração (Editou);Considerando a digestão e absorção dos carboidrato...;[]
25/05/2026 13:56:30;admin;Alteração (Editou);Considerando as secreções gástricas e a ação da ga...;"[{""changed"": {""fields"": [""Status"", ""Texto base"", ""Enunciado""]}}]"
25/05/2026 13:55:22;admin;Alteração (Editou);Considerando o cenário descrito, avalie a integraç...;"[{""changed"": {""fields"": [""Tipo questao"", ""Status"", ""Texto base"", ""Enunciado""]}}]"
25/05/2026 13:53:17;admin;Alteração (Editou);Com base nesse quadro clínico, qual das opções aba...;"[{""changed"": {""fields"": [""Status""]}}]"
25/05/2026 13:52:22;admin;Alteração (Editou);Com base nos conhecimentos sobre o metabolismo dos...;"[{""changed"": {""fields"": [""Status""]}}]"
25/05/2026 13:51:32;admin;Alteração (Editou);Com base nesse contexto, identifique a doença meta...;"[{""changed"": {""fields"": [""Status""]}}]"
25/05/2026 13:50:05;admin;Alteração (Editou);Considerando esse contexto, assinale a alternativa...;"[{""changed"": {""fields"": [""Status"", ""Enunciado"", ""Justificativa""]}}, {""changed"": {""name"": ""alternativa"", ""object"": ""O bicarbonato pancre\u00e1tico \u00e9 secretado pelos \u00e1cinos"", ""fields"": [""Texto"", ""Eh correta""]}}, {""changed"": {""name"": ""alternativa"", ""object"": ""A colecistocinina (CCK) \u00e9 liberada pelas c\u00e9lulas I"", ""fields"": [""Texto"", ""Eh correta""]}}]"
25/05/2026 13:48:02;admin;Alteração (Editou);Com base na anatomia das pregas peritoneais e foss...;"[{""changed"": {""fields"": [""Status""]}}, {""changed"": {""name"": ""alternativa"", ""object"": ""A prega umbilical lateral cont\u00e9m os vasos epig\u00e1str"", ""fields"": [""Texto""]}}]"
25/05/2026 13:46:36;admin;Alteração (Editou);Sobre a formação da bainha do reto do abdome, assi...;"[{""changed"": {""fields"": [""Status""]}}]"
25/05/2026 13:45:44;admin;Alteração (Editou);Qual é a principal função do Plexo Mioentérico (Au...;"[{""changed"": {""fields"": [""Status""]}}]"
25/05/2026 13:42:08;admin;Alteração (Editou);Com base na anatomia do sistema genital masculino,...;"[{""changed"": {""fields"": [""Status""]}}]"
25/05/2026 13:40:54;admin;Alteração (Editou);Qual é o principal mecanismo responsável pela manu...;"[{""changed"": {""fields"": [""Status""]}}, {""changed"": {""name"": ""alternativa"", ""object"": ""Entrada cont\u00ednua de s\u00f3dio na c\u00e9lula por difus\u00e3o si"", ""fields"": [""Texto""]}}]"
25/05/2026 13:40:07;admin;Alteração (Editou);Qual evento iônico é responsável pela fase de desp...;[]
25/05/2026 13:39:36;admin;Alteração (Editou);Qual evento iônico é responsável pela fase de desp...;"[{""changed"": {""fields"": [""Status""]}}]"
25/05/2026 13:37:59;admin;Alteração (Editou);Qual alternativa apresenta corretamente os ramos d...;[]
25/05/2026 13:37:45;admin;Alteração (Editou);Qual alternativa apresenta corretamente os ramos d...;[]
25/05/2026 13:37:41;admin;Alteração (Editou);Qual alternativa apresenta corretamente os ramos d...;[]
25/05/2026 13:37:41;admin;Alteração (Editou);Qual alternativa apresenta corretamente os ramos d...;"[{""changed"": {""fields"": [""Status"", ""Texto base""]}}]"
25/05/2026 13:36:11;admin;Alteração (Editou);Com base na anatomia arterial da pelve e dos membr...;"[{""changed"": {""fields"": [""Status"", ""Texto base"", ""Justificativa""]}}, {""changed"": {""name"": ""alternativa"", ""object"": ""A art\u00e9ria il\u00edaca interna percorre a parede abdomin"", ""fields"": [""Texto""]}}, {""changed"": {""name"": ""alternativa"", ""object"": ""A art\u00e9ria il\u00edaca comum origina-se da bifurca\u00e7\u00e3o da"", ""fields"": [""Texto"", ""Eh correta""]}}]"
25/05/2026 13:32:54;admin;Alteração (Editou);Qual estrutura está diretamente relacionada ao qua...;"[{""changed"": {""fields"": [""Status""]}}]"
25/05/2026 13:32:05;admin;Alteração (Editou);Com base na anatomia do fígado e da vesícula bilia...;"[{""changed"": {""fields"": [""Status"", ""Texto base""]}}]"
25/05/2026 13:31:11;admin;Alteração (Editou);Com base no caso acima, qual das opções descreve c...;"[{""changed"": {""fields"": [""Status""]}}]"
25/05/2026 13:29:41;admin;Alteração (Editou);Qual das alternativas descreve corretamente o tipo...;[]
25/05/2026 13:28:09;admin;Alteração (Editou);Qual das alternativas descreve corretamente o tipo...;"[{""changed"": {""fields"": [""Status""]}}]"
25/05/2026 13:27:45;admin;Alteração (Editou);Com base nos dados clínicos e nos conhecimentos so...;"[{""changed"": {""fields"": [""Status"", ""Justificativa""]}}]"
25/05/2026 13:26:36;admin;Alteração (Editou);Qual alternativa melhor descreve a função dos lipí...;"[{""changed"": {""fields"": [""Status""]}}]"
25/05/2026 13:25:28;admin;Alteração (Editou);Com base no caso descrito e nos conhecimentos sobr...;"[{""changed"": {""fields"": [""Status""]}}]"
25/05/2026 13:24:16;admin;Alteração (Editou);Com base no papel das proteínas e sua classificaçã...;"[{""changed"": {""fields"": [""Status""]}}]"
25/05/2026 13:23:01;admin;Alteração (Editou);Com base nesse quadro, qual das alternativas expli...;"[{""changed"": {""fields"": [""Status""]}}]"
25/05/2026 13:21:33;admin;Alteração (Editou);Qual alternativa explica corretamente o papel dess...;"[{""changed"": {""fields"": [""Status""]}}]"
25/05/2026 13:20:08;admin;Alteração (Editou);Com base nesse quadro, qual das opções melhor desc...;"[{""changed"": {""fields"": [""Status""]}}]"
25/05/2026 13:18:27;admin;Alteração (Editou);Ao analisar a anatomia da orelha, assinale a alter...;"[{""changed"": {""fields"": [""Tipo questao"", ""Status"", ""Texto base"", ""Enunciado""]}}]"
25/05/2026 13:16:51;admin;Alteração (Editou);Com base nesse contexto, identifique o nome da fas...;"[{""changed"": {""fields"": [""Tipo questao"", ""Status"", ""Texto base"", ""Enunciado""]}}]"
25/05/2026 13:15:18;admin;Alteração (Editou);Com base na anatomia do globo ocular, assinale a a...;"[{""changed"": {""fields"": [""Tipo questao"", ""Status"", ""Texto base"", ""Enunciado""]}}]"
25/05/2026 10:51:04;admin;Alteração (Editou);Com base nesses dados, qual das alternativas melho...;"[{""changed"": {""fields"": [""Status"", ""Texto base"", ""Enunciado""]}}]"
25/05/2026 10:42:25;admin;Alteração (Editou);Considerando o texto apresentado, avalie as afirma...;[]
25/05/2026 10:40:44;admin;Alteração (Editou);Considerando o texto apresentado, avalie as afirma...;[]
25/05/2026 10:39:35;admin;Alteração (Editou);Com base na anatomia do sistema genital masculino,...;"[{""changed"": {""fields"": [""Tipo questao"", ""Texto base"", ""Enunciado""]}}]"
25/05/2026 10:29:55;admin;Alteração (Editou);Assinale a alternativa que identifica corretamente...;"[{""changed"": {""fields"": [""Tipo questao"", ""Status"", ""Texto base"", ""Enunciado""]}}]"
25/05/2026 10:28:22;admin;Alteração (Editou);Assinale a alternativa que identifica corretamente...;"[{""changed"": {""fields"": [""Tipo questao"", ""Status"", ""Texto base"", ""Enunciado""]}}]"
25/05/2026 10:25:27;admin;Alteração (Editou);Com base nos mecanismos fisiológicos envolvidos na...;"[{""changed"": {""fields"": [""Status""]}}]"
25/05/2026 10:24:49;admin;Alteração (Editou);Com base nos mecanismos fisiológicos envolvidos na...;"[{""changed"": {""fields"": [""Texto base"", ""Enunciado""]}}]"
25/05/2026 08:59:21;admin;Alteração (Editou);Considerando a digestão e absorção dos carboidrato...;[]
25/05/2026 08:58:19;admin;Alteração (Editou);Considerando a digestão e absorção dos carboidrato...;"[{""changed"": {""fields"": [""Status"", ""Texto base"", ""Enunciado""]}}]"
25/05/2026 08:50:00;admin;Alteração (Editou);Qual alteração na concentração plasmática de sódio...;"[{""changed"": {""fields"": [""Status""]}}]"
25/05/2026 08:46:49;admin;Alteração (Editou);Qual é o principal efeito do Hormônio Antidiurétic...;"[{""changed"": {""fields"": [""Status""]}}]"
22/05/2026 16:32:21;admin;Exclusão (Apagou);Considerando a classificação das complicações orbi...;
21/05/2026 17:02:47;admin;Alteração (Editou);Qual a melhor conduta?...;"[{""changed"": {""fields"": [""Status""]}}]"
21/05/2026 17:02:28;admin;Alteração (Editou);Qual a melhor conduta?...;[]
21/05/2026 16:59:27;admin;Alteração (Editou);Sobre o caso, avalie as seguintes afirmações e mar...;"[{""changed"": {""fields"": [""Status""]}}]"
21/05/2026 16:59:02;admin;Alteração (Editou);Sobre o caso, avalie as seguintes afirmações e mar...;"[{""changed"": {""fields"": [""Texto base""]}}]"
21/05/2026 16:45:47;admin;Alteração (Editou);Considerando a principal hipótese diagnóstica, qua...;"[{""changed"": {""fields"": [""Status""]}}]"
21/05/2026 16:43:29;admin;Alteração (Editou);De acordo com os critérios diagnósticos da Diretri...;"[{""changed"": {""fields"": [""Status""]}}]"
21/05/2026 16:41:07;admin;Alteração (Editou);De acordo com a classificação de risco do Ministér...;"[{""changed"": {""fields"": [""Status""]}}]"
21/05/2026 16:26:36;admin;Alteração (Editou);Diante do diagnóstico de fasceíte necrotizante, qu...;"[{""changed"": {""fields"": [""Status""]}}]"
21/05/2026 16:21:19;admin;Alteração (Editou);Qual alternativa indica respectivamente a combinaç...;"[{""changed"": {""fields"": [""Status""]}}]"
21/05/2026 16:16:32;admin;Alteração (Editou);Diante do quadro clínico exposto, assinale a alter...;"[{""changed"": {""fields"": [""Status""]}}]"
21/05/2026 16:14:31;admin;Alteração (Editou);Qual é a conduta mais adequada para prevenção do t...;"[{""changed"": {""fields"": [""Status""]}}]"
21/05/2026 16:12:51;admin;Alteração (Editou);Com base nas características histológicas e funcio...;"[{""changed"": {""fields"": [""Status"", ""Texto base"", ""Enunciado""]}}]"
21/05/2026 16:11:48;admin;Alteração (Editou);O epitélio de transição (urotélio) apresenta célul...;[]
21/05/2026 16:11:48;admin;Alteração (Editou);O epitélio de transição (urotélio) apresenta célul...;"[{""changed"": {""fields"": [""Status""]}}]"
21/05/2026 16:11:11;admin;Alteração (Editou);Assinale a alternativa correta:...;"[{""changed"": {""fields"": [""Status""]}}]"
21/05/2026 16:10:38;admin;Alteração (Editou);Com base na anatomia descrita em Moore – Anatomia ...;"[{""changed"": {""fields"": [""Status""]}}]"
21/05/2026 16:10:15;admin;Alteração (Editou);Considerando o texto apresentado, avalie as afirma...;"[{""changed"": {""fields"": [""Status"", ""Texto base""]}}]"
21/05/2026 16:09:48;admin;Alteração (Editou);Considerando os mecanismos fisiológicos envolvidos...;"[{""changed"": {""fields"": [""Status""]}}]"
21/05/2026 16:09:16;admin;Alteração (Editou);Qual é a conduta mais adequada para prevenção da r...;"[{""changed"": {""fields"": [""Status""]}}]"
21/05/2026 16:09:03;admin;Alteração (Editou);Em qual período do desenvolvimento pulmonar ocorre...;"[{""changed"": {""fields"": [""Tipo questao"", ""Status"", ""Texto base"", ""Enunciado"", ""Justificativa""]}}]"
21/05/2026 16:08:17;admin;Alteração (Editou);Com base no processo descrito no texto, assinale a...;"[{""changed"": {""fields"": [""Tipo questao"", ""Status"", ""Texto base"", ""Enunciado"", ""Justificativa""]}}]"
21/05/2026 16:07:23;admin;Alteração (Editou);Sobre a interação entre o broto ureteral e o blast...;"[{""changed"": {""fields"": [""Tipo questao""]}}]"
21/05/2026 16:07:04;admin;Alteração (Editou);Qual estrutura embrionária dá origem ao sistema co...;"[{""changed"": {""fields"": [""Texto base"", ""Enunciado""]}}]"
21/05/2026 16:06:01;admin;Alteração (Editou);Sobre a interação entre o broto ureteral e o blast...;"[{""changed"": {""fields"": [""Status"", ""Texto base"", ""Enunciado"", ""Justificativa""]}}]"
21/05/2026 16:04:20;admin;Alteração (Editou);Considerando o texto apresentado, avalie as afirma...;"[{""changed"": {""fields"": [""Tipo questao"", ""Status"", ""Justificativa""]}}]"
21/05/2026 16:03:07;admin;Alteração (Editou);Considerando os mecanismos de transporte presentes...;"[{""changed"": {""fields"": [""Status"", ""Texto base""]}}]"
21/05/2026 16:02:38;admin;Alteração (Editou);Assinale a alternativa correta em relação à terapê...;[]
21/05/2026 15:55:37;admin;Alteração (Editou);Com base na anatomia da cavidade nasal e na relaçã...;"[{""changed"": {""fields"": [""Status""]}}]"
21/05/2026 15:55:12;admin;Alteração (Editou);Qual músculo está diretamente relacionado ao quadr...;"[{""changed"": {""fields"": [""Status""]}}]"
21/05/2026 15:54:48;admin;Alteração (Editou);Considerando a anatomia do esqueleto osteocartilag...;"[{""changed"": {""fields"": [""Status""]}}]"
21/05/2026 15:52:24;admin;Alteração (Editou);Qual é a estrutura pulmonar correspondente a essa ...;"[{""changed"": {""fields"": [""Status""]}}]"
21/05/2026 15:50:57;admin;Alteração (Editou);Considerando a anatomia dos espaços intercostais e...;"[{""changed"": {""fields"": [""Status""]}}]"
21/05/2026 15:50:03;admin;Alteração (Editou);Considerando a anatomia, as inserções musculares e...;"[{""changed"": {""fields"": [""Status""]}}]"
21/05/2026 15:49:09;admin;Alteração (Editou);Considerando o texto apresentado, avalie as afirma...;"[{""changed"": {""fields"": [""Status""]}}, {""changed"": {""name"": ""alternativa"", ""object"": ""Durante a inspira\u00e7\u00e3o tranquila, a contra\u00e7\u00e3o do dia"", ""fields"": [""Texto""]}}, {""changed"": {""name"": ""alternativa"", ""object"": ""Os m\u00fasculos intercostais externos e os escalenos a"", ""fields"": [""Texto""]}}, {""changed"": {""name"": ""alternativa"", ""object"": ""Durante a expira\u00e7\u00e3o for\u00e7ada, os m\u00fasculos abdominai"", ""fields"": [""Texto""]}}, {""changed"": {""name"": ""alternativa"", ""object"": ""Durante a inspira\u00e7\u00e3o, o aumento do volume tor\u00e1cico"", ""fields"": [""Texto""]}}]"
21/05/2026 15:48:01;admin;Alteração (Editou);Considerando o texto apresentado, avalie as afirma...;"[{""changed"": {""fields"": [""Status""]}}, {""changed"": {""name"": ""alternativa"", ""object"": ""A complac\u00eancia pulmonar corresponde \u00e0 capacidade d"", ""fields"": [""Texto""]}}, {""changed"": {""name"": ""alternativa"", ""object"": ""A elast\u00e2ncia pulmonar representa a capacidade de r"", ""fields"": [""Texto""]}}, {""changed"": {""name"": ""alternativa"", ""object"": ""O espa\u00e7o morto anat\u00f4mico corresponde \u00e0s vias a\u00e9rea"", ""fields"": [""Texto""]}}, {""changed"": {""name"": ""alternativa"", ""object"": ""O espa\u00e7o morto fisiol\u00f3gico corresponde exclusivame"", ""fields"": [""Texto"", ""Eh correta""]}}]"
21/05/2026 15:32:42;admin;Alteração (Editou);Considerando os mecanismos de transmissão das doen...;"[{""changed"": {""fields"": [""Status""]}}]"
21/05/2026 15:31:51;admin;Alteração (Editou);Considerando o comportamento endêmico e a interpre...;"[{""changed"": {""fields"": [""Status""]}}]"
21/05/2026 15:31:13;admin;Alteração (Editou);Considerando o texto apresentado, avalie as afirma...;"[{""changed"": {""fields"": [""Status"", ""Texto base""]}}]"
21/05/2026 15:30:23;admin;Alteração (Editou);A utilização integrada de sistemas como SIM, SINAS...;"[{""changed"": {""fields"": [""Status""]}}]"
21/05/2026 15:26:41;admin;Alteração (Editou);Considerando a fisiopatologia da ICFEr, qual o esq...;"[{""changed"": {""fields"": [""Status""]}}]"
21/05/2026 15:25:42;admin;Alteração (Editou);Considerando os benefícios cardiovasculares para m...;"[{""changed"": {""fields"": [""Status""]}}]"
21/05/2026 15:24:41;admin;Alteração (Editou);Qual é a hipótese diagnóstica mais provável e a me...;"[{""changed"": {""fields"": [""Status""]}}]"
21/05/2026 15:23:54;admin;Alteração (Editou);Qual achado fisiopatológico explica a principal al...;"[{""changed"": {""fields"": [""Status""]}}]"
21/05/2026 15:23:25;admin;Alteração (Editou);Qual é a hipótese diagnóstica mais provável para e...;"[{""changed"": {""fields"": [""Status""]}}]"
21/05/2026 15:23:07;admin;Alteração (Editou);Qual é a hipótese diagnóstica mais provável?...;"[{""changed"": {""fields"": [""Status""]}}]"
21/05/2026 15:22:44;admin;Alteração (Editou);Qual é a principal hipótese diagnóstica?...;"[{""changed"": {""fields"": [""Status""]}}]"
21/05/2026 15:22:17;admin;Alteração (Editou);Qual é a hipótese diagnóstica mais provável?...;"[{""changed"": {""fields"": [""Status""]}}]"
21/05/2026 14:21:14;admin;Alteração (Editou);Qual é a hipótese diagnóstica mais provável?...;"[{""changed"": {""fields"": [""Status""]}}]"
21/05/2026 14:20:50;admin;Alteração (Editou);Qual achado semiológico é mais sugestivo de aument...;"[{""changed"": {""fields"": [""Status""]}}]"
21/05/2026 14:20:21;admin;Alteração (Editou);Qual é a hipótese diagnóstica mais provável?...;"[{""changed"": {""fields"": [""Status""]}}]"
21/05/2026 14:18:47;admin;Alteração (Editou);Qual alternativa correlaciona corretamente o princ...;"[{""changed"": {""fields"": [""Status""]}}]"
21/05/2026 14:01:40;admin;Alteração (Editou);Considerando as recomendações atuais para avaliaçã...;"[{""changed"": {""fields"": [""Status""]}}]"
21/05/2026 14:01:13;admin;Alteração (Editou);Em relação ao manejo perioperatório dos medicament...;"[{""changed"": {""fields"": [""Status""]}}]"
21/05/2026 14:00:48;admin;Alteração (Editou);Considerando o período pós-operatório e os achados...;"[{""changed"": {""fields"": [""Status""]}}]"
21/05/2026 13:59:52;admin;Alteração (Editou);A melhor forma de prevenir tromboembolismo venoso ...;"[{""changed"": {""fields"": [""Status""]}}]"
21/05/2026 13:59:18;admin;Alteração (Editou);Considerando o mecanismo fisiológico envolvido nes...;"[{""changed"": {""fields"": [""Status""]}}]"
21/05/2026 13:57:29;admin;Alteração (Editou);Qual segmento da coagulação está mais provavelment...;"[{""changed"": {""fields"": [""Status""]}}, {""changed"": {""name"": ""alternativa"", ""object"": ""Via intr\u00ednseca"", ""fields"": [""Eh correta""]}}]"
21/05/2026 13:56:22;admin;Alteração (Editou);Qual conjunto de fatores da coagulação sofre ação ...;"[{""changed"": {""fields"": [""Status""]}}]"
21/05/2026 13:53:28;admin;Alteração (Editou);Diante da situação, a conduta médica eticamente ma...;"[{""changed"": {""fields"": [""Status""]}}]"
21/05/2026 13:52:58;admin;Exclusão (Apagou);Considerando o Código de Ética Médica, a segurança...;
21/05/2026 13:52:58;admin;Exclusão (Apagou);Considerando o caso apresentado, avalie as afirmat...;
21/05/2026 13:52:58;admin;Exclusão (Apagou);Considerando o caso apresentado, avalie as afirmat...;
21/05/2026 13:52:58;admin;Exclusão (Apagou);Considerando o caso apresentado, avalie as afirmat...;
21/05/2026 13:49:00;admin;Alteração (Editou);Considerando o Código de Ética Médica, a segurança...;"[{""changed"": {""fields"": [""Status""]}}]"
21/05/2026 13:48:26;admin;Alteração (Editou);Considerando o Código de Ética Médica, a segurança...;"[{""changed"": {""fields"": [""Status""]}}]"
21/05/2026 13:47:20;admin;Alteração (Editou);Considerando o caso apresentado, avalie as afirmat...;"[{""changed"": {""fields"": [""Status"", ""Texto base""]}}]"
21/05/2026 13:46:26;admin;Alteração (Editou);Considerando o caso apresentado, avalie as afirmat...;"[{""changed"": {""fields"": [""Status"", ""Texto base""]}}]"
21/05/2026 13:45:23;admin;Alteração (Editou);Considerando o caso apresentado, avalie as afirmat...;"[{""changed"": {""fields"": [""Status"", ""Texto base""]}}]"
21/05/2026 13:44:36;admin;Alteração (Editou);Considerando o caso apresentado, avalie as afirmat...;"[{""changed"": {""fields"": [""Status"", ""Texto base""]}}]"
21/05/2026 13:43:18;admin;Alteração (Editou);Considerando o método SBAR aplicado à comunicação ...;"[{""changed"": {""fields"": [""Status"", ""Texto base""]}}]"
21/05/2026 13:40:34;admin;Alteração (Editou);Que modificação estrutural na membrana externa do ...;"[{""changed"": {""fields"": [""Uso prova"", ""Justificativa""]}}]"
21/05/2026 13:40:13;admin;Alteração (Editou);Qual é o mecanismo de resistência molecular mais p...;"[{""changed"": {""fields"": [""Uso prova"", ""Justificativa""]}}]"
21/05/2026 13:21:09;admin;Alteração (Editou);Diante do quadro clínico, a conduta mais adequada ...;"[{""changed"": {""fields"": [""Status""]}}]"
21/05/2026 13:17:30;admin;Alteração (Editou);A hipótese diagnóstica mais provável e a conduta i...;"[{""changed"": {""fields"": [""Status"", ""Justificativa""]}}]"
21/05/2026 13:13:15;admin;Alteração (Editou);Considerando os achados descritos e os critérios d...;"[{""changed"": {""fields"": [""Status""]}}]"
21/05/2026 13:08:19;admin;Alteração (Editou);Com base nos achados ultrassonográficos descritos,...;"[{""changed"": {""fields"": [""Status""]}}]"
21/05/2026 13:01:33;admin;Alteração (Editou);Assinale a alternativa correta em relação à terapê...;"[{""changed"": {""fields"": [""Status""]}}]"
21/05/2026 12:58:03;admin;Alteração (Editou);Com base no quadro clínico apresentado, assinale a...;"[{""changed"": {""fields"": [""Status""]}}]"
21/05/2026 12:55:05;admin;Alteração (Editou);Diante desse quadro, qual conduta deve ser adotada...;"[{""changed"": {""fields"": [""Status""]}}]"
21/05/2026 12:52:53;admin;Alteração (Editou);. Qual a terapia a ser recomendada para melhor suc...;"[{""changed"": {""fields"": [""Status""]}}]"
20/05/2026 22:33:12;admin;Alteração (Editou);Considerando esse contexto clínico, assinale a alt...;"[{""changed"": {""fields"": [""Status""]}}]"
20/05/2026 22:31:51;admin;Alteração (Editou);Considerando esse contexto clínico, assinale a alt...;"[{""changed"": {""fields"": [""Status"", ""Justificativa""]}}, {""changed"": {""name"": ""alternativa"", ""object"": ""Passar sonda enteral tipo Levine n\u00ba 10, mantendo o"", ""fields"": [""Texto"", ""Eh correta""]}}, {""changed"": {""name"": ""alternativa"", ""object"": ""Introduzir sonda enteral tipo Dobhoff n\u00ba 12, mante"", ""fields"": [""Texto"", ""Eh correta""]}}]"
20/05/2026 22:24:20;admin;Alteração (Editou);Considerando esse contexto clínico, assinale a alt...;"[{""changed"": {""fields"": [""Status""]}}]"
20/05/2026 22:22:05;admin;Alteração (Editou);Com base nas diretrizes do PHTLS (10ª edição) para...;"[{""changed"": {""fields"": [""Status""]}}]"
20/05/2026 22:20:11;admin;Alteração (Editou);Com base nas diretrizes do PHTLS (10ª ed.) para o ...;"[{""changed"": {""fields"": [""Status""]}}]"
20/05/2026 21:53:08;admin;Alteração (Editou);Considerando a resposta fisiológica do paratormôni...;"[{""changed"": {""fields"": [""Status"", ""Texto base"", ""Enunciado""]}}]"
20/05/2026 21:50:35;admin;Alteração (Editou);Considerando o texto apresentado, avalie as afirma...;"[{""changed"": {""fields"": [""Status"", ""Texto base""]}}]"
20/05/2026 19:46:14;admin;Exclusão (Apagou);Considerando o texto apresentado, avalie as afirma...;
20/05/2026 19:46:02;admin;Exclusão (Apagou);Considerando o texto apresentado, avalie as afirma...;
20/05/2026 19:43:49;admin;Exclusão (Apagou);Considerando o texto apresentado, avalie as afirma...;
20/05/2026 19:43:20;admin;Exclusão (Apagou);Considerando o texto apresentado, avalie as afirma...;
20/05/2026 19:42:22;admin;Exclusão (Apagou);Considerando o texto apresentado, avalie as afirma...;
20/05/2026 19:41:47;admin;Exclusão (Apagou);Considerando o texto apresentado, avalie as afirma...;
20/05/2026 13:44:58;admin;Alteração (Editou);No contexto da Comunicação Clínica (Protocolo SPIK...;"[{""changed"": {""fields"": [""Tipo questao""]}}]"
20/05/2026 13:15:13;admin;Exclusão (Apagou);Considerando o texto apresentado, avalie as afirma...;
20/05/2026 13:14:45;admin;Exclusão (Apagou);Considerando o texto apresentado, avalie as afirma...;
20/05/2026 13:14:11;admin;Exclusão (Apagou);Considerando o texto apresentado, avalie as afirma...;
20/05/2026 13:13:47;admin;Exclusão (Apagou);Considerando o texto apresentado, avalie as afirma...;
20/05/2026 13:13:22;admin;Exclusão (Apagou);Considerando o texto apresentado, avalie as afirma...;
20/05/2026 13:13:00;admin;Exclusão (Apagou);Considerando o texto apresentado, avalie as afirma...;
20/05/2026 13:12:37;admin;Exclusão (Apagou);Considerando o texto apresentado, avalie as afirma...;
20/05/2026 13:12:15;admin;Exclusão (Apagou);Considerando o texto apresentado, avalie as afirma...;
20/05/2026 13:11:44;admin;Exclusão (Apagou);Considerando o texto apresentado, avalie as afirma...;
20/05/2026 13:11:16;admin;Exclusão (Apagou);Considerando o texto apresentado, avalie as afirma...;
20/05/2026 13:10:40;admin;Exclusão (Apagou);Considerando o texto apresentado, avalie as afirma...;
20/05/2026 13:08:59;admin;Exclusão (Apagou);Considerando o texto apresentado, avalie as afirma...;
20/05/2026 13:02:43;admin;Exclusão (Apagou);Considerando o texto apresentado, avalie as afirma...;
19/05/2026 22:14:27;admin;Alteração (Editou);Considerando o texto apresentado, avalie as afirma...;[]
19/05/2026 22:10:50;admin;Alteração (Editou);Considerando o texto apresentado, avalie as afirma...;[]
19/05/2026 22:02:08;admin;Exclusão (Apagou);Considerando o texto apresentado, avalie as afirma...;
19/05/2026 21:25:17;admin;Exclusão (Apagou);Considerando esse contexto clínico, assinale a alt...;
19/05/2026 21:25:01;admin;Exclusão (Apagou);Considerando esse contexto clínico, assinale a alt...;
19/05/2026 21:24:41;admin;Exclusão (Apagou);Considerando esse contexto clínico, assinale a alt...;
19/05/2026 21:24:05;admin;Exclusão (Apagou);Com base nas diretrizes do PHTLS (10ª edição) para...;
19/05/2026 21:23:29;admin;Exclusão (Apagou);Com base nas diretrizes do PHTLS (10ª ed.) para o ...;
19/05/2026 11:37:42;admin;Alteração (Editou);Qual característica laboratorial e clínica confirm...;"[{""changed"": {""fields"": [""Status""]}}]"
19/05/2026 11:36:18;admin;Alteração (Editou);Qual a dedução diagnóstica para esta rápida evoluç...;"[{""changed"": {""fields"": [""Status""]}}]"
19/05/2026 11:34:12;admin;Alteração (Editou);Baseado no racional clínico da leitura do antibiog...;"[{""changed"": {""fields"": [""Status""]}}]"
19/05/2026 10:55:01;admin;Alteração (Editou);Esta apresentação clínica ilustra qual tipo de hip...;[]
19/05/2026 10:54:59;admin;Alteração (Editou);Esta apresentação clínica ilustra qual tipo de hip...;"[{""changed"": {""fields"": [""Status""]}}]"
19/05/2026 10:52:36;admin;Alteração (Editou);Baseado no quadro clínico e laboratorial detalhado...;"[{""changed"": {""fields"": [""Status""]}}]"
19/05/2026 10:51:10;admin;Alteração (Editou);Qual é o papel biológico principal das moléculas d...;"[{""changed"": {""fields"": [""Status""]}}]"
19/05/2026 10:50:44;admin;Alteração (Editou);Qual é o papel biológico principal das moléculas d...;[]
19/05/2026 09:05:49;admin;Exclusão (Apagou);Considerando a descrição da base morfológica e cel...;
19/05/2026 08:49:16;admin;Exclusão (Apagou);Qual a conduta diagnóstica e terapêutica adequada?...;
19/05/2026 08:49:03;admin;Exclusão (Apagou);Qual a conduta diagnóstica e terapêutica adequada?...;
19/05/2026 08:48:24;admin;Exclusão (Apagou);Qual a melhor estratégia de reperfusão coronariana...;
18/05/2026 23:02:43;admin;Alteração (Editou);Considerando os mecanismos fisiopatológicos e as a...;"[{""changed"": {""fields"": [""Status""]}}]"
18/05/2026 22:58:54;admin;Alteração (Editou);Considerando as recomendações do Programa Nacional...;"[{""changed"": {""fields"": [""Status""]}}]"
18/05/2026 22:54:06;admin;Alteração (Editou);Considerando o diagnóstico confirmado de tuberculo...;"[{""changed"": {""fields"": [""Status""]}}, {""changed"": {""name"": ""alternativa"", ""object"": ""Iniciar tratamento com rifampicina, isoniazida, pi"", ""fields"": [""Eh correta""]}}]"
18/05/2026 22:46:12;admin;Alteração (Editou);Com relação a incontinência urinária:...;"[{""changed"": {""fields"": [""Status""]}}]"
18/05/2026 22:45:16;admin;Alteração (Editou);Assinale a alternativa mais adequada quanto à cond...;"[{""changed"": {""fields"": [""Status""]}}]"
18/05/2026 22:44:14;admin;Alteração (Editou);Para realizar um tratamento adequado do caso, qual...;"[{""changed"": {""fields"": [""Status""]}}]"
18/05/2026 22:42:44;admin;Alteração (Editou);Diante desse paciente e baseado nas condutas preco...;"[{""changed"": {""fields"": [""Status""]}}]"
18/05/2026 22:41:14;admin;Alteração (Editou);Diante do quadro apresentado e segundo os guidelin...;"[{""changed"": {""fields"": [""Status""]}}]"
18/05/2026 22:38:56;admin;Alteração (Editou);Qual das seguintes condutas está mais alinhada aos...;"[{""changed"": {""fields"": [""Status""]}}]"
18/05/2026 22:36:35;admin;Alteração (Editou);Considerando o caso clínico apresentado, a interpr...;"[{""changed"": {""fields"": [""Texto base""]}}]"
18/05/2026 22:36:05;admin;Alteração (Editou);Considerando o padrão do hepatograma apresentado e...;"[{""changed"": {""fields"": [""Texto base""]}}]"
18/05/2026 22:35:23;admin;Alteração (Editou);Considerando o quadro clínico e os resultados soro...;[]
18/05/2026 22:34:56;admin;Alteração (Editou);Considerando os algoritmos atuais de estratificaçã...;[]
18/05/2026 22:34:39;admin;Alteração (Editou);Considerando a integração entre sintomas, padrão l...;[]
18/05/2026 22:34:13;admin;Alteração (Editou);Considerando o quadro clínico, a intensidade da le...;[]
18/05/2026 22:33:54;admin;Alteração (Editou);Considerando o quadro clínico, a intensidade da le...;[]
18/05/2026 22:33:33;admin;Alteração (Editou);Considerando os algoritmos atuais de estratificaçã...;[]
18/05/2026 22:32:56;admin;Alteração (Editou);Considerando os algoritmos atuais de estratificaçã...;"[{""changed"": {""fields"": [""Texto base""]}}]"
18/05/2026 22:32:23;admin;Alteração (Editou);Considerando a integração entre evolução clínica, ...;"[{""changed"": {""fields"": [""Texto base""]}}]"
18/05/2026 22:31:57;admin;Alteração (Editou);Considerando os achados clínicos, laboratoriais e ...;[]
18/05/2026 22:31:28;admin;Alteração (Editou);Considerando os achados clínicos, laboratoriais e ...;"[{""changed"": {""fields"": [""Texto base""]}}]"
18/05/2026 22:30:59;admin;Alteração (Editou);Considerando a necessidade de evitar tanto subinve...;"[{""changed"": {""fields"": [""Texto base""]}}]"
18/05/2026 22:30:22;admin;Alteração (Editou);Considerando que diverticulose e neoplasia podem c...;"[{""changed"": {""fields"": [""Texto base""]}}]"
18/05/2026 22:29:43;admin;Alteração (Editou);Considerando o quadro clínico e tomográfico aprese...;"[{""changed"": {""fields"": [""Texto base""]}}]"
18/05/2026 22:28:59;admin;Alteração (Editou);Considerando que cada escore responde a uma pergun...;"[{""changed"": {""fields"": [""Texto base""]}}]"
18/05/2026 22:26:22;admin;Alteração (Editou);Considerando o quadro clínico, a extensão da doenç...;[]
18/05/2026 22:25:27;admin;Alteração (Editou);Considerando o quadro clínico e os resultados soro...;"[{""changed"": {""fields"": [""Status"", ""Texto base""]}}]"
18/05/2026 22:23:56;admin;Alteração (Editou);Considerando os algoritmos atuais de estratificaçã...;[]
18/05/2026 22:22:31;admin;Alteração (Editou);Considerando os algoritmos atuais de estratificaçã...;"[{""changed"": {""fields"": [""Status"", ""Texto base"", ""Justificativa""]}}, {""changed"": {""name"": ""alternativa"", ""object"": ""B) encaminhar para avalia\u00e7\u00e3o de transplante hep\u00e1ti"", ""fields"": [""Texto"", ""Eh correta""]}}, {""changed"": {""name"": ""alternativa"", ""object"": ""D)  solicitar elastografia hep\u00e1tica como m\u00e9todo se"", ""fields"": [""Texto"", ""Eh correta""]}}]"
18/05/2026 17:25:56;admin;Alteração (Editou);Assinale a alternativa mais adequada quanto à cond...;[]
18/05/2026 17:22:05;admin;Alteração (Editou);Diante do caso clínico de Insuficiência Cardíaca (...;"[{""changed"": {""fields"": [""Status""]}}, {""changed"": {""name"": ""alternativa"", ""object"": ""A paciente encontra-se com IC descompensada em per"", ""fields"": [""Eh correta""]}}]"
18/05/2026 17:17:04;admin;Alteração (Editou);Considerando o quadro clínico, a intensidade da le...;"[{""changed"": {""fields"": [""Status"", ""Texto base""]}}]"
18/05/2026 17:15:41;admin;Alteração (Editou);Considerando a integração entre sintomas, padrão l...;"[{""changed"": {""fields"": [""Status"", ""Texto base"", ""Justificativa""]}}, {""changed"": {""name"": ""alternativa"", ""object"": ""A) predom\u00ednio colest\u00e1tico com fun\u00e7\u00e3o sint\u00e9tica pre"", ""fields"": [""Texto"", ""Eh correta""]}}, {""changed"": {""name"": ""alternativa"", ""object"": ""B) predom\u00ednio hepatocelular com perda de fun\u00e7\u00e3o si"", ""fields"": [""Texto"", ""Eh correta""]}}]"
18/05/2026 17:04:23;admin;Alteração (Editou);Considerando o quadro clínico, a intensidade da le...;[]
18/05/2026 15:57:16;admin;Exclusão (Apagou);Considerando o texto apresentado, avalie as afirma...;
18/05/2026 14:54:43;admin;Exclusão (Apagou);Considerando o texto apresentado, avalie as afirma...;
18/05/2026 14:43:01;admin;Exclusão (Apagou);Considerando o cenário de Dona Clara e os princípi...;
18/05/2026 11:07:25;admin;Alteração (Editou);Marque a alternativa CORRETA:...;"[{""changed"": {""fields"": [""Status""]}}]"
18/05/2026 11:03:10;admin;Alteração (Editou);Diante de um possível quadro de trauma de testícul...;"[{""changed"": {""fields"": [""Status""]}}]"
18/05/2026 10:54:44;admin;Alteração (Editou);Para realizar um tratamento adequado do caso, qual...;"[{""changed"": {""fields"": [""Status""]}}]"
18/05/2026 10:50:07;admin;Alteração (Editou);Diante da principal hipótese diagnóstica, assinale...;"[{""changed"": {""fields"": [""Status""]}}]"
18/05/2026 10:45:15;admin;Alteração (Editou);Assinale a alternativa mais adequada quanto à cond...;"[{""changed"": {""fields"": [""Status""]}}]"
18/05/2026 09:55:06;admin;Alteração (Editou);Assinale a alternativa mais adequada quanto com re...;"[{""changed"": {""fields"": [""Status""]}}]"
18/05/2026 09:51:23;admin;Alteração (Editou);Baseado no enunciado acima, qual a alternativa cor...;"[{""changed"": {""fields"": [""Status""]}}]"
18/05/2026 09:46:29;admin;Alteração (Editou);Baseado no enunciado acima, qual a alternativa cor...;[]
18/05/2026 09:46:23;admin;Alteração (Editou);Baseado no enunciado acima, qual a alternativa cor...;"[{""changed"": {""fields"": [""Status""]}}]"
18/05/2026 09:40:45;admin;Alteração (Editou);Diante do quadro clínico e segundo os principais g...;"[{""changed"": {""fields"": [""Status""]}}]"
18/05/2026 09:26:29;admin;Alteração (Editou);Considerando o quadro clínico, qual a conduta diag...;"[{""changed"": {""fields"": [""Status""]}}]"
18/05/2026 09:18:42;admin;Alteração (Editou);Nesse contexto clínico, o diagnóstico e a estratég...;"[{""changed"": {""fields"": [""Status""]}}]"
18/05/2026 09:10:45;admin;Alteração (Editou);Mediante o caso clínico apresentado, assinale a al...;"[{""changed"": {""fields"": [""Status""]}}]"
18/05/2026 09:03:19;admin;Alteração (Editou);Considerando o caso apresentado, a hipótese diagnó...;"[{""changed"": {""fields"": [""Status""]}}]"
18/05/2026 09:00:32;admin;Alteração (Editou);Considerando o quadro clínico, a conduta mais adeq...;"[{""changed"": {""fields"": [""Status""]}}]"
18/05/2026 08:54:26;admin;Alteração (Editou);Considerando o quadro clínico, a extensão da doenç...;"[{""changed"": {""fields"": [""Status""]}}]"
18/05/2026 08:47:47;admin;Alteração (Editou);Considerando o cenário de Dona Clara e os princípi...;[]
18/05/2026 08:47:44;admin;Alteração (Editou);Considerando o cenário de Dona Clara e os princípi...;"[{""changed"": {""fields"": [""Status""]}}]"
17/05/2026 22:15:21;admin;Alteração (Editou);De acordo com o caso clínico apresentado e baseado...;"[{""changed"": {""fields"": [""Status""]}}]"
17/05/2026 22:11:26;admin;Alteração (Editou);Diante deste cenário clínico apresentado, assinale...;"[{""changed"": {""fields"": [""Status""]}}]"
17/05/2026 22:08:11;admin;Alteração (Editou);Segundo a CEAP (classificação clínica, etiológica,...;"[{""changed"": {""fields"": [""Status""]}}]"
17/05/2026 22:06:13;admin;Alteração (Editou);Diante desse caso clínico apresentado, qual a melh...;"[{""changed"": {""fields"": [""Status""]}}]"
17/05/2026 22:02:27;admin;Alteração (Editou);Considerando o quadro clínico relatado, qual a mel...;"[{""changed"": {""fields"": [""Status""]}}]"
17/05/2026 21:59:40;admin;Alteração (Editou);Qual a melhor estratégia de reperfusão coronariana...;"[{""changed"": {""fields"": [""Status""]}}]"
17/05/2026 21:53:54;admin;Alteração (Editou);Com base no caso clínico apresentado, a conduta ma...;"[{""changed"": {""fields"": [""Status""]}}]"
17/05/2026 19:45:25;admin;Alteração (Editou);Com base nas características clínicas descritas e ...;"[{""changed"": {""fields"": [""Status""]}}]"
17/05/2026 19:36:06;admin;Alteração (Editou);Considerando os achados clínicos e o prognóstico d...;"[{""changed"": {""fields"": [""Status""]}}]"
17/05/2026 19:30:56;admin;Alteração (Editou);Considerando o caso clínico apresentado, a interpr...;"[{""changed"": {""fields"": [""Status""]}}]"
17/05/2026 19:23:43;admin;Alteração (Editou);Considerando o padrão do hepatograma apresentado e...;"[{""changed"": {""fields"": [""Status""]}}]"
17/05/2026 19:17:10;admin;Alteração (Editou);Com base na anatomia descrita em Moore – Anatomia ...;"[{""changed"": {""fields"": [""Status""]}}]"
17/05/2026 18:57:06;admin;Alteração (Editou);Considerando os algoritmos atuais de estratificaçã...;"[{""changed"": {""fields"": [""Status""]}}]"
17/05/2026 18:51:04;admin;Alteração (Editou);Considerando a integração entre evolução clínica, ...;"[{""changed"": {""fields"": [""Status""]}}]"
17/05/2026 18:46:05;admin;Alteração (Editou);Considerando os achados clínicos, laboratoriais e ...;"[{""changed"": {""fields"": [""Status""]}}]"
17/05/2026 18:40:49;admin;Alteração (Editou);Considerando a necessidade de evitar tanto subinve...;"[{""changed"": {""fields"": [""Status""]}}]"
17/05/2026 18:31:40;admin;Alteração (Editou);Considerando que diverticulose e neoplasia podem c...;"[{""changed"": {""fields"": [""Status""]}}]"
17/05/2026 18:25:50;admin;Alteração (Editou);Considerando o quadro clínico e tomográfico aprese...;"[{""changed"": {""fields"": [""Status""]}}]"
17/05/2026 18:10:50;admin;Alteração (Editou);Considerando que cada escore responde a uma pergun...;"[{""changed"": {""fields"": [""Status""]}}]"
16/05/2026 22:07:26;admin;Alteração (Editou);Considerando o Método Clínico Centrado na Pessoa e...;"[{""changed"": {""fields"": [""Status""]}}]"
16/05/2026 22:03:42;admin;Alteração (Editou);No contexto da Comunicação Clínica (Protocolo SPIK...;"[{""changed"": {""fields"": [""Status""]}}]"
16/05/2026 21:57:47;admin;Alteração (Editou);Qual a conduta diagnóstica e terapêutica adequada?...;"[{""changed"": {""fields"": [""Status""]}}]"
16/05/2026 21:56:04;admin;Alteração (Editou);Qual a conduta diagnóstica e terapêutica adequada?...;"[{""changed"": {""fields"": [""Status""]}}]"
16/05/2026 11:12:44;admin;Alteração (Editou);Qual a melhor estratégia de reperfusão coronariana...;"[{""changed"": {""fields"": [""Status""]}}]"
16/05/2026 10:29:22;admin;Alteração (Editou);Considerando os princípios da comunicação clínica,...;"[{""changed"": {""fields"": [""Status""]}}]"
15/05/2026 18:04:43;admin;Alteração (Editou);Considerando as diretrizes de comunicação clínica ...;"[{""changed"": {""fields"": [""Status""]}}]"
15/05/2026 17:55:18;admin;Alteração (Editou);Considerando as diretrizes de segurança do pacient...;"[{""changed"": {""fields"": [""Status""]}}]"
15/05/2026 17:06:50;admin;Alteração (Editou);Clínica Integrada: Urologia (C-D) (5º);[]
14/05/2026 15:29:13;admin;Alteração (Editou);Considerando esse estudo para a tomada de decisão ...;"[{""changed"": {""fields"": [""Status""]}}, {""changed"": {""name"": ""alternativa"", ""object"": ""A maioria dos resultados de testes positivos estav"", ""fields"": [""Texto""]}}, {""changed"": {""name"": ""alternativa"", ""object"": ""A especificidade do teste aumentar\u00e1 em popula\u00e7\u00f5es "", ""fields"": [""Texto""]}}]"
14/05/2026 15:27:03;admin;Alteração (Editou);A interpretação correta é que:...;"[{""changed"": {""fields"": [""Status""]}}, {""changed"": {""name"": ""alternativa"", ""object"": ""A interven\u00e7\u00e3o reduz o risco de infarto em 72%."", ""fields"": [""Texto""]}}, {""changed"": {""name"": ""alternativa"", ""object"": ""A interven\u00e7\u00e3o reduz o risco de infarto em 28%."", ""fields"": [""Texto""]}}]"
14/05/2026 15:25:21;admin;Alteração (Editou);Assinale a alternativa que apresenta a sensibilida...;"[{""changed"": {""fields"": [""Status""]}}]"
14/05/2026 15:23:44;admin;Alteração (Editou);Qual a melhor interpretação sobre esta situação?...;"[{""changed"": {""fields"": [""Status"", ""Texto base""]}}]"
14/05/2026 15:15:39;admin;Alteração (Editou);Considerando as particularidades farmacológicas e ...;"[{""changed"": {""fields"": [""Status""]}}]"
14/05/2026 15:13:00;admin;Alteração (Editou);Considerando o diagnóstico clínico de Transtorno d...;"[{""changed"": {""fields"": [""Status""]}}]"
14/05/2026 15:10:37;admin;Alteração (Editou);Considerando o quadro de intoxicação aguda por sub...;"[{""changed"": {""fields"": [""Status""]}}]"
14/05/2026 15:07:51;admin;Alteração (Editou);Considerando o perfil clínico descrito e a necessi...;"[{""changed"": {""fields"": [""Status""]}}]"
14/05/2026 15:04:12;admin;Alteração (Editou);Considerando o caso clínico, assinale a alternativ...;"[{""changed"": {""fields"": [""Status""]}}]"
14/05/2026 14:48:36;admin;Alteração (Editou);Considerando o perfil clínico-laboratorial da paci...;"[{""changed"": {""fields"": [""Status"", ""Comentario validacao""]}}, {""changed"": {""name"": ""alternativa"", ""object"": ""Hipotiroidismo prim\u00e1rio (glandular); tratamento co"", ""fields"": [""Texto""]}}, {""changed"": {""name"": ""alternativa"", ""object"": ""Hipotiroidismo subcl\u00ednico; tratamento imediato com"", ""fields"": [""Texto""]}}, {""changed"": {""name"": ""alternativa"", ""object"": ""Doen\u00e7a de Graves em fase de exaust\u00e3o glandular; tr"", ""fields"": [""Texto""]}}, {""changed"": {""name"": ""alternativa"", ""object"": ""Hipotiroidismo secund\u00e1rio (central); tratamento co"", ""fields"": [""Texto""]}}]"
14/05/2026 14:42:23;admin;Alteração (Editou);Considerando os critérios diagnósticos vigentes e ...;"[{""changed"": {""fields"": [""Status"", ""Comentario validacao""]}}, {""changed"": {""name"": ""alternativa"", ""object"": ""Diabetes Mellitus tipo 2; iniciar monoterapia com "", ""fields"": [""Texto""]}}, {""changed"": {""name"": ""alternativa"", ""object"": ""Diabetes Mellitus tipo 2; iniciar terapia combinad"", ""fields"": [""Texto""]}}, {""changed"": {""name"": ""alternativa"", ""object"": ""Diabetes Mellitus tipo 2; iniciar metformina assoc"", ""fields"": [""Texto""]}}, {""changed"": {""name"": ""alternativa"", ""object"": ""Pr\u00e9-Diabetes; prescrever mudan\u00e7as no estilo de vid"", ""fields"": [""Texto""]}}]"
14/05/2026 13:49:56;admin;Exclusão (Apagou);Considerando a necessidade de manter o controle do...;
13/05/2026 17:20:30;admin;Alteração (Editou);Diante desse paciente e baseado nas condutas preco...;"[{""changed"": {""fields"": [""Status"", ""Comentario validacao""]}}]"
13/05/2026 16:43:02;admin;Alteração (Editou);Segundo os guidelines atuais de trauma urológico, ...;"[{""changed"": {""fields"": [""Status""]}}]"
07/05/2026 16:32:07;admin;Alteração (Editou);admin;"[{""changed"": {""fields"": [""password""]}}]"
28/04/2026 18:23:59;admin;Exclusão (Apagou);1º PERÍODO (turmas A e B) (2026.1);
28/04/2026 18:23:59;admin;Exclusão (Apagou);1º PERÍODO (turma C) (2026.1);
28/04/2026 18:23:59;admin;Exclusão (Apagou);3º PERÍODO (turmas A, B e C) (2026.1);
28/04/2026 18:23:59;admin;Exclusão (Apagou);4º PERÍODO (turma única) (2026.1);
28/04/2026 18:23:59;admin;Exclusão (Apagou);5º PERÍODO (A e B) (2026.1);
28/04/2026 18:23:59;admin;Exclusão (Apagou);5º PERÍODO (turmas C e D) (2026.1);
28/04/2026 18:23:59;admin;Exclusão (Apagou);7º PERÍODO (turmas A e B) (2026.1);
28/04/2026 18:23:59;admin;Exclusão (Apagou);7º PERÍODO (turmas C e D) (2026.1);
28/04/2026 18:23:59;admin;Exclusão (Apagou);1º (2026.1);
28/04/2026 18:23:59;admin;Exclusão (Apagou);3º (2026.1);
28/04/2026 18:23:59;admin;Exclusão (Apagou);4º (2026.1);
28/04/2026 18:23:59;admin;Exclusão (Apagou);5º (2026.1);
28/04/2026 18:23:59;admin;Exclusão (Apagou);7º (2026.1);
28/04/2026 18:23:38;admin;Exclusão (Apagou);Atenção Primária em Saúde na Comunidade I (A-B-C) (1º);
28/04/2026 18:23:38;admin;Exclusão (Apagou);Princípios e Organização Morfofuncional da Célula (A-B-C) (1º);
28/04/2026 18:23:38;admin;Exclusão (Apagou);Fluidos Corporais e Hemodinâmica (A-B) (1º);
28/04/2026 18:23:38;admin;Exclusão (Apagou);Sistema Digestório (C) (1º);
28/04/2026 18:23:38;admin;Exclusão (Apagou);Sistema Hormonal (1º);
28/04/2026 18:23:38;admin;Exclusão (Apagou);Suporte à Vida I (A-B-C) (3º);
28/04/2026 18:23:38;admin;Exclusão (Apagou);Bases da Técnica Cirúrgica e da Anestesiologia I (A-B-C) (3º);
28/04/2026 18:23:38;admin;Exclusão (Apagou);Farmacologia I (A-B-C) (3º);
28/04/2026 18:23:38;admin;Exclusão (Apagou);Mecanismo de Agressão (3º);
28/04/2026 18:23:38;admin;Exclusão (Apagou);Atenção Primária em Saúde na Comunidade III (A-B-C) (3º);
28/04/2026 18:23:38;admin;Exclusão (Apagou);Medicina Saúde e Sociedade I (A-B-C) (3º);
28/04/2026 18:23:38;admin;Exclusão (Apagou);Metodologia da Pesquisa (3º);
28/04/2026 18:23:38;admin;Exclusão (Apagou);Semiologia Médica I (A-B-C) (3º);
28/04/2026 18:23:38;admin;Exclusão (Apagou);Suporte à Vida II (4º);
28/04/2026 18:23:38;admin;Exclusão (Apagou);Bases da Técnica Cirúrgica e da Anestesiologia II (4º);
28/04/2026 18:23:38;admin;Exclusão (Apagou);Farmacologia II (4º);
28/04/2026 18:23:38;admin;Exclusão (Apagou);Mecanismo de Agressão/Patológicos e de Defesa II (4º);
28/04/2026 18:23:38;admin;Exclusão (Apagou);Medicina Saúde e Sociedade II (4º);
28/04/2026 18:23:38;admin;Exclusão (Apagou);Metodologia da Pesquisa (4º);
28/04/2026 18:23:38;admin;Exclusão (Apagou);Atenção Primária em Saúde na Comunidade IV (4º);
28/04/2026 18:23:38;admin;Exclusão (Apagou);Semiologia Médica II (4º);
28/04/2026 18:23:38;admin;Exclusão (Apagou);Atenção à Saúde da Mulher e da Gestante I (A-B-C-D) (5º);
28/04/2026 18:23:38;admin;Exclusão (Apagou);Atenção Primária em Saúde na Comunidade V (A-B-C-D) (5º);
28/04/2026 18:23:38;admin;Exclusão (Apagou);Comunicação Clínica (A-B-C-D) (5º);
28/04/2026 18:23:38;admin;Exclusão (Apagou);Clínica Integrada: Dermatologia (A-B) (5º);
28/04/2026 18:23:38;admin;Exclusão (Apagou);Clínica Integrada: Endocrinologia (A-B) (5º);
28/04/2026 18:23:38;admin;Exclusão (Apagou);Clínica Integrada: Gastroenterologia (A-B) (5º);
28/04/2026 18:23:38;admin;Exclusão (Apagou);Doenças Infecciosas e Parasitárias (A-B) (5º);
28/04/2026 18:23:38;admin;Exclusão (Apagou);Clínica Integrada: Cardiologia (C-D) (5º);
28/04/2026 18:23:38;admin;Exclusão (Apagou);Clínica Integrada: Nefrologia (C-D) (5º);
28/04/2026 18:23:38;admin;Exclusão (Apagou);Clínica Integrada: Pneumologia (C-D) (5º);
28/04/2026 18:23:38;admin;Exclusão (Apagou);Clínica Integrada: Urologia (C-D) (5º);
28/04/2026 18:23:38;admin;Exclusão (Apagou);Atenção Primária em Saúde na Comunidade VII (A-B-C-D) (7º);
28/04/2026 18:23:38;admin;Exclusão (Apagou);Atenção à Saúde da Criança e do Adolescente I (A-B-C-D) (7º);
28/04/2026 18:23:38;admin;Exclusão (Apagou);Oncologia (A-B) (7º);
28/04/2026 18:23:38;admin;Exclusão (Apagou);Oncologia (C-D) (7º);
28/04/2026 18:23:38;admin;Exclusão (Apagou);Clínica Integrada: Oftalmologia (A-B) (7º);
28/04/2026 18:23:38;admin;Exclusão (Apagou);Clínica Integrada: Otorrinolaringologia (A-B) (7º);
28/04/2026 18:23:38;admin;Exclusão (Apagou);Clínica Integrada: Neurologia (A-B) (7º);
28/04/2026 18:23:38;admin;Exclusão (Apagou);Clínica Integrada: Ortopedia e Traumatologia (A-B) (7º);
28/04/2026 18:23:38;admin;Exclusão (Apagou);Clínica Integrada: Reumatologia (A-B) (7º);
28/04/2026 18:23:38;admin;Exclusão (Apagou);Clínica Integrada: Hematologia (C-D) (7º);
28/04/2026 18:23:38;admin;Exclusão (Apagou);Saúde do Idoso (C-D) (7º);
28/04/2026 18:23:38;admin;Exclusão (Apagou);Saúde do Trabalhador (C-D) (7º);
28/04/2026 18:23:38;admin;Exclusão (Apagou);Saúde Mental (C-D) (7º);
28/04/2026 18:23:38;admin;Exclusão (Apagou);Urgências e Emergências (C-D) (7º);
28/04/2026 18:18:23;admin;Exclusão (Apagou);Atenção Primária em Saúde na Comunidade I (1º PERÍODO (turmas A e B));
28/04/2026 18:18:23;admin;Exclusão (Apagou);Princípios e Organização Morfofuncional da Célula (1º PERÍODO (turmas A e B));
28/04/2026 18:18:23;admin;Exclusão (Apagou);Fluidos Corporais e Hemodinâmica (1º PERÍODO (turmas A e B));
28/04/2026 18:18:23;admin;Exclusão (Apagou);Atenção Primária em Saúde na Comunidade I (1º PERÍODO (turma C));
28/04/2026 18:18:23;admin;Exclusão (Apagou);Princípios e Organização Morfofuncional da Célula (1º PERÍODO (turma C));
28/04/2026 18:18:23;admin;Exclusão (Apagou);Sistema Digestório (1º PERÍODO (turma C));
28/04/2026 18:18:23;admin;Exclusão (Apagou);Sistema Hormonal, Reprodutor e Desenvolvimento (1º PERÍODO (turma C));
28/04/2026 18:18:23;admin;Exclusão (Apagou);-Suporte à Vida I (3º PERÍODO (turmas A, B e C));
28/04/2026 18:18:23;admin;Exclusão (Apagou);-Bases da Técnica Cirúrgica e da Anestesiologia I (3º PERÍODO (turmas A, B e C));
28/04/2026 18:18:23;admin;Exclusão (Apagou);-Farmacologia I (3º PERÍODO (turmas A, B e C));
28/04/2026 18:18:23;admin;Exclusão (Apagou);-Mecanismo de Agressão, Patológicos e de Defesa I (3º PERÍODO (turmas A, B e C));
28/04/2026 18:18:23;admin;Exclusão (Apagou);-Atenção Primária em Saúde na Comunidade III (3º PERÍODO (turmas A, B e C));
28/04/2026 18:18:23;admin;Exclusão (Apagou);-Medicina Saúde e Sociedade I (3º PERÍODO (turmas A, B e C));
28/04/2026 18:18:23;admin;Exclusão (Apagou);-Metodologia da Pesquisa, Comunicação Científica e Inovação I (3º PERÍODO (turmas A, B e C));
28/04/2026 18:18:23;admin;Exclusão (Apagou);-Semiologia Médica I (3º PERÍODO (turmas A, B e C));
28/04/2026 18:18:23;admin;Exclusão (Apagou);-Suporte à Vida II (4º PERÍODO (turma única));
28/04/2026 18:18:23;admin;Exclusão (Apagou);-Bases da Técnica Cirúrgica e da Anestesiologia II (4º PERÍODO (turma única));
28/04/2026 18:18:23;admin;Exclusão (Apagou);-Farmacologia II (4º PERÍODO (turma única));
28/04/2026 18:18:23;admin;Exclusão (Apagou);-Mecanismo de Agressão/Patológicos e de Defesa II (4º PERÍODO (turma única));
28/04/2026 18:18:23;admin;Exclusão (Apagou);-Medicina Saúde e Sociedade II (4º PERÍODO (turma única));
28/04/2026 18:18:23;admin;Exclusão (Apagou);-Metodologia da Pesquisa, Comunicação Científica e Inovação II (4º PERÍODO (turma única));
28/04/2026 18:18:23;admin;Exclusão (Apagou);-Atenção Primária em Saúde na Comunidade IV (4º PERÍODO (turma única));
28/04/2026 18:18:23;admin;Exclusão (Apagou);-Semiologia Médica II (4º PERÍODO (turma única));
28/04/2026 18:18:23;admin;Exclusão (Apagou);-Atenção à Saúde da Mulher e da Gestante I (5º PERÍODO (A e B));
28/04/2026 18:18:23;admin;Exclusão (Apagou);-Atenção Primária em Saúde na Comunidade V (5º PERÍODO (A e B));
28/04/2026 18:18:23;admin;Exclusão (Apagou);-Clínica Integrada: Dermatologia (5º PERÍODO (A e B));
28/04/2026 18:18:23;admin;Exclusão (Apagou);-Clínica Integrada: Endocrinologia (5º PERÍODO (A e B));
28/04/2026 18:18:23;admin;Exclusão (Apagou);-Clínica Integrada: Gastroenterologia (5º PERÍODO (A e B));
28/04/2026 18:18:23;admin;Exclusão (Apagou);-Comunicação Clínica (5º PERÍODO (A e B));
28/04/2026 18:18:23;admin;Exclusão (Apagou);-Doenças Infecciosas e Parasitárias (5º PERÍODO (A e B));
28/04/2026 18:18:23;admin;Exclusão (Apagou);-Atenção à Saúde da Mulher e da Gestante I (5º PERÍODO (turmas C e D));
28/04/2026 18:18:23;admin;Exclusão (Apagou);-Atenção Primária em Saúde na Comunidade V (5º PERÍODO (turmas C e D));
28/04/2026 18:18:23;admin;Exclusão (Apagou);-Clínica Integrada: Cardiologia (5º PERÍODO (turmas C e D));
28/04/2026 18:18:23;admin;Exclusão (Apagou);-Clínica Integrada: Nefrologia (5º PERÍODO (turmas C e D));
28/04/2026 18:18:23;admin;Exclusão (Apagou);-Clínica Integrada: Pneumologia (5º PERÍODO (turmas C e D));
28/04/2026 18:18:23;admin;Exclusão (Apagou);-Clínica Integrada: Urologia (5º PERÍODO (turmas C e D));
28/04/2026 18:18:23;admin;Exclusão (Apagou);-Comunicação Clínica (5º PERÍODO (turmas C e D));
28/04/2026 18:18:23;admin;Exclusão (Apagou);- Atenção Primária em Saúde na Comunidade VII (7º PERÍODO (turmas A e B));
28/04/2026 18:18:23;admin;Exclusão (Apagou);- Clínica Integrada: Oftalmologia (7º PERÍODO (turmas A e B));
28/04/2026 18:18:23;admin;Exclusão (Apagou);- Clínica Integrada: Otorrinolaringologia (7º PERÍODO (turmas A e B));
28/04/2026 18:18:23;admin;Exclusão (Apagou);- Clínica Integrada: Neurologia (7º PERÍODO (turmas A e B));
28/04/2026 18:18:23;admin;Exclusão (Apagou);- Clínica Integrada: Ortopedia e Traumatologia (7º PERÍODO (turmas A e B));
28/04/2026 18:18:23;admin;Exclusão (Apagou);- Clínica Integrada: Reumatologia (7º PERÍODO (turmas A e B));
28/04/2026 18:18:23;admin;Exclusão (Apagou);- Oncologia (7º PERÍODO (turmas A e B));
28/04/2026 18:18:23;admin;Exclusão (Apagou);- Atenção à Saúde da Criança e do Adolescente I (7º PERÍODO (turmas A e B));
28/04/2026 18:18:23;admin;Exclusão (Apagou);- Atenção Primária em Saúde na Comunidade VII (7º PERÍODO (turmas C e D));
28/04/2026 18:18:23;admin;Exclusão (Apagou);- Clínica Integrada: Hematologia (7º PERÍODO (turmas C e D));
28/04/2026 18:18:23;admin;Exclusão (Apagou);- Oncologia (7º PERÍODO (turmas C e D));
28/04/2026 18:18:23;admin;Exclusão (Apagou);- Saúde do Idoso (7º PERÍODO (turmas C e D));
28/04/2026 18:18:23;admin;Exclusão (Apagou);- Saúde do Trabalhador (7º PERÍODO (turmas C e D));
28/04/2026 18:18:23;admin;Exclusão (Apagou);- Saúde Mental (7º PERÍODO (turmas C e D));
28/04/2026 18:18:23;admin;Exclusão (Apagou);- Urgências e Emergências (7º PERÍODO (turmas C e D));
28/04/2026 18:18:23;admin;Exclusão (Apagou);- Atenção à Saúde da Criança e do Adolescente I (7º PERÍODO (turmas C e D));
28/04/2026 15:18:59;admin;Alteração (Editou);2025.2;"[{""changed"": {""fields"": [""Ativo""]}}]"
28/04/2026 14:16:49;admin;Adição (Criou);2026.1;"[{""added"": {}}]"
28/04/2026 14:16:35;admin;Alteração (Editou);3º Período (2025.2);"[{""changed"": {""fields"": [""Semestre""]}}]"
28/04/2026 14:16:26;admin;Alteração (Editou);4º Período (2025.2);"[{""changed"": {""fields"": [""Semestre""]}}]"
28/04/2026 14:16:18;admin;Alteração (Editou);Estágio Curricular Obrigatório (2025.2);"[{""changed"": {""fields"": [""Semestre""]}}]"
28/04/2026 14:16:07;admin;Alteração (Editou);2º Período (2025.2);"[{""changed"": {""fields"": [""Semestre""]}}]"
28/04/2026 14:15:49;admin;Alteração (Editou);6º Período (2025.2);"[{""changed"": {""fields"": [""Semestre""]}}]"
28/04/2026 14:15:40;admin;Alteração (Editou);8º Período (2025.2);"[{""changed"": {""fields"": [""Semestre""]}}]"
28/04/2026 14:15:33;admin;Alteração (Editou);RESIDÊNCIA MÉDICA (2025.2);"[{""changed"": {""fields"": [""Semestre""]}}]"
28/04/2026 14:15:18;admin;Alteração (Editou);SIMULADO (2025.2);"[{""changed"": {""fields"": [""Semestre""]}}]"
28/04/2026 14:14:42;admin;Adição (Criou);2025.2;"[{""added"": {}}]"
28/04/2026 13:09:50;admin;Exclusão (Apagou);Considerando as recomendações de controle de infec...;
28/04/2026 12:55:06;admin;Exclusão (Apagou);Qual é o mecanismo de resistência conferido pelo p...;
16/03/2026 20:25:36;admin;Alteração (Editou);Clínica Médica - Simulado 1 (SIMULADO);"[{""changed"": {""fields"": [""Numero questoes prova""]}}]"
16/03/2026 20:25:23;admin;Alteração (Editou);Medicina de Família e Comunidade/Saúde Coletiva - Simulado 1 (SIMULADO);"[{""changed"": {""fields"": [""Numero questoes prova""]}}]"
16/03/2026 12:28:22;admin;Alteração (Editou);Medicina de Família e Comunidade/Saúde Coletiva - Simulado 1 (SIMULADO);"[{""changed"": {""fields"": [""Numero questoes prova""]}}]"
16/03/2026 12:21:27;admin;Alteração (Editou);Urgência e Emergência - Simulado 1 (SIMULADO);"[{""changed"": {""fields"": [""Nome""]}}]"
16/03/2026 12:21:15;admin;Adição (Criou);Urgência e (SIMULADO);"[{""added"": {}}]"
16/03/2026 10:28:48;admin;Alteração (Editou);Saúde Mental - Simulado 1 (SIMULADO);"[{""changed"": {""fields"": [""Numero questoes prova""]}}]"
16/03/2026 10:28:21;admin;Adição (Criou);GO_SIMULADO_CATEG (SIMULADO);"[{""added"": {}}]"
16/03/2026 10:27:26;admin;Exclusão (Apagou);Considerando o quadro, a conduta mais adequada é:...;
16/03/2026 10:27:26;admin;Exclusão (Apagou);Diante do quadro clínico, do contexto de urgência ...;
16/03/2026 10:27:26;admin;Exclusão (Apagou);Considerando a necessidade de equilibrar risco tro...;
16/03/2026 10:27:26;admin;Exclusão (Apagou);Considerando o papel da atenção primária na preven...;
16/03/2026 10:27:26;admin;Exclusão (Apagou);Considerando a faixa etária e o quadro clínico, o ...;
16/03/2026 10:27:26;admin;Exclusão (Apagou);Considerando o papel da atenção primária, a aborda...;
16/03/2026 10:27:26;admin;Exclusão (Apagou);No contexto da atenção primária, associando clínic...;
16/03/2026 10:27:26;admin;Exclusão (Apagou);Considerando os princípios da atenção primária e d...;
16/03/2026 10:27:26;admin;Exclusão (Apagou);No contexto da atenção primária, considerando a au...;
16/03/2026 10:27:26;admin;Exclusão (Apagou);Considerando seu histórico e o papel da atenção pr...;
16/03/2026 10:27:26;admin;Exclusão (Apagou);A conduta mais adequada em relação ao preparo peri...;
16/03/2026 10:27:26;admin;Exclusão (Apagou);Considerando o contexto da atenção primária e os a...;
16/03/2026 10:27:26;admin;Exclusão (Apagou);Considerando a abordagem centrada na pessoa e o ma...;
16/03/2026 10:27:26;admin;Exclusão (Apagou);Considerando o quadro, a conduta imediata mais ade...;
16/03/2026 10:27:26;admin;Exclusão (Apagou);Considerando as políticas de Saúde Coletiva e as d...;
16/03/2026 10:27:26;admin;Exclusão (Apagou);Diante desse quadro, a principal hipótese diagnóst...;
16/03/2026 10:27:26;admin;Exclusão (Apagou);No contexto da atenção primária, considerando o pe...;
16/03/2026 10:27:26;admin;Exclusão (Apagou);Considerando o quadro clínico da criança e o cenár...;
16/03/2026 10:27:26;admin;Exclusão (Apagou);Considerando a integração entre clínica do adulto ...;
16/03/2026 10:27:26;admin;Exclusão (Apagou);Considerando o desenvolvimento infantil e os trans...;
16/03/2026 10:27:26;admin;Exclusão (Apagou);A conduta mais adequada nesta situação é:...;
16/03/2026 10:27:26;admin;Exclusão (Apagou);A ação prioritária mais adequada para reduzir morb...;
16/03/2026 10:27:26;admin;Exclusão (Apagou);Diante desse quadro, a conduta mais adequada na at...;
16/03/2026 10:27:26;admin;Exclusão (Apagou);Considerando a hipótese de aspiração de corpo estr...;
16/03/2026 10:27:26;admin;Exclusão (Apagou);A conduta mais adequada para a equipe de saúde é:...;
16/03/2026 10:27:26;admin;Exclusão (Apagou);No contexto da atenção primária, a conduta inicial...;
16/03/2026 10:27:26;admin;Exclusão (Apagou);No contexto da atenção primária, a conduta mais ad...;
16/03/2026 10:27:26;admin;Exclusão (Apagou);Considerando o quadro de trauma em membro e o mane...;
16/03/2026 10:27:26;admin;Exclusão (Apagou);A conduta imediata mais adequada em sala de emergê...;
16/03/2026 10:27:26;admin;Exclusão (Apagou);A hipótese diagnóstica mais provável e a conduta i...;
16/03/2026 10:27:26;admin;Exclusão (Apagou);A conduta mais adequada na atenção primária é:...;
16/03/2026 10:27:26;admin;Exclusão (Apagou);Considerando o quadro na atenção primária, a condu...;
16/03/2026 10:27:26;admin;Exclusão (Apagou);A intervenção com maior impacto prognóstico na ate...;
16/03/2026 10:27:26;admin;Exclusão (Apagou);A conduta mais apropriada para otimizar o prognóst...;
16/03/2026 10:27:26;admin;Exclusão (Apagou);A estratégia mais eficaz para impacto populacional...;
16/03/2026 10:27:26;admin;Exclusão (Apagou);A conduta prioritária na atenção primária é:...;
16/03/2026 10:27:26;admin;Exclusão (Apagou);A intervenção integrada mais impactante é:...;
16/03/2026 10:27:26;admin;Exclusão (Apagou);A conduta mais adequada na atenção primária é:...;
16/03/2026 10:27:26;admin;Exclusão (Apagou);Diante de pré-eclâmpsia com sinais de gravidade, a...;
16/03/2026 10:27:26;admin;Exclusão (Apagou);A conduta mais adequada na atenção primária é:...;
16/03/2026 10:27:26;admin;Exclusão (Apagou);Nesse contexto, a estratégia central mais adequada...;
16/03/2026 10:27:26;admin;Exclusão (Apagou);Considerando a abordagem da saúde mental na atençã...;
16/03/2026 10:27:26;admin;Exclusão (Apagou);A medida que melhor traduz uma estratégia efetiva ...;
16/03/2026 10:27:26;admin;Exclusão (Apagou);Considerando os princípios da atenção primária e d...;
16/03/2026 10:27:26;admin;Exclusão (Apagou);No contexto da atenção primária, integrando o mane...;
16/03/2026 10:27:26;admin;Exclusão (Apagou);Nessa situação, a melhor estratégia a ser implemen...;
16/03/2026 10:27:26;admin;Exclusão (Apagou);Considerando a interface entre pediatria, saúde me...;
16/03/2026 10:27:26;admin;Exclusão (Apagou);No contexto da atenção primária, a conduta mais ad...;
16/03/2026 10:27:26;admin;Exclusão (Apagou);Considerando o papel da atenção primária e os prin...;
16/03/2026 10:27:26;admin;Exclusão (Apagou);Diante desse cenário, a estratégia mais adequada a...;
16/03/2026 10:27:26;admin;Exclusão (Apagou);A estratégia mais adequada para melhorar o control...;
16/03/2026 10:27:26;admin;Exclusão (Apagou);Considerando o risco cardiovascular intermediário-...;
16/03/2026 10:27:26;admin;Exclusão (Apagou);A estratégia mais resolutiva para esse cenário é:...;
16/03/2026 10:27:26;admin;Exclusão (Apagou);No contexto da atenção primária pediátrica, a cond...;
16/03/2026 10:27:26;admin;Exclusão (Apagou);Considerando diagnóstico de refluxo gastroesofágic...;
16/03/2026 10:27:26;admin;Exclusão (Apagou);Diante desse quadro sugestivo de endometriose sint...;
16/03/2026 10:27:26;admin;Exclusão (Apagou);A estratégia coletiva mais impactante seria:...;
16/03/2026 10:27:26;admin;Exclusão (Apagou);No contexto da atenção primária e saúde coletiva, ...;
16/03/2026 10:27:26;admin;Exclusão (Apagou);A abordagem mais integral seria:...;
16/03/2026 10:27:26;admin;Exclusão (Apagou);A estratégia coletiva mais adequada é:...;
16/03/2026 10:27:26;admin;Exclusão (Apagou);A estratégia mais resolutiva para esse contexto se...;
16/03/2026 10:27:26;admin;Exclusão (Apagou);Considerando princípios da atenção primária e saúd...;
16/03/2026 10:27:26;admin;Exclusão (Apagou);A estratégia coletiva mais impactante é:...;
16/03/2026 10:27:26;admin;Exclusão (Apagou);A ação mais estratégica seria:...;
16/03/2026 10:27:26;admin;Exclusão (Apagou);A estratégia mais adequada é:...;
16/03/2026 10:27:26;admin;Exclusão (Apagou);Considerando atenção primária e saúde coletiva, pr...;
16/03/2026 10:27:26;admin;Exclusão (Apagou);Estratégia prioritária:...;
16/03/2026 10:27:26;admin;Exclusão (Apagou);Intervenção mais resolutiva:...;
16/03/2026 10:27:26;admin;Exclusão (Apagou);Estratégia coletiva prioritária:...;
16/03/2026 10:27:26;admin;Exclusão (Apagou);Estratégia mais integral:...;
16/03/2026 10:27:26;admin;Exclusão (Apagou);Considerando intoxicação aguda e risco psiquiátric...;
16/03/2026 10:27:26;admin;Exclusão (Apagou);No contexto da atenção primária pediátrica e saúde...;
16/03/2026 10:27:26;admin;Exclusão (Apagou);Estratégia coletiva mais impactante:...;
16/03/2026 10:27:26;admin;Exclusão (Apagou);Considerando atenção primária e saúde mental, cond...;
16/03/2026 10:27:26;admin;Exclusão (Apagou);Abordagem integral atenção primária pediátrica/saú...;
16/03/2026 10:27:26;admin;Exclusão (Apagou);Estratégia coletiva prioritária:...;
16/03/2026 10:27:26;admin;Exclusão (Apagou);Conduta integral atenção primária:...;
16/03/2026 10:27:26;admin;Exclusão (Apagou);Conduta cirúrgica emergencial:...;
16/03/2026 10:27:26;admin;Exclusão (Apagou);Diagnóstico/conduta:...;
16/03/2026 10:27:26;admin;Exclusão (Apagou);Manejo anticoagulação pós-operatória:...;
16/03/2026 10:27:26;admin;Exclusão (Apagou);O diagnóstico mais provável e a conduta inicial ma...;
16/03/2026 10:27:26;admin;Exclusão (Apagou);Considerando classificação de Tokyo e indicação ci...;
16/03/2026 10:27:26;admin;Exclusão (Apagou);Diante de IAM com supra ST elevado anterior extens...;
16/03/2026 10:27:26;admin;Exclusão (Apagou);Estratégia coletiva prioritária:...;
16/03/2026 10:27:26;admin;Exclusão (Apagou);Gravidez ectópica rota hemodinamicamente instável:...;
16/03/2026 10:27:26;admin;Exclusão (Apagou);Sangramento 1º trimestre + gestação viável:...;
16/03/2026 10:27:26;admin;Exclusão (Apagou);Convulsão febril prolongada + OM complicada:...;
16/03/2026 10:27:26;admin;Exclusão (Apagou);Cardite reumática aguda pós-estreptocócica:...;
16/03/2026 10:27:26;admin;Exclusão (Apagou);Transtorno depressivo pediátrico contexto adverso:...;
16/03/2026 10:27:26;admin;Exclusão (Apagou);Insuficiência cardíaca congestiva lactente CIV:...;
16/03/2026 10:27:26;admin;Exclusão (Apagou);Diante deste cenário epidemiológico, qual a estrat...;
16/03/2026 10:27:26;admin;Exclusão (Apagou);Analisando estes dados populacionais pediátricos, ...;
16/03/2026 10:27:26;admin;Exclusão (Apagou);Diante desta intoxicação mista autolítica, qual a ...;
16/03/2026 10:27:26;admin;Exclusão (Apagou);Diante desta complicação biliar pós-operatória, qu...;
16/03/2026 10:27:26;admin;Exclusão (Apagou);Neste contexto de ICC descompensada atenção primár...;
16/03/2026 10:27:26;admin;Exclusão (Apagou);Qual estratégia integrada reduz risco cardiovascul...;
16/03/2026 10:27:26;admin;Exclusão (Apagou);Diante destes indicadores materno-infantis, qual p...;
16/03/2026 10:27:26;admin;Exclusão (Apagou);Diante risco parto prematuro ameaça, qual conduta ...;
16/03/2026 10:27:26;admin;Exclusão (Apagou);Neste quadro ICC lactente cardiopatia congênita, q...;
16/03/2026 10:27:26;admin;Exclusão (Apagou);Aplicando ATLS trauma instável, qual sequência pri...;
14/03/2026 23:09:32;admin;Exclusão (Apagou);Considerando a principal hipótese diagnóstica, qua...;
14/03/2026 23:09:32;admin;Exclusão (Apagou);Qual é a conduta cirúrgica indicada para este caso...;
14/03/2026 23:09:32;admin;Exclusão (Apagou);Qual é o provável diagnóstico e o achado físico de...;
14/03/2026 23:09:32;admin;Exclusão (Apagou);Diante do quadro de provável hemorragia digestiva ...;
14/03/2026 23:09:32;admin;Exclusão (Apagou);Qual o diagnóstico e a classificação de controle p...;
14/03/2026 23:09:32;admin;Exclusão (Apagou);De acordo com o Consenso Brasileiro de Doença do R...;
14/03/2026 23:09:32;admin;Exclusão (Apagou);Qual ajuste medicamentoso é prioritário para o con...;
14/03/2026 23:09:32;admin;Exclusão (Apagou);Considerando o protocolo do Ministério da Saúde pa...;
14/03/2026 23:09:32;admin;Exclusão (Apagou);Qual a conduta terapêutica e a primeira alteração ...;
14/03/2026 23:09:32;admin;Exclusão (Apagou);Qual a medicação de primeira escolha para este qua...;
14/03/2026 23:09:32;admin;Exclusão (Apagou);Diante do diagnostico de sifilis latente de duraca...;
14/03/2026 23:09:32;admin;Exclusão (Apagou);Com base nas recomendacoes atuais de rastreamento ...;
14/03/2026 23:09:32;admin;Exclusão (Apagou);Qual a conduta adequada a ser adotada na assistenc...;
14/03/2026 23:09:32;admin;Exclusão (Apagou);Qual o diagnostico mais provavel para este quadro?...;
14/03/2026 23:09:32;admin;Exclusão (Apagou);Quais achados sao obrigatorios para a definicao da...;
14/03/2026 23:09:32;admin;Exclusão (Apagou);De acordo com as diretrizes de acompanhamento de c...;
14/03/2026 23:09:32;admin;Exclusão (Apagou);Qual a conduta imediata obrigatoria no ambiente pr...;
14/03/2026 23:09:32;admin;Exclusão (Apagou);Qual a principal hipotese diagnostica para esta pa...;
14/03/2026 23:09:32;admin;Exclusão (Apagou);Considerando as metas tensionais e a fragilidade n...;
14/03/2026 23:09:32;admin;Exclusão (Apagou);Qual a melhor estrategia de prevencao combinada a ...;
14/03/2026 23:09:32;admin;Exclusão (Apagou);Qual e a conduta adequada para este momento?...;
14/03/2026 23:09:32;admin;Exclusão (Apagou);Qual o tratamento medicamentoso inicial recomendad...;
14/03/2026 23:09:32;admin;Exclusão (Apagou);Assinale a alternativa com a situacao em que se de...;
14/03/2026 23:09:32;admin;Exclusão (Apagou);Considerando o diagnostico mais provavel, a condut...;
14/03/2026 23:09:32;admin;Exclusão (Apagou);Qual a conduta correta no puerperio imediato em re...;
14/03/2026 23:09:32;admin;Exclusão (Apagou);Qual a hipotese diagnostica e o manejo adequado?...;
14/03/2026 23:09:32;admin;Exclusão (Apagou);Qual o proximo passo na conducao do caso?...;
14/03/2026 23:09:32;admin;Exclusão (Apagou);Sobre a legislacao federal vigente a respeito da i...;
14/03/2026 23:09:32;admin;Exclusão (Apagou);O paciente apresenta contraindicacao para terapia ...;
14/03/2026 23:09:32;admin;Exclusão (Apagou);Assinale a alternativa correta sobre o caso:...;
14/03/2026 22:56:20;admin;Alteração (Editou);Considerando a principal hipótese diagnóstica, qua...;"[{""changed"": {""fields"": [""Texto base""]}}]"
14/03/2026 22:52:09;admin;Alteração (Editou);Qual é a conduta cirúrgica indicada para este caso...;"[{""changed"": {""fields"": [""Texto base""]}}]"
14/03/2026 22:50:33;admin;Alteração (Editou);Qual é o provável diagnóstico e o achado físico de...;"[{""changed"": {""fields"": [""Texto base""]}}]"
14/03/2026 22:48:22;admin;Alteração (Editou);Diante do quadro de provável hemorragia digestiva ...;"[{""changed"": {""fields"": [""Texto base""]}}]"
14/03/2026 22:45:18;admin;Alteração (Editou);Qual o diagnóstico e a classificação de controle p...;"[{""changed"": {""fields"": [""Texto base""]}}]"
14/03/2026 22:43:29;admin;Alteração (Editou);De acordo com o Consenso Brasileiro de Doença do R...;"[{""changed"": {""fields"": [""Texto base""]}}]"
14/03/2026 22:42:42;admin;Alteração (Editou);Qual ajuste medicamentoso é prioritário para o con...;"[{""changed"": {""fields"": [""Texto base""]}}]"
14/03/2026 22:39:59;admin;Alteração (Editou);Considerando o protocolo do Ministério da Saúde pa...;"[{""changed"": {""name"": ""alternativa"", ""object"": ""D) Prescrever Ceftriaxona 1g IM por 10 dias, caso a paciente seja al\u00e9rgica a sulfa."", ""fields"": [""Texto""]}}]"
14/03/2026 22:39:14;admin;Alteração (Editou);Qual a conduta terapêutica e a primeira alteração ...;"[{""changed"": {""fields"": [""Texto base""]}}]"
14/03/2026 22:36:00;admin;Alteração (Editou);Qual a medicação de primeira escolha para este qua...;"[{""changed"": {""name"": ""alternativa"", ""object"": ""A) Donepezila 5mg/dia."", ""fields"": [""Texto""]}}, {""changed"": {""name"": ""alternativa"", ""object"": ""B) Levodopa + Carbidopa 250/25mg."", ""fields"": [""Texto""]}}, {""changed"": {""name"": ""alternativa"", ""object"": ""C) Amitriptilina 25mg$ao deitar."", ""fields"": [""Texto""]}}, {""changed"": {""name"": ""alternativa"", ""object"": ""D) Rivastigmina 1,5mg duas vezes ao dia."", ""fields"": [""Texto""]}}]"
14/03/2026 22:31:16;admin;Exclusão (Apagou);Com base no quadro clínico apresentado, qual é a c...;
14/03/2026 22:31:16;admin;Exclusão (Apagou);Considerando o quadro descrito, qual é a conduta m...;
14/03/2026 22:31:16;admin;Exclusão (Apagou);Qual exame complementar é mais adequado para confi...;
14/03/2026 22:31:16;admin;Exclusão (Apagou);Qual é a principal hipótese diagnóstica nesse caso...;
14/03/2026 22:31:16;admin;Exclusão (Apagou);Qual é a conduta imediata indicada para esse pacie...;
14/03/2026 22:31:16;admin;Exclusão (Apagou);Qual diagnóstico melhor explica o quadro clínico a...;
14/03/2026 22:31:16;admin;Exclusão (Apagou);Qual diagnóstico é mais provável nesse caso?...;
14/03/2026 22:31:16;admin;Exclusão (Apagou);Qual é o diagnóstico mais provável nesse caso?...;
14/03/2026 22:31:16;admin;Exclusão (Apagou);Qual é a principal causa do sangramento nesse caso...;
14/03/2026 22:31:16;admin;Exclusão (Apagou);Qual diagnóstico é mais provável nesse caso?...;
14/03/2026 21:15:24;admin;Exclusão (Apagou);Qual é o diagnóstico mais provável para esta tríad...;
14/03/2026 21:15:24;admin;Exclusão (Apagou);Qual a principal função do ventrículo esquerdo?...;
03/03/2026 20:27:29;admin;Adição (Criou);SIMULADO_NAPED (SIMULADO);"[{""added"": {}}]"
24/02/2026 07:34:04;admin;Adição (Criou);Saúde Mental - Simulado 1 (SIMULADO);"[{""added"": {}}]"
24/02/2026 07:33:41;admin;Alteração (Editou);Pediatria - Simulado 1 (SIMULADO);"[{""changed"": {""fields"": [""Numero questoes prova""]}}]"
24/02/2026 07:33:35;admin;Alteração (Editou);Ginecologia e Obstetrícia - Simulado 1 (SIMULADO);"[{""changed"": {""fields"": [""Numero questoes prova""]}}]"
24/02/2026 07:33:25;admin;Alteração (Editou);Medicina de Família e Comunidade/Saúde Coletiva - Simulado 1 (SIMULADO);"[{""changed"": {""fields"": [""Numero questoes prova""]}}]"
24/02/2026 07:33:18;admin;Alteração (Editou);Clínica Médica - Simulado 1 (SIMULADO);"[{""changed"": {""fields"": [""Numero questoes prova""]}}]"
24/02/2026 07:33:10;admin;Alteração (Editou);Cirurgia Geral - Simulado 1 (SIMULADO);"[{""changed"": {""fields"": [""Numero questoes prova""]}}]"
24/02/2026 07:30:58;admin;Exclusão (Apagou);Saúde Mental - Simulado 1 (SIMULADO);
24/02/2026 07:30:10;admin;Exclusão (Apagou);Urgência e Emergência - Simulado 1 (SIMULADO);
24/02/2026 07:29:53;admin;Exclusão (Apagou);Saúde Coletiva - Simulado 1 (SIMULADO);
24/02/2026 07:29:41;admin;Alteração (Editou);Medicina de Família e Comunidade/Saúde Coletiva - Simulado 1 (SIMULADO);"[{""changed"": {""fields"": [""Nome""]}}]"
24/02/2026 07:10:20;admin;Alteração (Editou);Saúde Coletiva - Simulado 1 (SIMULADO);"[{""changed"": {""fields"": [""Numero questoes prova""]}}]"
24/02/2026 07:10:08;admin;Alteração (Editou);Pediatria - Simulado 1 (SIMULADO);"[{""changed"": {""fields"": [""Numero questoes prova""]}}]"
24/02/2026 07:09:58;admin;Alteração (Editou);Ginecologia e Obstetrícia - Simulado 1 (SIMULADO);"[{""changed"": {""fields"": [""Numero questoes prova""]}}]"
24/02/2026 07:09:47;admin;Alteração (Editou);Medicina de Família e Comunidade - Simulado 1 (SIMULADO);"[{""changed"": {""fields"": [""Numero questoes prova""]}}]"
24/02/2026 07:09:37;admin;Alteração (Editou);Saúde Mental - Simulado 1 (SIMULADO);"[{""changed"": {""fields"": [""Numero questoes prova""]}}]"
24/02/2026 07:09:20;admin;Alteração (Editou);Urgência e Emergência - Simulado 1 (SIMULADO);"[{""changed"": {""fields"": [""Numero questoes prova""]}}]"
24/02/2026 07:09:09;admin;Alteração (Editou);Cirurgia Geral - Simulado 1 (SIMULADO);"[{""changed"": {""fields"": [""Numero questoes prova""]}}]"
23/02/2026 19:01:52;admin;Alteração (Editou);SIMULADO;"[{""changed"": {""fields"": [""Nome""]}}]"
23/02/2026 18:16:17;admin;Adição (Criou);Cirurgia Geral - Simulado 1 (SIMULADO 1);"[{""added"": {}}]"
23/02/2026 18:15:54;admin;Adição (Criou);Clínica Médica - Simulado 1 (SIMULADO 1);"[{""added"": {}}]"
23/02/2026 18:15:30;admin;Adição (Criou);Urgência e Emergência - Simulado 1 (SIMULADO 1);"[{""added"": {}}]"
23/02/2026 18:15:04;admin;Adição (Criou);Saúde Mental - Simulado 1 (SIMULADO 1);"[{""added"": {}}]"
23/02/2026 18:14:42;admin;Adição (Criou);Medicina de Família e Comunidade - Simulado 1 (SIMULADO 1);"[{""added"": {}}]"
23/02/2026 18:13:41;admin;Adição (Criou);Ginecologia e Obstetrícia - Simulado 1 (SIMULADO 1);"[{""added"": {}}]"
23/02/2026 18:13:17;admin;Alteração (Editou);Saúde Coletiva - Simulado 1 (SIMULADO 1);"[{""changed"": {""fields"": [""Nome""]}}]"
23/02/2026 18:13:06;admin;Adição (Criou);Pediatria - Simulado 1 (SIMULADO 1);"[{""added"": {}}]"
23/02/2026 18:12:42;admin;Adição (Criou);Saúde Coletiva (SIMULADO 1);"[{""added"": {}}]"
23/02/2026 18:11:00;admin;Adição (Criou);SIMULADO 1;"[{""added"": {}}]"
27/01/2026 16:47:05;admin;Alteração (Editou);Sobre o caso clínico podemos afirmar:...;[]
27/01/2026 13:37:25;admin;Alteração (Editou);Sobre o caso clínico podemos afirmar:...;[]
16/01/2026 09:39:09;admin;Alteração (Editou);Qual é o critério diagnóstico mais adequado para c...;"[{""changed"": {""fields"": [""Status""]}}]"
16/01/2026 09:38:09;admin;Adição (Criou);Qual é o critério diagnóstico mais adequado para c...;"[{""added"": {}}, {""added"": {""name"": ""alternativa"", ""object"": ""Identifica\u00e7\u00e3o de Gardnerella vaginalis em cultura vaginal.""}}, {""added"": {""name"": ""alternativa"", ""object"": ""Presen\u00e7a de c\u00e9lulas-chave (clue cells)  na microscopia, pH vaginal elevado e teste das aminas positivo.""}}, {""added"": {""name"": ""alternativa"", ""object"": ""Presen\u00e7a de fluxo vaginal espesso, de colora\u00e7\u00e3o esverdeada com aumento de leuc\u00f3citos no fresco.""}}, {""added"": {""name"": ""alternativa"", ""object"": ""Realiza\u00e7\u00e3o de teste molecular (PCR) para flora vaginal anormal como padr\u00e3o-ouro diagn\u00f3stico.""}}, {""added"": {""name"": ""alternativa"", ""object"": ""Presen\u00e7a de corrimento com prurido intenso e eritema vaginal associado a pH \u00e1cido (< 4,5).""}}]"
16/01/2026 09:05:13;admin;Adição (Criou);Considerando as diretrizes atuais , qual é a condu...;"[{""added"": {}}, {""added"": {""name"": ""alternativa"", ""object"": ""Realizar apenas seguimento semestral com citologia e colposcopia por at\u00e9 24 meses, devido ao desejo reprodutivo.""}}, {""added"": {""name"": ""alternativa"", ""object"": ""Indicar excis\u00e3o da zona de transforma\u00e7\u00e3o atrav\u00e9s de  (EZT ( Ex\u00e9rese da Zona de Transforma\u00e7\u00e3o) ,  CAF ( Cirurgia de Alta Frequ\u00eancia ) e ou LEEP ( Loop Eletrosurgical Excision Procedure ), pois \u00e9 o tratamento padr\u00e3o para NIC III, mesmo em pacientes jovens que desejam preservar fertilidade.""}}, {""added"": {""name"": ""alternativa"", ""object"": ""Realizar histerectomia total simples por se tratar de les\u00e3o de alto grau e risco de progress\u00e3o.""}}, {""added"": {""name"": ""alternativa"", ""object"": ""Tratar inicialmente com cauteriza\u00e7\u00e3o qu\u00edmica da les\u00e3o e reavaliar em seis meses.""}}, {""added"": {""name"": ""alternativa"", ""object"": ""Adiar qualquer interven\u00e7\u00e3o e repetir citologia em 12 meses, j\u00e1 que NIC III pode regredir espontaneamente em pacientes < 30 anos.""}}]"
16/01/2026 09:01:08;admin;Alteração (Editou);Diante do quadro clínico e dos exames materno-feta...;[]
16/01/2026 09:00:29;admin;Alteração (Editou);Com base no quadro clínico, diagnóstico e propedêu...;[]
16/01/2026 08:59:59;admin;Alteração (Editou);Qual o próximo passo,  MAIS adequado  , na investi...;[]
16/01/2026 08:59:37;admin;Alteração (Editou);Com base no caso clínico, qual é a melhor conduta ...;[]
16/01/2026 08:59:01;admin;Alteração (Editou);Com base no caso, qual é a conduta mais adequada?...;[]
16/01/2026 08:58:10;admin;Alteração (Editou);Qual a principal finalidade e benefício comprovado...;[]
16/01/2026 08:55:49;admin;Alteração (Editou);Com base nas diretrizes atuais , qual é o método a...;[]
16/01/2026 08:55:10;admin;Alteração (Editou);Com base no protocolos atuais,  qual é a melhor re...;[]
16/01/2026 08:52:47;admin;Alteração (Editou);Diante do quadro clínico e dos exames materno-feta...;"[{""changed"": {""name"": ""alternativa"", ""object"": ""Manter conduta expectante  com interna\u00e7\u00e3o hospitalar, controle press\u00f3rico e vigil\u00e2ncia materno-fetal seriada  e administrar corticoide para matura\u00e7\u00e3o pulmonar.."", ""fields"": [""Texto""]}}]"
16/01/2026 08:48:58;admin;Alteração (Editou);Com base no quadro clínico, diagnóstico e propedêu...;[]
16/01/2026 08:48:42;admin;Alteração (Editou);Qual o próximo passo,  MAIS adequado  , na investi...;[]
16/01/2026 08:47:48;admin;Alteração (Editou);Qual o próximo passo,  MAIS adequado  , na investi...;[]
16/01/2026 08:46:34;admin;Alteração (Editou);Com base no quadro clínico, diagnóstico e propedêu...;[]
16/01/2026 08:45:19;admin;Alteração (Editou);Qual o próximo passo,  MAIS adequado  , na investi...;"[{""changed"": {""name"": ""alternativa"", ""object"": ""Solicitar pesquisa de anticorpos antifosfol\u00edpides (anticardiolipina, anti-\u03b22GP1 e anticoagulante l\u00fapico ) ."", ""fields"": [""Texto""]}}]"
16/01/2026 08:43:37;admin;Alteração (Editou);Com base no caso clínico, qual é a melhor conduta ...;[]
16/01/2026 08:42:01;admin;Alteração (Editou);Com base no caso, qual é a conduta mais adequada?...;[]
15/01/2026 17:36:04;admin;Alteração (Editou);Com base no caso, qual é a conduta mais adequada?...;[]
15/01/2026 17:32:39;admin;Alteração (Editou);Qual a principal finalidade e benefício comprovado...;[]
15/01/2026 15:47:25;admin;Adição (Criou);De acordo com diretrizes brasileiras para manejo f...;"[{""added"": {}}, {""added"": {""name"": ""alternativa"", ""object"": ""Manter metformina na dose atual e associar glibenclamida, visando intensifica\u00e7\u00e3o glic\u00eamica com medicamento oral.""}}, {""added"": {""name"": ""alternativa"", ""object"": ""Reduzir a metformina para dose total di\u00e1ria m\u00e1xima de 1.000 mg e iniciar dapagliflozina 10 mg ao dia.""}}, {""added"": {""name"": ""alternativa"", ""object"": ""Suspender metformina e iniciar insulina humana NPH em dose basal, devido \u00e0 filtra\u00e7\u00e3o glomerular estimada abaixo de 50.""}}, {""added"": {""name"": ""alternativa"", ""object"": ""Substituir metformina por pioglitazona como monoterapia, considerando a redu\u00e7\u00e3o da filtra\u00e7\u00e3o glomerular estimada.""}}, {""added"": {""name"": ""alternativa"", ""object"": ""Manter metformina na dose atual e adicionar sitagliptina, visando controle glic\u00eamico com baixo risco de hipoglicemia.""}}]"
15/01/2026 15:40:47;admin;Alteração (Editou);Considerando os achados do líquido pleural, qual é...;[]
15/01/2026 15:30:46;admin;Adição (Criou);Considerando os achados do líquido pleural, qual é...;"[{""added"": {}}, {""added"": {""name"": ""alternativa"", ""object"": ""Manter antibi\u00f3tico e observar evolu\u00e7\u00e3o cl\u00ednica, pois a cultura e o Gram s\u00e3o negativos.""}}, {""added"": {""name"": ""alternativa"", ""object"": ""Indicar drenagem pleural com dreno tor\u00e1cico associado ao antibi\u00f3tico, devido ao pH baixo e glicose baixa.""}}, {""added"": {""name"": ""alternativa"", ""object"": ""Repetir toracocentese seriada a cada 48 horas, evitando drenagem cont\u00ednua para reduzir risco de pneumot\u00f3rax.""}}, {""added"": {""name"": ""alternativa"", ""object"": ""Iniciar diur\u00e9tico e restri\u00e7\u00e3o h\u00eddrica, pois o derrame pleural pode ser transudativo associado a sobrecarga vol\u00eamica.""}}, {""added"": {""name"": ""alternativa"", ""object"": ""Suspender antibi\u00f3tico e aguardar resultado de cultura para ajustar tratamento e decidir abordagem do derrame.""}}]"
15/01/2026 15:19:22;admin;Adição (Criou);Considerando recomendações atuais para sepse e cho...;"[{""added"": {}}, {""added"": {""name"": ""alternativa"", ""object"": ""Adiar antimicrobianos e repetir procalcitonina em 6 horas para confirmar infec\u00e7\u00e3o bacteriana antes de tratar.""}}, {""added"": {""name"": ""alternativa"", ""object"": ""Iniciar antibi\u00f3tico de amplo espectro e ressuscita\u00e7\u00e3o com cristal\u00f3ide, reavaliando perfus\u00e3o com lactato seriado.""}}, {""added"": {""name"": ""alternativa"", ""object"": ""Usar apenas qSOFA para excluir sepse e conduzir o caso como pneumonia simples, sem protocolo de sepse.""}}, {""added"": {""name"": ""alternativa"", ""object"": ""Iniciar vasopressor imediatamente antes de qualquer reposi\u00e7\u00e3o vol\u00eamica, pois a press\u00e3o arterial est\u00e1 baixa.""}}, {""added"": {""name"": ""alternativa"", ""object"": ""Priorizar corticoide endovenoso de rotina e adiar antibi\u00f3tico at\u00e9 coleta de culturas e tomografia de t\u00f3rax.""}}]"
15/01/2026 15:12:48;admin;Adição (Criou);Conforme diretrizes, qual é a anticoagulação de es...;"[{""added"": {}}, {""added"": {""name"": ""alternativa"", ""object"": ""\u00c1cido acetilsalic\u00edlico em dose antitromb\u00f3tica como monoterapia cont\u00ednua, pois oferece prote\u00e7\u00e3o suficiente ap\u00f3s evento venoso.""}}, {""added"": {""name"": ""alternativa"", ""object"": ""Anticoagulante oral direto em dose padr\u00e3o (por exemplo, rivaroxabana), pois apresenta efic\u00e1cia equivalente e menor necessidade de monitoriza\u00e7\u00e3o.""}}, {""added"": {""name"": ""alternativa"", ""object"": ""Antagonista da vitamina K (varfarina) com alvo de INR (raz\u00e3o normalizada internacional) entre 2,0 e 3,0 como estrat\u00e9gia de longo prazo.""}}, {""added"": {""name"": ""alternativa"", ""object"": ""Heparina de baixo peso molecular em dose profil\u00e1tica cont\u00ednua, visando reduzir recorr\u00eancia com menor risco de sangramento.""}}, {""added"": {""name"": ""alternativa"", ""object"": ""Anticoagula\u00e7\u00e3o por 3 meses e suspens\u00e3o ap\u00f3s resolu\u00e7\u00e3o do trombo, pois o risco recorrente \u00e9 baixo quando o LES est\u00e1 controlado.""}}]"
15/01/2026 15:09:40;admin;Adição (Criou);Qual conduta inicial é mais adequada para tratar a...;"[{""added"": {}}, {""added"": {""name"": ""alternativa"", ""object"": ""Manter trimetoprima-sulfametoxazol e iniciar solu\u00e7\u00e3o salina hipert\u00f4nica, pois o s\u00f3dio explica o risco imediato do quadro.""}}, {""added"": {""name"": ""alternativa"", ""object"": ""Suspender trimetoprima-sulfametoxazol e revisar bloqueio do sistema renina-angiotensina, al\u00e9m de tratar hipercalemia conforme gravidade eletrocardiogr\u00e1fica.""}}, {""added"": {""name"": ""alternativa"", ""object"": ""Iniciar tolvaptana por via oral e manter os demais f\u00e1rmacos, visando corre\u00e7\u00e3o simult\u00e2nea de s\u00f3dio e pot\u00e1ssio.""}}, {""added"": {""name"": ""alternativa"", ""object"": ""Iniciar fludrocortisona em dose plena e manter trimetoprima-sulfametoxazol, visando reposi\u00e7\u00e3o mineralocorticoide como primeira medida.""}}, {""added"": {""name"": ""alternativa"", ""object"": ""Iniciar hidrocortisona endovenosa e coletar cortisol, visando tratar insufici\u00eancia adrenal como causa principal em pacientes com HIV.""}}]"
15/01/2026 15:06:26;admin;Adição (Criou);De acordo com recomendações brasileiras, qual cond...;"[{""added"": {}}, {""added"": {""name"": ""alternativa"", ""object"": ""Iniciar terapia antirretroviral ap\u00f3s concluir o tratamento da tuberculose, pois o risco de s\u00edndrome inflamat\u00f3ria de reconstitui\u00e7\u00e3o imune \u00e9 alto.""}}, {""added"": {""name"": ""alternativa"", ""object"": ""Iniciar terapia antirretroviral em at\u00e9 2 semanas e usar esquema com dolutegravir ajustado durante o uso de rifampicina.""}}, {""added"": {""name"": ""alternativa"", ""object"": ""Iniciar terapia antirretroviral apenas ap\u00f3s 8 semanas e manter dolutegravir em dose usual, pois a rifampicina n\u00e3o altera sua concentra\u00e7\u00e3o.""}}, {""added"": {""name"": ""alternativa"", ""object"": ""Iniciar terapia antirretroviral imediatamente e substituir rifampicina por rifabutina em todos os casos para evitar intera\u00e7\u00f5es.""}}, {""added"": {""name"": ""alternativa"", ""object"": ""Iniciar terapia antirretroviral em at\u00e9 2 semanas e evitar qualquer inibidor de integrase, utilizando apenas efavirenz como op\u00e7\u00e3o.""}}]"
15/01/2026 15:02:58;admin;Adição (Criou);Com base na estratificação de risco e considerando...;"[{""added"": {}}, {""added"": {""name"": ""alternativa"", ""object"": ""Realizar tromb\u00f3lise sist\u00eamica imediata e manter anticoagula\u00e7\u00e3o plena ap\u00f3s estabiliza\u00e7\u00e3o.""}}, {""added"": {""name"": ""alternativa"", ""object"": ""Iniciar anticoagula\u00e7\u00e3o terap\u00eautica e monitoriza\u00e7\u00e3o intensiva, reservando reperfus\u00e3o para deteriora\u00e7\u00e3o hemodin\u00e2mica.""}}, {""added"": {""name"": ""alternativa"", ""object"": ""Iniciar anticoagula\u00e7\u00e3o profil\u00e1tica e planejar alta precoce, pois n\u00e3o h\u00e1 sinais de choque.""}}, {""added"": {""name"": ""alternativa"", ""object"": ""Iniciar diur\u00e9tico endovenoso e betabloqueador, pois a taquicardia sugere descompensa\u00e7\u00e3o card\u00edaca prim\u00e1ria.""}}, {""added"": {""name"": ""alternativa"", ""object"": ""Indicar embolectomia cir\u00fargica de urg\u00eancia como primeira linha na aus\u00eancia de choque.""}}]"
15/01/2026 14:57:47;admin;Adição (Criou);Segundo o Protocolo Clínico e Diretrizes Terapêuti...;"[{""added"": {}}, {""added"": {""name"": ""alternativa"", ""object"": ""Iniciar prednisona por via oral como monoterapia, pois corticoide sist\u00eamico \u00e9 a primeira escolha em atividade leve a moderada.""}}, {""added"": {""name"": ""alternativa"", ""object"": ""Iniciar mesalazina por via oral associada a mesalazina por via retal, pois a combina\u00e7\u00e3o \u00e9 superior a cada via isolada na colite esquerda.""}}, {""added"": {""name"": ""alternativa"", ""object"": ""Iniciar azatioprina para indu\u00e7\u00e3o de remiss\u00e3o, pois imunossupressor tem a\u00e7\u00e3o r\u00e1pida e reduz recidivas precoces.""}}, {""added"": {""name"": ""alternativa"", ""object"": ""Iniciar infliximabe como primeira linha, pois terapia biol\u00f3gica \u00e9 prefer\u00edvel em qualquer atividade com sangramento.""}}, {""added"": {""name"": ""alternativa"", ""object"": ""Iniciar metronidazol e ciprofloxacino, pois antibioticoterapia reduz a inflama\u00e7\u00e3o mucosa e induz remiss\u00e3o em colite esquerda.""}}]"
15/01/2026 14:50:13;admin;Adição (Criou);Qual interpretação é mais compatível com o conjunt...;"[{""added"": {}}, {""added"": {""name"": ""alternativa"", ""object"": ""Anemia por defici\u00eancia de ferro isolada, pois ferritina abaixo de 100 ng/mL confirma ferropenia em qualquer cen\u00e1rio.""}}, {""added"": {""name"": ""alternativa"", ""object"": ""Anemia da inflama\u00e7\u00e3o isolada, pois ferritina em faixa intermedi\u00e1ria afasta defici\u00eancia de ferro.""}}, {""added"": {""name"": ""alternativa"", ""object"": ""Anemia mista, pois satura\u00e7\u00e3o de transferrina baixa com ferritina n\u00e3o baixa em contexto inflamat\u00f3rio sugere coexist\u00eancia de mecanismos.""}}, {""added"": {""name"": ""alternativa"", ""object"": ""Talassemia menor, pois microcitose com anemia moderada e reticulocitopenia \u00e9 o padr\u00e3o t\u00edpico.""}}, {""added"": {""name"": ""alternativa"", ""object"": ""Anemia hemol\u00edtica autoimune, pois RDW elevado em doen\u00e7a autoimune sugere hem\u00f3lise cr\u00f4nica.""}}]"
15/01/2026 14:45:09;admin;Alteração (Editou);I. O tratamento padrão-ouro inicial para pneumonia...;"[{""changed"": {""fields"": [""Status""]}}]"
15/01/2026 14:43:48;admin;Alteração (Editou);I. A vacinação é uma das intervenções de saúde púb...;"[{""changed"": {""fields"": [""Status""]}}]"
15/01/2026 11:34:32;admin;Adição (Criou);Diante deste quadro clínico , assinale  a conduta ...;"[{""added"": {}}, {""added"": {""name"": ""alternativa"", ""object"": ""Solicitar colonoscopia, hemograma completo e referenciar para avalia\u00e7\u00e3o de equipe de cirurgia geral ou coloproctologia com brevidade.""}}, {""added"": {""name"": ""alternativa"", ""object"": ""Encaminhar para acompanhamento psicol\u00f3gico devido \u00e0 ansiedade relacionada aos sintomas intestinais.""}}, {""added"": {""name"": ""alternativa"", ""object"": ""Iniciar tratamento emp\u00edrico para anemia ferropriva, com suplementa\u00e7\u00e3o de ferro e vitamina C.""}}, {""added"": {""name"": ""alternativa"", ""object"": ""Aconselhar aumento da ingest\u00e3o de l\u00edquidos e fibras para regulariza\u00e7\u00e3o do tr\u00e2nsito intestinal e redu\u00e7\u00e3o do sangramento, al\u00e9m de orientar retorno para acompanhamento.""}}, {""added"": {""name"": ""alternativa"", ""object"": ""Solicitar ultrassonografia abdominal total para descartar outras causas de dor e sangramento.""}}]"
15/01/2026 11:31:50;admin;Alteração (Editou);Diante deste quadro clínico, assinale qual seria a...;"[{""changed"": {""fields"": [""Status""]}}]"
15/01/2026 11:31:32;admin;Adição (Criou);Diante deste quadro clínico, assinale qual seria a...;"[{""added"": {}}, {""added"": {""name"": ""alternativa"", ""object"": ""Diagnosticar apendicite aguda e preparar para explora\u00e7\u00e3o cir\u00fargica.""}}, {""added"": {""name"": ""alternativa"", ""object"": ""Iniciar antibioticoterapia de amplo espectro para infec\u00e7\u00e3o do trato urin\u00e1rio.""}}, {""added"": {""name"": ""alternativa"", ""object"": ""Prescrever analg\u00e9sicos opi\u00f3ides e solicitar ultrassonografia renal e de vias urin\u00e1rias.""}}, {""added"": {""name"": ""alternativa"", ""object"": ""Reconhecer c\u00f3lica renal e administrar anti-inflamat\u00f3rios n\u00e3o esteroidais (AINEs) e realizar tomografia computadorizada de abdome e pelve sem contraste.""}}, {""added"": {""name"": ""alternativa"", ""object"": ""Considerar lombociatalgia e indicar repouso absoluto com relaxantes musculares.""}}]"
15/01/2026 11:28:22;admin;Adição (Criou);Diante deste quadro clínico e dos antecedentes do ...;"[{""added"": {}}, {""added"": {""name"": ""alternativa"", ""object"": ""Administrar analg\u00e9sicos potentes e aguardar a resposta cl\u00ednica nas pr\u00f3ximas horas, sem interven\u00e7\u00e3o espec\u00edfica.""}}, {""added"": {""name"": ""alternativa"", ""object"": ""Iniciar hepariniza\u00e7\u00e3o sist\u00eamica e preparar o paciente para revasculariza\u00e7\u00e3o cir\u00fargica de emerg\u00eancia.""}}, {""added"": {""name"": ""alternativa"", ""object"": ""Diagnosticar trombose venosa profunda e iniciar anticoagula\u00e7\u00e3o plena com heparina de baixo peso molecular.""}}, {""added"": {""name"": ""alternativa"", ""object"": ""Realizar arteriografia do membro inferior e, se confirmada a oclus\u00e3o, programar angioplastia para o dia seguinte.""}}, {""added"": {""name"": ""alternativa"", ""object"": ""Prescrever antibi\u00f3ticos profil\u00e1ticos e encaminhar para avalia\u00e7\u00e3o de cardiologia para ajuste da anticoagula\u00e7\u00e3o.""}}]"
15/01/2026 11:25:30;admin;Adição (Criou);Diante deste quadro clínico, assinale a conduta ma...;"[{""added"": {}}, {""added"": {""name"": ""alternativa"", ""object"": ""Administrar analg\u00e9sicos intravenosos e observar a evolu\u00e7\u00e3o cl\u00ednica em ambiente hospitalar por 12 horas.""}}, {""added"": {""name"": ""alternativa"", ""object"": ""Considerar como gastroenterite aguda.""}}, {""added"": {""name"": ""alternativa"", ""object"": ""Identificar apendicite aguda.""}}, {""added"": {""name"": ""alternativa"", ""object"": ""Diagnosticar como lit\u00edase ureteral direita.""}}, {""added"": {""name"": ""alternativa"", ""object"": ""Tratar como infec\u00e7\u00e3o do trato urin\u00e1rio.""}}]"
15/01/2026 11:20:33;admin;Alteração (Editou);Considerando o quadro clínico e os antecedentes do...;[]
15/01/2026 11:20:25;admin;Alteração (Editou);Com base no quadro clínico e nos antecedentes da p...;[]
15/01/2026 11:20:17;admin;Alteração (Editou);Diante deste quadro clínico, assinale a conduta in...;[]
15/01/2026 11:20:08;admin;Alteração (Editou);Considerando a classificação da doença hemorroidár...;[]
15/01/2026 11:19:59;admin;Alteração (Editou);Considerando o quadro clínico e os fatores de risc...;[]
15/01/2026 11:19:49;admin;Alteração (Editou);Com base nos achados clínicos, assinale a principa...;[]
15/01/2026 11:19:34;admin;Adição (Criou);Com base nos achados clínicos, assinale a principa...;"[{""added"": {}}, {""added"": {""name"": ""alternativa"", ""object"": ""Iniciar antibioticoterapia de amplo espectro por via intravenosa e manter o curativo fechado para observa\u00e7\u00e3o.""}}, {""added"": {""name"": ""alternativa"", ""object"": ""Realizar laparotomia explorat\u00f3ria de urg\u00eancia para investigar poss\u00edvel deisc\u00eancia de anastomose.""}}, {""added"": {""name"": ""alternativa"", ""object"": ""Diagnosticar infec\u00e7\u00e3o de s\u00edtio cir\u00fargico superficial e proceder \u00e0 abertura da incis\u00e3o, drenagem, curativos seriados e antimicrobiano.""}}, {""added"": {""name"": ""alternativa"", ""object"": ""Solicitar tomografia computadorizada abdominal com contraste para avalia\u00e7\u00e3o detalhada da cavidade abdominal.""}}, {""added"": {""name"": ""alternativa"", ""object"": ""Aumentar a dose de analg\u00e9sicos e aguardar 48 horas pela regress\u00e3o espont\u00e2nea dos sintomas locais.""}}]"
15/01/2026 11:15:58;admin;Adição (Criou);Considerando o quadro clínico e os fatores de risc...;"[{""added"": {}}, {""added"": {""name"": ""alternativa"", ""object"": ""Propor tratamento com antibi\u00f3ticos orais e acompanhamento ambulatorial rigoroso.""}}, {""added"": {""name"": ""alternativa"", ""object"": ""Identificar a condi\u00e7\u00e3o como orquiepididimite aguda e iniciar antibioticoterapia parenteral.""}}, {""added"": {""name"": ""alternativa"", ""object"": ""Diagnosticar abscesso perianal complexo e programar drenagem cir\u00fargica eletiva.""}}, {""added"": {""name"": ""alternativa"", ""object"": ""Considerar dermatite de contato grave e prescrever corticosteroides t\u00f3picos e sist\u00eamicos.""}}, {""added"": {""name"": ""alternativa"", ""object"": ""Reconhecer como S\u00edndrome de Fournier e realizar desbridamento cir\u00fargico de emerg\u00eancia e antibioticoterapia de amplo espectro.""}}]"
15/01/2026 11:12:04;admin;Alteração (Editou);Considerando a classificação da doença hemorroidár...;"[{""changed"": {""fields"": [""Status""]}}]"
15/01/2026 11:11:23;admin;Adição (Criou);Considerando a classificação da doença hemorroidár...;"[{""added"": {}}, {""added"": {""name"": ""alternativa"", ""object"": ""Intensificar o tratamento cl\u00ednico com novas formula\u00e7\u00f5es de fibras e banhos de assento.""}}, {""added"": {""name"": ""alternativa"", ""object"": ""Realizar escleroterapia injet\u00e1vel ambulatorial para os mamilos hemorroid\u00e1rios.""}}, {""added"": {""name"": ""alternativa"", ""object"": ""Proceder \u00e0 ligadura el\u00e1stica dos mamilos hemorroid\u00e1rios.""}}, {""added"": {""name"": ""alternativa"", ""object"": ""Indicar tratamento cir\u00fargico da Doen\u00e7a Hemorroid\u00e1ria.""}}, {""added"": {""name"": ""alternativa"", ""object"": ""Prescrever o uso cont\u00ednuo de suposit\u00f3rios de corticosteroide e analg\u00e9sicos t\u00f3picos.""}}]"
15/01/2026 11:04:30;admin;Adição (Criou);Diante deste quadro clínico, assinale a conduta in...;"[{""added"": {}}, {""added"": {""name"": ""alternativa"", ""object"": ""Administrar solu\u00e7\u00e3o de cloreto de s\u00f3dio 0,9% em bolus e providenciar prova cruzada para transfus\u00e3o.""}}, {""added"": {""name"": ""alternativa"", ""object"": ""Encaminhar para avalia\u00e7\u00e3o ambulatorial com o especialista gastroenterologista.""}}, {""added"": {""name"": ""alternativa"", ""object"": ""Prescrever dieta zero e aguardar a estabiliza\u00e7\u00e3o espont\u00e2nea da hemorragia.""}}, {""added"": {""name"": ""alternativa"", ""object"": ""Realizar colonoscopia de emerg\u00eancia para identificar o foco do sangramento.""}}, {""added"": {""name"": ""alternativa"", ""object"": ""Solicitar arteriografia mesent\u00e9rica seletiva urgente para controle da hemorragia.""}}]"
15/01/2026 10:55:45;admin;Alteração (Editou);Com base no quadro clínico e nos antecedentes da p...;[]
15/01/2026 10:53:01;admin;Adição (Criou);Com base no quadro clínico e nos antecedentes da p...;"[{""added"": {}}, {""added"": {""name"": ""alternativa"", ""object"": ""Colecistite aguda.""}}, {""added"": {""name"": ""alternativa"", ""object"": ""Hepatite viral aguda.""}}, {""added"": {""name"": ""alternativa"", ""object"": ""Colangite aguda.""}}, {""added"": {""name"": ""alternativa"", ""object"": ""Obstru\u00e7\u00e3o biliar por c\u00e1lculo no ducto col\u00e9doco.""}}, {""added"": {""name"": ""alternativa"", ""object"": ""Pancreatite aguda.""}}]"
15/01/2026 10:38:31;admin;Alteração (Editou);Considerando o quadro clínico e os antecedentes do...;"[{""changed"": {""fields"": [""Status""]}}]"
15/01/2026 10:32:14;admin;Adição (Criou);Considerando o quadro clínico e os antecedentes do...;"[{""added"": {}}, {""added"": {""name"": ""alternativa"", ""object"": ""Obstru\u00e7\u00e3o intestinal alta.""}}, {""added"": {""name"": ""alternativa"", ""object"": ""Colecistite aguda.""}}, {""added"": {""name"": ""alternativa"", ""object"": ""Apendicite aguda.""}}, {""added"": {""name"": ""alternativa"", ""object"": ""Pancreatite aguda.""}}, {""added"": {""name"": ""alternativa"", ""object"": ""Fecaloma.""}}]"
18/12/2025 13:11:27;admin;Alteração (Editou);De acordo com os protocolos do Ministério da Saúde...;[]
18/12/2025 13:11:03;admin;Alteração (Editou);Considerando os princípios imunológicos e de saúde...;[]
18/12/2025 13:10:50;admin;Alteração (Editou);Considerando as diretrizes do Programa Nacional de...;[]
18/12/2025 13:10:41;admin;Alteração (Editou);Considerando as diretrizes do Programa Nacional de...;[]
18/12/2025 13:10:18;admin;Alteração (Editou);De acordo com os protocolos do Ministério da Saúde...;"[{""changed"": {""fields"": [""Status""]}}]"
18/12/2025 13:07:39;admin;Alteração (Editou);Considerando os princípios imunológicos e de saúde...;"[{""changed"": {""fields"": [""Status""]}}]"
18/12/2025 13:06:40;admin;Alteração (Editou);Considerando as diretrizes do Programa Nacional de...;"[{""changed"": {""fields"": [""Status""]}}, {""changed"": {""name"": ""alternativa"", ""object"": ""A vacina BCG deve ser administrada preferencialmente ao nascer, protege contra formas graves da tuberculose na inf\u00e2ncia, e crian\u00e7as menores de cinco anos contactantes de casos Bacil\u00edferos devem receber quimioprofilaxia ap\u00f3s exclus\u00e3o de doen\u00e7a ativa, sendo o diagn\u00f3stico pedi\u00e1trico frequentemente baseado em crit\u00e9rios cl\u00ednico-epidemiol\u00f3gicos e radiol\u00f3gicos."", ""fields"": [""Texto""]}}]"
17/12/2025 10:15:41;admin;Alteração (Editou);I. O tratamento padrão-ouro inicial para pneumonia...;"[{""changed"": {""fields"": [""Status"", ""Comentario validacao""]}}]"
17/12/2025 10:14:53;admin;Alteração (Editou);I. A vacinação é uma das intervenções de saúde púb...;"[{""changed"": {""fields"": [""Status"", ""Comentario validacao""]}}]"
17/12/2025 10:13:18;admin;Alteração (Editou);Com base no contexto apresentado e nos conheciment...;"[{""changed"": {""fields"": [""Status""]}}]"
17/12/2025 10:11:05;admin;Alteração (Editou);Com base no contexto apresentado e nos conheciment...;"[{""changed"": {""fields"": [""Comentario validacao""]}}]"
17/12/2025 10:05:34;admin;Alteração (Editou);I. O tratamento padrão-ouro inicial para pneumonia...;[]
17/12/2025 10:02:41;admin;Alteração (Editou);Sobre o caso clínico responda a alteranativa corre...;"[{""changed"": {""fields"": [""Status""]}}, {""changed"": {""name"": ""alternativa"", ""object"": ""A paciente tem esquizofrenia e a miocardiopatia dilatada est\u00e1 relacionada a associa\u00e7\u00e3o entre a ciclofosfamida, o \u00e1cido valproico e a clozapina, sendo indicada suspens\u00e3o destes e prescri\u00e7\u00e3o de eletroconvulsoterapia."", ""fields"": [""Texto""]}}, {""changed"": {""name"": ""alternativa"", ""object"": ""A paciente apresenta psicose induzida pela pulsoterapia com corticoide e deve ser suspensa a pulsoterapia e introduzido haloperidol para o epis\u00f3dio psic\u00f3tico."", ""fields"": [""Texto""]}}, {""changed"": {""name"": ""alternativa"", ""object"": ""A paciente apresenta psicose induzida por ciclofosfamida e como tal deve ser suspensa, aumentada a dose de clozapina e retirar o \u00e1cido valproico, para reduzir o risco de eventos cardiovasculares agudos decorrentes da miocardiopatia dilatada."", ""fields"": [""Texto""]}}, {""changed"": {""name"": ""alternativa"", ""object"": ""A paciente tem delirium induzido pelo L\u00fapus, que deve ser tratado com pulsoterapia com corticoide e imunobiol\u00f3gicos, associado ao aumento da dose de clozapina, visto que os riscos cardiovasculares n\u00e3o superam os benef\u00edcios."", ""fields"": [""Texto""]}}]"
17/12/2025 09:58:22;admin;Alteração (Editou);Sobre o caso clínico podemos afirmar:...;"[{""changed"": {""fields"": [""Status""]}}, {""changed"": {""name"": ""alternativa"", ""object"": ""O paciente apresenta delirium tremens decorrente da abstin\u00eancia alcoolica, sendo orientado a prescri\u00e7\u00e3o de diazepam para cessar o quadro."", ""fields"": [""Texto""]}}, {""changed"": {""name"": ""alternativa"", ""object"": ""O paciente est\u00e1 em um epis\u00f3dio de mania induzido pela associa\u00e7\u00e3o de medica\u00e7\u00f5es."", ""fields"": [""Texto""]}}, {""changed"": {""name"": ""alternativa"", ""object"": ""O paciente apresenta complica\u00e7\u00e3o da pneumonia comunit\u00e1ria, sendo indicado trocar a medica\u00e7\u00e3o levofloxacina para vancomicina por ser um quadro resistente."", ""fields"": [""Texto""]}}, {""changed"": {""name"": ""alternativa"", ""object"": ""O paciente apresenta delirium, que foi induzido pela polif\u00e1rmacia associado a infec\u00e7\u00e3o e as comorbidades presentes."", ""fields"": [""Texto""]}}, {""changed"": {""name"": ""alternativa"", ""object"": ""O paciente apresenta intoxica\u00e7\u00e3o pelo uso de l\u00edtio, que se caracteriza por agita\u00e7\u00e3o psicomotora no per\u00edodo noturno e tremores associados sendo indicado hidrata\u00e7\u00e3o como tratamento e suspens\u00e3o do l\u00edtio."", ""fields"": [""Texto""]}}]"
17/12/2025 09:55:07;admin;Alteração (Editou);Sobre o caso clínico marque a alternativa correta:...;"[{""changed"": {""fields"": [""Status""]}}, {""changed"": {""name"": ""alternativa"", ""object"": ""O adolescente necessita de interna\u00e7\u00e3o devido ao risco de novas tentativas de suicidio e o quadro de base \u00e9 transtorno de personalidade borderline, pela instabilidade e pelas automutila\u00e7\u00f5es."", ""fields"": [""Texto""]}}, {""changed"": {""name"": ""alternativa"", ""object"": ""O adolescente n\u00e3o necessita de interna\u00e7\u00e3o, visto n\u00e3o ter indica\u00e7\u00e3o cl\u00ednica para tal, e no momento h\u00e1 o diagn\u00f3stico de uso espor\u00e1dico de subst\u00e2ncias psicoativos e a impulsividade decorrente do fim do relacionamento \u00e9 pass\u00edvel de acontecer pela etapa da vida do paciente."", ""fields"": [""Texto""]}}, {""changed"": {""name"": ""alternativa"", ""object"": ""O adolescente deve ser internado pelo risco eminente de suicidio e a impulsividade e o uso espor\u00e1dico de drogas e \u00e1lcool podem ocorrer devido a etapa da vida que \u00e9 a adolesc\u00eancia e portanto deve ser indicado psicoterapia para o jovem e orienta\u00e7\u00e3o parental."", ""fields"": [""Texto""]}}, {""changed"": {""name"": ""alternativa"", ""object"": ""O adolescente n\u00e3o deve ser internado, visto que a motiva\u00e7\u00e3o para o ato foi o fim do relacionamento e n\u00e3o h\u00e1 risco ativo de suic\u00eddio."", ""fields"": [""Texto""]}}]"
17/12/2025 09:52:25;admin;Alteração (Editou);Qual a principal conduta que a equipe de saúde dev...;"[{""changed"": {""fields"": [""Status""]}}]"
17/12/2025 09:51:14;admin;Alteração (Editou);Com base nos sinais clínicos e na perda ponderal, ...;"[{""changed"": {""fields"": [""Status""]}}]"
17/12/2025 09:47:55;admin;Alteração (Editou);De acordo com as diretrizes do Ministério da Saúde...;"[{""changed"": {""fields"": [""Status""]}}]"
17/12/2025 09:46:37;admin;Alteração (Editou);Com base no contexto apresentado e nos conheciment...;[]
17/12/2025 09:46:34;admin;Alteração (Editou);Com base no contexto apresentado e nos conheciment...;"[{""changed"": {""fields"": [""Comentario validacao""]}}]"
17/12/2025 09:40:45;admin;Alteração (Editou);Considerando o manejo e as orientações para essa s...;"[{""changed"": {""fields"": [""Status""]}}]"
17/12/2025 09:39:45;admin;Alteração (Editou);Considerando os dados apresentados, a conduta tera...;"[{""changed"": {""fields"": [""Status""]}}, {""changed"": {""name"": ""alternativa"", ""object"": ""Exsanguineotransfus\u00e3o imediata; Hem\u00f3lise grave."", ""fields"": [""Texto""]}}]"
17/12/2025 09:38:09;admin;Alteração (Editou);Considerando o manejo da crise asmática na infânci...;"[{""changed"": {""fields"": [""Status""]}}]"
17/12/2025 09:30:34;admin;Alteração (Editou);Com base nas recomendações , qual é o critério dia...;[]
17/12/2025 09:30:21;admin;Alteração (Editou);Com base nas recomendações , qual é o critério dia...;"[{""changed"": {""fields"": [""Justificativa""]}}]"
17/12/2025 09:29:02;admin;Alteração (Editou);Com base nas recomendações , qual é o critério dia...;"[{""changed"": {""name"": ""alternativa"", ""object"": ""Realiza\u00e7\u00e3o de teste molecular (PCR) para flora vaginal anormal como padr\u00e3o-ouro de  diagn\u00f3stico."", ""fields"": [""Texto"", ""Eh correta""]}}, {""changed"": {""name"": ""alternativa"", ""object"": ""Presen\u00e7a de c\u00e9lulas-chave (clue cells)  na microscopia, pH vaginal elevado e teste das aminas positivo."", ""fields"": [""Texto"", ""Eh correta""]}}]"
17/12/2025 09:27:55;admin;Alteração (Editou);Considerando as diretrizes atuais , qual é a condu...;[]
17/12/2025 09:27:25;admin;Alteração (Editou);Qual o próximo passo,  MAIS adequado  , na investi...;[]
17/12/2025 09:26:57;admin;Alteração (Editou);Com base no quadro clínico, diagnóstico e propedêu...;[]
17/12/2025 09:26:17;admin;Alteração (Editou);Diante do quadro clínico e dos exames materno-feta...;[]
17/12/2025 09:25:44;admin;Alteração (Editou);Com base no quadro clínico, diagnóstico e propedêu...;[]
17/12/2025 09:25:25;admin;Alteração (Editou);Qual o próximo passo,  MAIS adequado  , na investi...;[]
17/12/2025 09:25:09;admin;Alteração (Editou);Com base no caso clínico, qual é a melhor conduta ...;[]
17/12/2025 09:24:47;admin;Alteração (Editou);Com base no caso, qual é a conduta mais adequada?...;[]
17/12/2025 09:24:17;admin;Alteração (Editou);Qual a principal finalidade e benefício comprovado...;[]
17/12/2025 09:23:55;admin;Alteração (Editou);Com base nas diretrizes atuais , qual é o método a...;[]
17/12/2025 09:23:42;admin;Alteração (Editou);Com base nas recomendações , qual é o critério dia...;[]
17/12/2025 09:23:27;admin;Alteração (Editou);Considerando as diretrizes atuais , qual é a condu...;[]
17/12/2025 09:23:10;admin;Alteração (Editou);Com base no protocolos atuais,  qual é a melhor re...;[]
17/12/2025 09:22:42;admin;Alteração (Editou);Diante do quadro clínico e dos exames materno-feta...;"[{""changed"": {""fields"": [""Justificativa"", ""Status""]}}]"
17/12/2025 09:20:12;admin;Alteração (Editou);Diante do quadro clínico e dos exames materno-feta...;"[{""changed"": {""name"": ""alternativa"", ""object"": ""Interrup\u00e7\u00e3o imediata da gesta\u00e7\u00e3o, pois h\u00e1 sinais laboratoriais de HELLP s\u00edndrome."", ""fields"": [""Texto""]}}, {""changed"": {""name"": ""alternativa"", ""object"": ""Indicar cesariana de urg\u00eancia  devido aos exames de vitalidade fetal evidencarem comprometimento  fetal."", ""fields"": [""Texto"", ""Eh correta""]}}, {""changed"": {""name"": ""alternativa"", ""object"": ""Administrar corticoide para matura\u00e7\u00e3o pulmonar e programar parto em at\u00e9 24 horas , pois \u00e9 o tempo da a\u00e7\u00e3o m\u00e1xima do cortic\u00f3ide."", ""fields"": [""Texto""]}}, {""changed"": {""name"": ""alternativa"", ""object"": ""Manter conduta expectante  com interna\u00e7\u00e3o hospitalar, controle press\u00f3rico e vigil\u00e2ncia materno-fetal seriada."", ""fields"": [""Texto"", ""Eh correta""]}}]"
17/12/2025 09:17:48;admin;Alteração (Editou);Com base no quadro clínico, diagnóstico e propedêu...;"[{""changed"": {""fields"": [""Status""]}}]"
17/12/2025 09:16:32;admin;Alteração (Editou);Qual o próximo passo,  MAIS adequado  , na investi...;"[{""changed"": {""fields"": [""Status""]}}, {""changed"": {""name"": ""alternativa"", ""object"": ""Solicitar  videolaparoscopia que \u00e9 considerada o exame mais preciso para diagnosticar e, muitas vezes, tratar simultaneamente, os fatores tub\u00e1rio e peritoneal que causam abortamento de repeti\u00e7\u00e3o."", ""fields"": [""Texto""]}}]"
17/12/2025 09:15:37;admin;Alteração (Editou);Com base no caso clínico, qual é a melhor conduta ...;[]
17/12/2025 09:15:30;admin;Alteração (Editou);Com base no caso clínico, qual é a melhor conduta ...;"[{""changed"": {""fields"": [""Status""]}}]"
17/12/2025 09:14:52;admin;Alteração (Editou);Com base no caso, qual é a conduta mais adequada?...;"[{""changed"": {""fields"": [""Status""]}}]"
17/12/2025 09:14:34;admin;Alteração (Editou);Com base no caso, qual é a conduta mais adequada?...;"[{""changed"": {""fields"": [""Justificativa""]}}, {""changed"": {""name"": ""alternativa"", ""object"": ""Solicitar HbA1c e glicemia p\u00f3s-prandial antes de confirmar o diagn\u00f3stico."", ""fields"": [""Texto"", ""Eh correta""]}}, {""changed"": {""name"": ""alternativa"", ""object"": ""Diagnosticar diabetes melito gestacional e iniciar tratamento com orienta\u00e7\u00e3o nutricional e atividade f\u00edsica, monitorando glicemias capilares."", ""fields"": [""Texto"", ""Eh correta""]}}]"
17/12/2025 09:10:32;admin;Alteração (Editou);Qual a principal finalidade e benefício comprovado...;"[{""changed"": {""fields"": [""Justificativa"", ""Status""]}}]"
17/12/2025 09:06:37;admin;Alteração (Editou);Qual a principal finalidade e benefício comprovado...;"[{""changed"": {""name"": ""alternativa"", ""object"": ""Reduzir o volume uterino e dos miomas, al\u00e9m de diminuir o sangramento menstrual, facilitando a cirurgia e melhorando anemia."", ""fields"": [""Texto"", ""Eh correta""]}}, {""changed"": {""name"": ""alternativa"", ""object"": ""Provocar necrose dos miomas, reduzindo significativamente a taxa de recidiva ap\u00f3s a cirurgia."", ""fields"": [""Texto"", ""Eh correta""]}}]"
17/12/2025 09:03:49;admin;Alteração (Editou);Com base nas recomendações , qual é o critério dia...;[]
17/12/2025 09:03:33;admin;Alteração (Editou);Considerando as diretrizes atuais , qual é a condu...;[]
17/12/2025 09:03:12;admin;Alteração (Editou);Com base nas diretrizes atuais , qual é o método a...;"[{""changed"": {""fields"": [""Status""]}}]"
17/12/2025 08:59:45;admin;Alteração (Editou);Com base no protocolos atuais,  qual é a melhor re...;"[{""changed"": {""fields"": [""Status""]}}]"
17/12/2025 08:53:51;admin;Alteração (Editou);Com base no protocolos atuais,  qual é a melhor re...;[]
16/12/2025 11:22:39;admin;Alteração (Editou);Com base nas recomendações , qual é o critério dia...;"[{""changed"": {""fields"": [""Status""]}}]"
16/12/2025 11:21:17;admin;Alteração (Editou);Considerando as diretrizes atuais , qual é a condu...;"[{""changed"": {""fields"": [""Status""]}}, {""changed"": {""name"": ""alternativa"", ""object"": ""Adiar qualquer interven\u00e7\u00e3o e repetir citologia em 12 meses, j\u00e1 que NIC III pode regredir espontaneamente em pacientes < 30 anos."", ""fields"": [""Texto""]}}]"
16/12/2025 11:17:57;admin;Alteração (Editou);Com base no protocolos atuais,  qual é a melhor re...;"[{""changed"": {""fields"": [""Enunciado""]}}, {""changed"": {""name"": ""alternativa"", ""object"": ""A fisiopatologia central envolve resist\u00eancia insul\u00ednica com hiperinsulinemia, que amplifica produ\u00e7\u00e3o ovariana de androg\u00eanios; a conduta inicial inclui mudan\u00e7a de estilo de vida e uso de metformina e ou outro hipoglicemiante quando h\u00e1 sinais de resist\u00eancia insul\u00ednica."", ""fields"": [""Texto""]}}]"
15/12/2025 15:04:41;admin;Alteração (Editou);Marque a alternativa correta sobre os componentes ...;"[{""changed"": {""fields"": [""Status""]}}]"
15/12/2025 15:03:00;admin;Alteração (Editou);Com base na abordagem da cefaleia na Atenção Primá...;"[{""changed"": {""fields"": [""Justificativa"", ""Status""]}}, {""changed"": {""name"": ""alternativa"", ""object"": ""Solicitar uma tomografia computadorizada de cr\u00e2nio e encaminhar para avalia\u00e7\u00e3o com neurologista, pois apresenta sinais de alerta."", ""fields"": [""Texto""]}}, {""changed"": {""name"": ""alternativa"", ""object"": ""Indicar o uso cont\u00ednuo de triptanos como medida profil\u00e1tica para evitar novos epis\u00f3dios."", ""fields"": [""Texto"", ""Eh correta""]}}, {""changed"": {""name"": ""alternativa"", ""object"": ""Prescrever analg\u00e9sicos opioides para o al\u00edvio das crises, sem instituir terapia profil\u00e1tica no momento."", ""fields"": [""Texto""]}}, {""changed"": {""name"": ""alternativa"", ""object"": ""Encaminhar para avalia\u00e7\u00e3o psicol\u00f3gica, atribuindo a cefaleia a um quadro de somatiza\u00e7\u00e3o pelo estresse."", ""fields"": [""Texto""]}}, {""changed"": {""name"": ""alternativa"", ""object"": ""Iniciar tratamento profil\u00e1tico e prescrever medica\u00e7\u00e3o para crises, orientando sobre a benignidade do quadro e o di\u00e1rio de cefaleia."", ""fields"": [""Texto"", ""Eh correta""]}}]"
15/12/2025 14:57:55;admin;Alteração (Editou);A estratégia de saúde descrita no programa impleme...;[]
15/12/2025 14:57:39;admin;Alteração (Editou);A estratégia de saúde descrita no programa impleme...;"[{""changed"": {""fields"": [""Justificativa"", ""Status""]}}, {""changed"": {""name"": ""alternativa"", ""object"": ""Preven\u00e7\u00e3o prim\u00e1ria."", ""fields"": [""Texto"", ""Eh correta""]}}, {""changed"": {""name"": ""alternativa"", ""object"": ""Preven\u00e7\u00e3o secund\u00e1ria."", ""fields"": [""Texto"", ""Eh correta""]}}]"
15/12/2025 14:53:45;admin;Alteração (Editou);Considerando o histórico da Atenção Primária à Saú...;[]
15/12/2025 14:53:17;admin;Alteração (Editou);Considerando o histórico da Atenção Primária à Saú...;"[{""changed"": {""fields"": [""Justificativa"", ""Status""]}}]"
15/12/2025 14:51:14;admin;Alteração (Editou);Considerando o histórico da Atenção Primária à Saú...;"[{""changed"": {""name"": ""alternativa"", ""object"": ""Integralidade e compet\u00eancia cultural."", ""fields"": [""Texto"", ""Eh correta""]}}, {""changed"": {""name"": ""alternativa"", ""object"": ""Longitudinalidade e orienta\u00e7\u00e3o comunit\u00e1ria."", ""fields"": [""Texto"", ""Eh correta""]}}]"
15/12/2025 14:48:02;admin;Alteração (Editou);Considerando todos os níveis de prevenção na abord...;"[{""changed"": {""fields"": [""Status""]}}]"
15/12/2025 14:42:14;admin;Alteração (Editou);Diante deste quadro clínico, a conduta prioritária...;[]
15/12/2025 14:41:55;admin;Alteração (Editou);Com base no quadro clínico e nos exames apresentad...;[]
15/12/2025 14:41:39;admin;Alteração (Editou);Considerando o quadro clínico e os achados do exam...;[]
15/12/2025 14:41:15;admin;Alteração (Editou);Considerando os conceitos de diversidade sexual e ...;[]
15/12/2025 14:41:03;admin;Alteração (Editou);Sobre o caso responda a correta:...;[]
15/12/2025 14:40:52;admin;Alteração (Editou);Considerando todos os níveis de prevenção na abord...;[]
15/12/2025 14:40:24;admin;Alteração (Editou);Diante deste quadro clínico, a conduta prioritária...;"[{""changed"": {""fields"": [""Status""]}}, {""changed"": {""name"": ""alternativa"", ""object"": ""Iniciar o esquema de antibioticoterapia profil\u00e1tica para prevenir pneumonia bacteriana."", ""fields"": [""Texto""]}}, {""changed"": {""name"": ""alternativa"", ""object"": ""Realizar a notifica\u00e7\u00e3o compuls\u00f3ria imediata do caso suspeito \u00e0 autoridade de sa\u00fade local e iniciar demais medidas de tratamento e controle."", ""fields"": [""Texto""]}}, {""changed"": {""name"": ""alternativa"", ""object"": ""Solicitar sorologia (IgM), prescrever medica\u00e7\u00f5es sintom\u00e1ticas e aguardar o resultado confirmat\u00f3rio para planejar as a\u00e7\u00f5es de sa\u00fade p\u00fablica."", ""fields"": [""Texto""]}}, {""changed"": {""name"": ""alternativa"", ""object"": ""Orientar isolamento domiciliar por 7 dias com medica\u00e7\u00f5es sintom\u00e1ticas e agendar reavalia\u00e7\u00e3o ap\u00f3s o per\u00edodo para confirma\u00e7\u00e3o diagn\u00f3stica e medidas de vigil\u00e2ncia epidemiol\u00f3gica."", ""fields"": [""Texto""]}}, {""changed"": {""name"": ""alternativa"", ""object"": ""Encaminhar o paciente para avalia\u00e7\u00e3o em um servi\u00e7o hospitalar de refer\u00eancia."", ""fields"": [""Texto""]}}]"
15/12/2025 10:20:56;admin;Alteração (Editou);Com base no quadro clínico e nos exames apresentad...;[]
15/12/2025 10:20:32;admin;Alteração (Editou);Com base no quadro clínico e nos exames apresentad...;"[{""changed"": {""fields"": [""Justificativa"", ""Status""]}}]"
15/12/2025 10:18:19;admin;Alteração (Editou);Com base no quadro clínico e nos exames apresentad...;"[{""changed"": {""name"": ""alternativa"", ""object"": ""Encaminhar o paciente para avalia\u00e7\u00e3o com endocrinologista antes de iniciar qualquer terapia."", ""fields"": [""Texto"", ""Eh correta""]}}, {""changed"": {""name"": ""alternativa"", ""object"": ""Iniciar metformina e orientar mudan\u00e7as no estilo de vida, com plano de reavalia\u00e7\u00e3o em 3 meses."", ""fields"": [""Texto"", ""Eh correta""]}}]"
15/12/2025 10:16:08;admin;Alteração (Editou);Considerando o quadro clínico e os achados do exam...;"[{""changed"": {""fields"": [""Status""]}}]"
15/12/2025 10:15:35;admin;Alteração (Editou);Considerando o quadro clínico e os achados do exam...;"[{""changed"": {""fields"": [""Justificativa""]}}]"
15/12/2025 10:14:13;admin;Alteração (Editou);Considerando o quadro clínico e os achados do exam...;"[{""changed"": {""name"": ""alternativa"", ""object"": ""Diagnosticar vaginose bacteriana, iniciando tratamento com metronidazol por via oral."", ""fields"": [""Texto"", ""Eh correta""]}}, {""changed"": {""name"": ""alternativa"", ""object"": ""Diagnosticar candid\u00edase vulvovaginal, iniciando tratamento com fluconazol por via oral."", ""fields"": [""Texto"", ""Eh correta""]}}]"
15/12/2025 10:11:36;admin;Alteração (Editou);Considerando os conceitos de diversidade sexual e ...;"[{""changed"": {""fields"": [""Status""]}}]"
15/12/2025 10:09:30;admin;Alteração (Editou);Sobre o caso responda a correta:...;"[{""changed"": {""fields"": [""Status""]}}, {""changed"": {""name"": ""alternativa"", ""object"": ""O paciente apresenta quadro misto de ansiedade e depress\u00e3o, sendo prescrito medicamento e psicoterapia. Sobre o atestado m\u00e9dico o paciente tem o direito sobre este, entretanto o tempo de afastamento \u00e9 atribui\u00e7\u00e3o do m\u00e9dico perito, bem como sua causalidade com o ambiente laboral."", ""fields"": [""Texto""]}}, {""changed"": {""name"": ""alternativa"", ""object"": ""O paciente apresentou quadro de ansiedade generalizada, sendo prescrito antidepressivo, todavia deveria ter sido prescrito ansiol\u00edtico que \u00e9 a medica\u00e7\u00e3o ideal associado a psicoterapia. Sobre o atestado m\u00e9dico o paciente tem o direito sobre este, inclusive determinando o tempo de afastamento laboral, bem como sua causalidade com o ambiente laboral."", ""fields"": [""Texto""]}}, {""changed"": {""name"": ""alternativa"", ""object"": ""O paciente apresenta sintomas de depress\u00e3o grave decorrente do ambiente de trabalho, sendo seu tratamento o afastamento laboral por tempo indeterminado e atribuir no atestado a causalidade com o ambiente laboral."", ""fields"": [""Texto""]}}, {""changed"": {""name"": ""alternativa"", ""object"": ""O paciente apresenta burnout o que est\u00e1 ligado a atividade laboral, sendo seu tratamento indicado afastamento laboral, readapta\u00e7\u00e3o e n\u00e3o sendo necess\u00e1rio prescri\u00e7\u00e3o de psicoterapia e medicamentos."", ""fields"": [""Texto""]}}, {""changed"": {""name"": ""alternativa"", ""object"": ""O paciente apresenta epis\u00f3dio depressivo grave com sintomas psic\u00f3ticos, que tem como melhor op\u00e7\u00e3o de tratamento o uso de sertralina associado a antipsic\u00f3ticos e psicoterapia, e necessita de afastamento laboral pelo per\u00edodo de 06 meses conforme manual do INSS."", ""fields"": [""Texto""]}}]"
03/12/2025 08:20:49;admin;Adição (Criou);Medicina Social e Preventiva - RM (RESIDÊNCIA MÉDICA);"[{""added"": {}}]"
03/12/2025 08:20:32;admin;Adição (Criou);Obstetrícia e Ginecologia - RM (RESIDÊNCIA MÉDICA);"[{""added"": {}}]"
03/12/2025 08:20:18;admin;Adição (Criou);Pediatria - RM (RESIDÊNCIA MÉDICA);"[{""added"": {}}]"
03/12/2025 08:19:59;admin;Adição (Criou);Clínica Médica - RM (RESIDÊNCIA MÉDICA);"[{""added"": {}}]"
03/12/2025 08:19:44;admin;Adição (Criou);Cirurgia Geral - RM (RESIDÊNCIA MÉDICA);"[{""added"": {}}]"
03/12/2025 08:18:38;admin;Adição (Criou);RESIDÊNCIA MÉDICA;"[{""added"": {}}]"
01/12/2025 16:09:56;admin;Alteração (Editou);Considerando a origem e diferenciação do sistema m...;"[{""changed"": {""fields"": [""Uso prova""]}}]"
01/12/2025 16:09:49;admin;Alteração (Editou);Com base nesses achados, assinale a alternativa co...;"[{""changed"": {""fields"": [""Uso prova""]}}]"
01/12/2025 16:09:43;admin;Alteração (Editou);Com base na anatomia das estruturas envolvidas no ...;"[{""changed"": {""fields"": [""Uso prova""]}}]"
01/12/2025 16:09:35;admin;Alteração (Editou);Qual alternativa descreve a lesão citada acima?...;"[{""changed"": {""fields"": [""Uso prova""]}}]"
01/12/2025 16:09:28;admin;Alteração (Editou);Com base nessas informações, qual das opções descr...;"[{""changed"": {""fields"": [""Uso prova""]}}]"
01/12/2025 16:07:48;admin;Alteração (Editou);Considerando o contexto acima, assinale a alternat...;"[{""changed"": {""fields"": [""Uso prova""]}}]"
01/12/2025 16:07:39;admin;Alteração (Editou);Considerando esse contexto, marque a alternativa q...;"[{""changed"": {""fields"": [""Uso prova""]}}]"
01/12/2025 16:07:30;admin;Alteração (Editou);Qual a Pressão de filtração[P.fil] deste paciente?...;"[{""changed"": {""fields"": [""Uso prova""]}}]"
01/12/2025 16:07:23;admin;Alteração (Editou);Com base nos dados clínicos e laboratoriais, qual ...;"[{""changed"": {""fields"": [""Uso prova""]}}]"
01/12/2025 16:07:16;admin;Alteração (Editou);Qual evento compensatório é esperado de forma pred...;"[{""changed"": {""fields"": [""Uso prova""]}}]"
01/12/2025 16:07:09;admin;Alteração (Editou);Assinale a alternativa que descreve corretamente o...;"[{""changed"": {""fields"": [""Uso prova""]}}]"
01/12/2025 16:03:45;admin;Alteração (Editou);Assinale a opção que apresenta a relação correta e...;"[{""changed"": {""fields"": [""Status""]}}]"
01/12/2025 16:03:21;admin;Alteração (Editou);Sobre os fatores que desviam a curva de dissociaçã...;"[{""changed"": {""fields"": [""Status""]}}]"
01/12/2025 16:02:49;admin;Alteração (Editou);Qual das alternativas descreve corretamente o pape...;"[{""changed"": {""fields"": [""Status""]}}]"
01/12/2025 16:02:28;admin;Alteração (Editou);Qual estrutura embrionária dá origem ao sistema co...;"[{""changed"": {""fields"": [""Status""]}}]"
01/12/2025 16:01:38;admin;Alteração (Editou);Com base no caso apresentado e nos conhecimentos s...;"[{""changed"": {""fields"": [""Status""]}}]"
01/12/2025 16:01:17;admin;Alteração (Editou);Com base na origem embrionária do sistema respirat...;"[{""changed"": {""fields"": [""Status""]}}]"
01/12/2025 16:00:55;admin;Alteração (Editou);Com base no caso apresentado e na anatomia dos rin...;"[{""changed"": {""fields"": [""Status""]}}]"
01/12/2025 16:00:33;admin;Alteração (Editou);Com base nas informações do caso e na anatomia da ...;"[{""changed"": {""fields"": [""Status""]}}]"
01/12/2025 16:00:12;admin;Alteração (Editou);Considerando o texto apresentado, avalie as afirma...;"[{""changed"": {""fields"": [""Tipo questao"", ""Status""]}}]"
01/12/2025 15:59:29;admin;Alteração (Editou);Considerando o texto apresentado, avalie as afirma...;"[{""changed"": {""fields"": [""Tipo questao"", ""Status""]}}]"
01/12/2025 15:57:19;admin;Alteração (Editou);Com base no caso clínico e nos conhecimentos sobre...;"[{""changed"": {""fields"": [""Status""]}}]"
01/12/2025 15:56:42;admin;Alteração (Editou);Com base nas informações apresentadas e nos conhec...;"[{""changed"": {""fields"": [""Status""]}}]"
01/12/2025 15:55:00;admin;Alteração (Editou);Sobre as funções das células do tecido ósseo, assi...;"[{""changed"": {""fields"": [""Status""]}}]"
01/12/2025 15:54:32;admin;Alteração (Editou);Considerando o texto apresentado, avalie as afirma...;"[{""changed"": {""fields"": [""Status""]}}]"
01/12/2025 15:54:06;admin;Alteração (Editou);Qual é o canal que, quando aberto, é responsável p...;"[{""changed"": {""fields"": [""Status""]}}]"
01/12/2025 15:53:22;admin;Alteração (Editou);Considerando o texto apresentado, avalie as afirma...;"[{""changed"": {""fields"": [""Status""]}}]"
01/12/2025 15:51:36;admin;Alteração (Editou);Baseado na história clínica,  marque  a alternativ...;"[{""changed"": {""fields"": [""Status""]}}]"
01/12/2025 15:45:25;admin;Alteração (Editou);Assinale a alternativa que contem três característ...;"[{""changed"": {""fields"": [""Uso prova""]}}]"
01/12/2025 15:42:43;admin;Alteração (Editou);Considerando as diretrizes atuais para o manejo da...;"[{""changed"": {""fields"": [""Status""]}}]"
01/12/2025 15:42:16;admin;Alteração (Editou);Assinale a alternativa com as manobras semiológica...;"[{""changed"": {""fields"": [""Status""]}}]"
01/12/2025 15:41:49;admin;Alteração (Editou);Quais achados do exame físico seriam compatíveis?...;"[{""changed"": {""fields"": [""Status""]}}]"
01/12/2025 15:41:14;admin;Alteração (Editou);Qual diagnóstico semiológico é mais provável?...;"[{""changed"": {""fields"": [""Status""]}}]"
01/12/2025 15:41:05;admin;Alteração (Editou);Qual diagnóstico semiológico é mais provável?...;[]
01/12/2025 15:40:45;admin;Alteração (Editou);Diante do achado de B3 nesse contexto clínico, qua...;"[{""changed"": {""fields"": [""Status""]}}]"
01/12/2025 15:40:09;admin;Alteração (Editou);Durante o exame cardíaco, para auscultar de forma ...;"[{""changed"": {""fields"": [""Status""]}}]"
01/12/2025 15:39:44;admin;Alteração (Editou);Durante o exame cardíaco, para auscultar de forma ...;[]
01/12/2025 15:39:09;admin;Alteração (Editou);Considerando os achados semiológicos clássicos, as...;"[{""changed"": {""fields"": [""Status""]}}]"
01/12/2025 15:38:58;admin;Alteração (Editou);Considerando os achados semiológicos clássicos, as...;[]
01/12/2025 15:38:30;admin;Alteração (Editou);Qual o tipo de dor e sua etiologia mais prováveis?...;"[{""changed"": {""fields"": [""Status""]}}]"
01/12/2025 15:37:01;admin;Alteração (Editou);Qual achado semiológico seria mais esperado?...;[]
01/12/2025 15:36:52;admin;Alteração (Editou);Qual achado semiológico seria mais esperado?...;"[{""changed"": {""fields"": [""Status""]}}]"
01/12/2025 15:36:11;admin;Alteração (Editou);Considerando a semiologia cardiovascular, qual é o...;"[{""changed"": {""fields"": [""Status""]}}]"
01/12/2025 15:35:15;admin;Alteração (Editou);Considerando as Diretrizes da AHA para o suporte b...;"[{""changed"": {""fields"": [""Uso prova""]}}]"
01/12/2025 15:35:09;admin;Alteração (Editou);Considerando os mecanismos de transmissão das doen...;"[{""changed"": {""fields"": [""Status""]}}]"
01/12/2025 15:35:07;admin;Alteração (Editou);Com base nas orientações de primeiros socorros par...;"[{""changed"": {""fields"": [""Uso prova""]}}]"
01/12/2025 15:34:58;admin;Alteração (Editou);Considerando o desfecho da situação envolvendo obs...;"[{""changed"": {""fields"": [""Uso prova""]}}]"
01/12/2025 15:34:52;admin;Alteração (Editou);Considerando os mecanismos de transmissão das doen...;"[{""changed"": {""name"": ""alternativa"", ""object"": ""O padr\u00e3o observado corresponde \u00e0 transmiss\u00e3o direta, sendo as medidas de controle voltadas ao contato entre indiv\u00edduos doentes e suscet\u00edveis."", ""fields"": [""Texto""]}}, {""changed"": {""name"": ""alternativa"", ""object"": ""O cen\u00e1rio representa transmiss\u00e3o indireta associada a ve\u00edculo comum, sendo essencial atuar sobre as condi\u00e7\u00f5es sanit\u00e1rias e a qualidade da \u00e1gua."", ""fields"": [""Texto""]}}, {""changed"": {""name"": ""alternativa"", ""object"": ""A dissemina\u00e7\u00e3o do v\u00edrus depende de vetor biol\u00f3gico, o que torna priorit\u00e1rias a\u00e7\u00f5es ligadas ao controle de artr\u00f3podes."", ""fields"": [""Texto""]}}, {""changed"": {""name"": ""alternativa"", ""object"": ""O principal mecanismo de propaga\u00e7\u00e3o envolve um hospedeiro intermedi\u00e1rio, exigindo interven\u00e7\u00f5es voltadas ao ciclo zoon\u00f3tico."", ""fields"": [""Texto""]}}, {""changed"": {""name"": ""alternativa"", ""object"": ""A imuniza\u00e7\u00e3o contribui para reduzir a ocorr\u00eancia de novos casos, modificando o padr\u00e3o de transmiss\u00e3o mesmo quando a exposi\u00e7\u00e3o ambiental permanece ativa."", ""fields"": [""Texto""]}}]"
01/12/2025 15:34:49;admin;Alteração (Editou);Considerando as recomendações atualizadas de Supor...;"[{""changed"": {""fields"": [""Uso prova""]}}]"
01/12/2025 15:34:35;admin;Alteração (Editou);Com base na avaliação inicial deste paciente, qual...;"[{""changed"": {""fields"": [""Uso prova""]}}]"
01/12/2025 15:34:18;admin;Alteração (Editou);Considerando o comportamento endêmico e a interpre...;"[{""changed"": {""fields"": [""Status""]}}]"
01/12/2025 15:32:20;admin;Alteração (Editou);Considerando o texto apresentado, avalie as afirma...;"[{""changed"": {""fields"": [""Status""]}}]"
01/12/2025 15:31:25;admin;Alteração (Editou);A utilização integrada de sistemas como SIM, SINAS...;"[{""changed"": {""fields"": [""Status""]}}]"
01/12/2025 15:29:19;admin;Alteração (Editou);Em relação a esse contexto histórico, assinale a a...;[]
01/12/2025 15:28:57;admin;Alteração (Editou);Em relação a esse contexto histórico, assinale a a...;"[{""changed"": {""name"": ""alternativa"", ""object"": ""A guerra fria desacelerou o desenvolvimento da medicina espacial e fisiologia humana aplicada."", ""fields"": [""Texto"", ""Eh correta""]}}, {""changed"": {""name"": ""alternativa"", ""object"": ""A descoberta e dissemina\u00e7\u00e3o dos antibi\u00f3ticos foram fatores centrais na transi\u00e7\u00e3o epidemiol\u00f3gica do p\u00f3s-guerra."", ""fields"": [""Texto"", ""Eh correta""]}}]"
01/12/2025 15:28:28;admin;Alteração (Editou);Diante dos sinais de hemorragia exsanguinante, est...;"[{""changed"": {""fields"": [""Status""]}}]"
01/12/2025 15:27:56;admin;Alteração (Editou);Ao analisar a situação, indique a conduta imediata...;"[{""changed"": {""fields"": [""Status""]}}]"
01/12/2025 15:27:40;admin;Alteração (Editou);Considerando os direitos fundamentais e os parâmet...;"[{""changed"": {""fields"": [""Tipo questao""]}}]"
01/12/2025 15:27:12;admin;Alteração (Editou);Assinale a alternativa correta:...;"[{""changed"": {""name"": ""alternativa"", ""object"": ""A IA, quando aprovada pela Anvisa, substitui o dever de avalia\u00e7\u00e3o individualizada do profissional."", ""fields"": [""Texto"", ""Eh correta""]}}, {""changed"": {""name"": ""alternativa"", ""object"": ""O m\u00e9dico permanece respons\u00e1vel pela decis\u00e3o cl\u00ednica, devendo reconhecer limita\u00e7\u00f5es do algoritmo e integrar an\u00e1lise humana cr\u00edtica."", ""fields"": [""Texto"", ""Eh correta""]}}]"
01/12/2025 15:27:08;admin;Alteração (Editou);Atendendo-se aos passos que descrevem o procedimen...;"[{""changed"": {""fields"": [""Status""]}}]"
01/12/2025 15:26:05;admin;Alteração (Editou);Considerando os aspectos éticos, legais e práticos...;[]
01/12/2025 15:25:52;admin;Alteração (Editou);Considerando os princípios bioéticos, os eixos de ...;"[{""changed"": {""fields"": [""Tipo questao"", ""Texto base"", ""Enunciado"", ""Status""]}}]"
01/12/2025 15:25:44;admin;Alteração (Editou);Considerando o desempenho apresentado, qual interp...;"[{""changed"": {""fields"": [""Status""]}}]"
01/12/2025 15:25:22;admin;Alteração (Editou);Qual é a conduta mais adequada segundo os princípi...;"[{""changed"": {""fields"": [""Status""]}}]"
01/12/2025 15:24:57;admin;Alteração (Editou);Diante das informações, qual conclusão avalia de f...;"[{""changed"": {""fields"": [""Status""]}}]"
01/12/2025 15:24:38;admin;Alteração (Editou);Considerando os aspectos éticos, legais e práticos...;"[{""changed"": {""fields"": [""Status""]}}]"
01/12/2025 15:23:53;admin;Alteração (Editou);Considerando o diagnóstico de transtorno depressiv...;"[{""changed"": {""fields"": [""Status""]}}]"
01/12/2025 15:23:47;admin;Alteração (Editou);Considerando os aspectos éticos, legais e práticos...;"[{""changed"": {""fields"": [""Tipo questao"", ""Texto base"", ""Enunciado""]}}, {""changed"": {""name"": ""alternativa"", ""object"": ""O uso da telemedicina prescinde de registro no prontu\u00e1rio m\u00e9dico, j\u00e1 que a consulta virtual n\u00e3o se equipara, juridicamente, \u00e0 consulta presencial."", ""fields"": [""Texto""]}}, {""changed"": {""name"": ""alternativa"", ""object"": ""O C\u00f3digo de \u00c9tica M\u00e9dica estabelece que, mesmo em consultas por telemedicina, o m\u00e9dico deve respeitar os princ\u00edpios da benefic\u00eancia, autonomia, sigilo e consentimento informado, sendo a responsabilidade da conduta sempre do profissional."", ""fields"": [""Texto""]}}, {""changed"": {""name"": ""alternativa"", ""object"": ""O uso de IA em sa\u00fade dispensa a necessidade de supervis\u00e3o m\u00e9dica quando o sistema apresenta alta acur\u00e1cia comprovada, podendo substituir integralmente a decis\u00e3o cl\u00ednica."", ""fields"": [""Texto""]}}]"
01/12/2025 15:23:37;admin;Alteração (Editou);Considerando o cenário de estado de mal epiléptico...;"[{""changed"": {""fields"": [""Status""]}}]"
01/12/2025 15:23:22;admin;Alteração (Editou);Considerando o quadro clínico, o histórico da paci...;"[{""changed"": {""fields"": [""Status""]}}]"
01/12/2025 15:23:00;admin;Alteração (Editou);Assinale a alternativa correta:...;"[{""changed"": {""fields"": [""Tipo questao"", ""Texto base"", ""Enunciado"", ""Status""]}}]"
01/12/2025 15:22:00;admin;Alteração (Editou);Em relação a esse contexto histórico, assinale a a...;"[{""changed"": {""fields"": [""Texto base"", ""Enunciado""]}}]"
01/12/2025 15:21:32;admin;Alteração (Editou);Considerando os direitos fundamentais e os parâmet...;"[{""changed"": {""fields"": [""Texto base"", ""Enunciado"", ""Status""]}}, {""changed"": {""name"": ""alternativa"", ""object"": ""O sigilo m\u00e9dico pode ser totalmente dispensado em pres\u00eddios, j\u00e1 que a seguran\u00e7a p\u00fablica prevalece sobre o direito \u00e0 privacidade."", ""fields"": [""Texto""]}}, {""changed"": {""name"": ""alternativa"", ""object"": ""As condi\u00e7\u00f5es adversas do ambiente prisional n\u00e3o afastam o dever de assegurar dignidade, sigilo poss\u00edvel, consentimento e assist\u00eancia equivalente \u00e0 da popula\u00e7\u00e3o em liberdade."", ""fields"": [""Texto""]}}]"
01/12/2025 15:20:16;admin;Alteração (Editou);Considerando o texto apresentado, avalie as afirma...;[]
01/12/2025 15:20:04;admin;Alteração (Editou);Considerando o texto apresentado, avalie as afirma...;"[{""changed"": {""fields"": [""Tipo questao"", ""Status""]}}, {""changed"": {""name"": ""alternativa"", ""object"": ""O C\u00f3digo de Nuremberg refor\u00e7ou a possibilidade de pesquisa m\u00e9dica sem consentimento quando o benef\u00edcio coletivo superasse riscos individuais."", ""fields"": [""Texto""]}}, {""changed"": {""name"": ""alternativa"", ""object"": ""O p\u00f3s-guerra marcou a redu\u00e7\u00e3o da industrializa\u00e7\u00e3o farmac\u00eautica, devido ao controle estatal sobre patentes internacionais."", ""fields"": [""Texto""]}}, {""changed"": {""name"": ""alternativa"", ""object"": ""A medicina tecnol\u00f3gica manteve a l\u00f3gica exclusivamente hospitaloc\u00eantrica, com pouco impacto da sa\u00fade p\u00fablica."", ""fields"": [""Texto""]}}]"
01/12/2025 15:18:11;admin;Alteração (Editou);Assinale a alternativa que apresenta apenas as afi...;[]
01/12/2025 15:18:06;admin;Alteração (Editou);Assinale a alternativa que apresenta apenas as afi...;"[{""changed"": {""fields"": [""Enunciado""]}}]"
01/12/2025 15:16:12;admin;Alteração (Editou);Considerando o cenário apresentado e a estabilizaç...;"[{""changed"": {""fields"": [""Uso prova""]}}]"
01/12/2025 15:15:24;admin;Alteração (Editou);Com base no caso clínico e nos conhecimentos sobre...;[]
01/12/2025 15:15:11;admin;Alteração (Editou);Com base no caso clínico e nos conhecimentos sobre...;"[{""changed"": {""fields"": [""Texto base"", ""Justificativa"", ""Status""]}}, {""changed"": {""name"": ""alternativa"", ""object"": ""A utiliza\u00e7\u00e3o de um AINE n\u00e3o seletivo seria prefer\u00edvel ao AINE seletivo para COX-2, pois oferece um perfil de seguran\u00e7a cardiovascular superior para este paciente hipertenso."", ""fields"": [""Texto""]}}, {""changed"": {""name"": ""alternativa"", ""object"": ""A escolha de um AINE seletivo para COX-2 visa minimizar o risco de recorr\u00eancia de \u00falcera p\u00e9ptica ao poupar a COX-1 g\u00e1strica, embora a monitoriza\u00e7\u00e3o da press\u00e3o arterial se mantenha necess\u00e1ria."", ""fields"": [""Texto""]}}, {""changed"": {""name"": ""alternativa"", ""object"": ""A prednisona, ao ser administrada, atuar\u00e1 como um pr\u00f3-f\u00e1rmaco cujo mecanismo anti-inflamat\u00f3rio envolve a modula\u00e7\u00e3o da transcri\u00e7\u00e3o g\u00eanica de citocinas e a inibi\u00e7\u00e3o da fosfolipase A2."", ""fields"": [""Texto"", ""Eh correta""]}}, {""changed"": {""name"": ""alternativa"", ""object"": ""A prednisona exerce seu potente efeito anti-inflamat\u00f3rio por meio da inibi\u00e7\u00e3o direta e competitiva tanto da COX-1 quanto da COX-2, de forma similar aos AINEs."", ""fields"": [""Texto""]}}, {""deleted"": {""name"": ""alternativa"", ""object"": """"}}]"
01/12/2025 15:14:53;admin;Alteração (Editou);Considerando a técnica correta para o procedimento...;"[{""changed"": {""fields"": [""Uso prova""]}}]"
01/12/2025 15:14:45;admin;Alteração (Editou);Considerando o texto apresentado, avalie as afirma...;"[{""changed"": {""fields"": [""Uso prova""]}}]"
01/12/2025 15:14:38;admin;Alteração (Editou);I. A abordagem imediata para este paciente deve fo...;"[{""changed"": {""fields"": [""Uso prova""]}}]"
01/12/2025 15:14:30;admin;Alteração (Editou);Considerando o cenário apresentado e a estabilizaç...;"[{""changed"": {""fields"": [""Uso prova""]}}]"
01/12/2025 15:13:28;admin;Alteração (Editou);Considerando o quadro clínico apresentado e a indi...;"[{""changed"": {""fields"": [""Uso prova""]}}]"
01/12/2025 15:13:22;admin;Alteração (Editou);Considerando o diagnóstico de transtorno depressiv...;"[{""changed"": {""fields"": [""Uso prova""]}}]"
01/12/2025 15:13:14;admin;Alteração (Editou);Considerando o cenário de estado de mal epiléptico...;"[{""changed"": {""fields"": [""Uso prova""]}}]"
01/12/2025 15:13:00;admin;Alteração (Editou);Considerando o quadro clínico, o histórico da paci...;"[{""changed"": {""fields"": [""Uso prova""]}}]"
01/12/2025 15:11:57;admin;Alteração (Editou);Com base no conceito de Saúde Planetária e nas atr...;"[{""changed"": {""fields"": [""Uso prova""]}}]"
01/12/2025 15:11:51;admin;Alteração (Editou);Com base na perspectiva da Saúde Planetária e nos ...;"[{""changed"": {""fields"": [""Uso prova""]}}]"
01/12/2025 15:11:43;admin;Alteração (Editou);Com base nas competências necessárias para o médic...;"[{""changed"": {""fields"": [""Uso prova""]}}]"
01/12/2025 15:11:36;admin;Alteração (Editou);Com base nos princípios da colaboração interprofis...;"[{""changed"": {""fields"": [""Uso prova""]}}]"
01/12/2025 15:10:40;admin;Alteração (Editou);Considerando o desempenho apresentado, qual interp...;"[{""changed"": {""fields"": [""Uso prova""]}}]"
01/12/2025 15:10:33;admin;Alteração (Editou);Qual é a conduta mais adequada segundo os princípi...;"[{""changed"": {""fields"": [""Uso prova""]}}]"
01/12/2025 15:10:24;admin;Alteração (Editou);Diante das informações, qual conclusão avalia de f...;"[{""changed"": {""fields"": [""Uso prova""]}}]"
01/12/2025 15:09:26;admin;Alteração (Editou);Os quatro componentes fundamentais do método clíni...;"[{""changed"": {""fields"": [""Uso prova""]}}]"
01/12/2025 15:09:19;admin;Alteração (Editou);No contexto da medicina ambulatorial, o diagnóstic...;"[{""changed"": {""fields"": [""Uso prova""]}}]"
01/12/2025 15:09:11;admin;Alteração (Editou);Portanto, o raciocínio clínico na APS distingue-se...;"[{""changed"": {""fields"": [""Uso prova""]}}]"
01/12/2025 15:09:04;admin;Alteração (Editou);Segundo o método de consulta em 7 passos e os prin...;"[{""changed"": {""fields"": [""Uso prova""]}}]"
01/12/2025 15:08:52;admin;Alteração (Editou);Ao elaborar um laudo pericial, o médico deve obrig...;"[{""changed"": {""fields"": [""Uso prova""]}}]"
01/12/2025 15:08:43;admin;Alteração (Editou);O formato SOAP inclui, respectivamente, as seções:...;"[{""changed"": {""fields"": [""Uso prova""]}}]"
01/12/2025 15:07:23;admin;Alteração (Editou);Considerando o quadro clínico apresentado, qual a ...;"[{""changed"": {""fields"": [""Status""]}}]"
01/12/2025 15:06:00;admin;Alteração (Editou);Considerando o elevado risco de sangramento gastro...;"[{""changed"": {""fields"": [""Justificativa"", ""Status""]}}, {""changed"": {""name"": ""alternativa"", ""object"": ""Suspender o clopidogrel, visando remover um dos principais agentes gastrolesivos."", ""fields"": [""Texto"", ""Eh correta""]}}, {""changed"": {""name"": ""alternativa"", ""object"": ""Iniciar pantoprazol em dose padr\u00e3o, visando inibir a bomba de pr\u00f3tons H+/K+-ATPase."", ""fields"": [""Texto"", ""Eh correta""]}}]"
01/12/2025 15:04:18;admin;Alteração (Editou);Com base nas recomendações atuais para abordagem d...;"[{""changed"": {""fields"": [""Status""]}}]"
01/12/2025 15:03:28;admin;Alteração (Editou);Considerando o elevado risco de sangramento gastro...;[]
01/12/2025 15:02:54;admin;Alteração (Editou);Considerando o quadro clínico e o histórico terapê...;"[{""changed"": {""fields"": [""Justificativa"", ""Status""]}}, {""changed"": {""name"": ""alternativa"", ""object"": ""Iniciar terapia com corticoide sist\u00eamico e introduzir um LAMA para o controle da crise aguda, mantendo o mesmo esquema LABA/CI ap\u00f3s a alta."", ""fields"": [""Texto"", ""Eh correta""]}}, {""changed"": {""name"": ""alternativa"", ""object"": ""Administrar SABA em altas doses, associado a corticoide sist\u00eamico, e planejar a adi\u00e7\u00e3o de um antagonista muscar\u00ednico de longa dura\u00e7\u00e3o (LAMA) ao esquema de manuten\u00e7\u00e3o na alta."", ""fields"": [""Texto"", ""Eh correta""]}}]"
01/12/2025 14:58:47;admin;Alteração (Editou);Com base nos achados apresentados, qual é a classi...;"[{""changed"": {""fields"": [""Uso prova""]}}]"
01/12/2025 14:58:39;admin;Alteração (Editou);Considerando o diagnóstico e o fator de risco iden...;"[{""changed"": {""fields"": [""Uso prova""]}}]"
01/12/2025 14:58:31;admin;Alteração (Editou);Com base nos dados apresentados, qual é o principa...;"[{""changed"": {""fields"": [""Uso prova""]}}]"
01/12/2025 14:58:21;admin;Alteração (Editou);Com base no quadro clínico e nos resultados gasomé...;"[{""changed"": {""fields"": [""Uso prova""]}}]"
01/12/2025 14:58:12;admin;Alteração (Editou);Considerando os critérios de Berlim para o diagnós...;"[{""changed"": {""fields"": [""Uso prova""]}}]"
01/12/2025 14:58:02;admin;Alteração (Editou);Sobre este achado, podemos afirmar:...;"[{""changed"": {""fields"": [""Uso prova""]}}]"
01/12/2025 14:57:51;admin;Alteração (Editou);Sobre este achado, podemos afirmar :...;"[{""changed"": {""fields"": [""Uso prova""]}}]"
01/12/2025 14:56:39;admin;Alteração (Editou);Considerando o quadro apresentado acima, assinale ...;"[{""changed"": {""fields"": [""Uso prova""]}}]"
01/12/2025 14:56:24;admin;Alteração (Editou);Neste sentido, considerando o quadro apresentado a...;"[{""changed"": {""fields"": [""Uso prova""]}}]"
01/12/2025 14:56:13;admin;Alteração (Editou);Considerando o quadro clínico descrito avalie as a...;"[{""changed"": {""fields"": [""Uso prova""]}}]"
01/12/2025 14:55:59;admin;Alteração (Editou);Com base nesse quadro, é correto afirmar:...;"[{""changed"": {""fields"": [""Uso prova""]}}]"
01/12/2025 14:55:52;admin;Alteração (Editou);Com base nesse quadro e na abordagem das glomerulo...;"[{""changed"": {""fields"": [""Uso prova""]}}]"
01/12/2025 14:55:40;admin;Alteração (Editou);Qual alternativa corresponde ao volume de água nec...;"[{""changed"": {""fields"": [""Status""]}}, {""changed"": {""name"": ""alternativa"", ""object"": ""1500 ml"", ""fields"": [""Eh correta""]}}]"
01/12/2025 14:54:25;admin;Alteração (Editou);Qual alternativa corresponde ao volume de água nec...;[]
01/12/2025 14:53:28;admin;Alteração (Editou);Assinale a afirmativa que mostre o diagnóstico mai...;"[{""changed"": {""fields"": [""Status""]}}]"
01/12/2025 14:52:59;admin;Alteração (Editou);Qual alternativa corresponde ao volume de água nec...;"[{""changed"": {""fields"": [""Enunciado""]}}]"
01/12/2025 14:48:00;admin;Alteração (Editou);Qual a conduta em relação ao anticoagulante?...;"[{""changed"": {""fields"": [""Status""]}}]"
01/12/2025 14:47:51;admin;Alteração (Editou);Considerando o texto apresentado, avalie as afirma...;"[{""changed"": {""fields"": [""Uso prova""]}}]"
01/12/2025 14:47:43;admin;Alteração (Editou);Com base nesta matriz, qual das alternativas abaix...;"[{""changed"": {""fields"": [""Uso prova""]}}]"
01/12/2025 14:47:34;admin;Alteração (Editou);Considere as seguintes afirmações sobre a aplicaçã...;"[{""changed"": {""fields"": [""Uso prova""]}}]"
01/12/2025 14:46:44;admin;Alteração (Editou);Homem de 52 anos, com histórico de dislipidemia e ...;"[{""changed"": {""fields"": [""Uso prova""]}}]"
01/12/2025 14:46:31;admin;Alteração (Editou);Mulher de 44 anos apresenta dor intensa em hipocôn...;"[{""changed"": {""fields"": [""Uso prova""]}}]"
01/12/2025 14:46:22;admin;Alteração (Editou);Considerando os achados clínicos, o exame de image...;"[{""changed"": {""fields"": [""Uso prova""]}}]"
01/12/2025 14:45:28;admin;Alteração (Editou);Neste contexto, assinale a correta:...;"[{""changed"": {""fields"": [""Texto base"", ""Justificativa"", ""Status""]}}, {""changed"": {""name"": ""alternativa"", ""object"": ""A classifica\u00e7\u00e3o de risco de Lee tem boa acur\u00e1cia para predizer o risco de isquemia coronariana."", ""fields"": [""Eh correta""]}}]"
01/12/2025 14:40:20;admin;Alteração (Editou);Com base no caso clínico e nos diagnósticos difere...;[]
01/12/2025 14:39:28;admin;Alteração (Editou);Considerando o texto apresentado, avalie as afirma...;[]
01/12/2025 14:38:44;admin;Alteração (Editou);Com base no caso clínico e nos diagnósticos difere...;"[{""changed"": {""fields"": [""Uso prova""]}}]"
01/12/2025 14:37:17;admin;Alteração (Editou);Considerando as recomendações atuais para contrace...;"[{""changed"": {""fields"": [""Uso prova""]}}]"
01/12/2025 14:37:13;admin;Alteração (Editou);Considerando o mecanismo de ação desse fármaco, qu...;"[{""changed"": {""fields"": [""Status""]}}]"
01/12/2025 14:37:09;admin;Alteração (Editou);Diante dessa situação, qual é a conduta mais aprop...;"[{""changed"": {""fields"": [""Uso prova""]}}]"
01/12/2025 14:37:01;admin;Alteração (Editou);Na Atenção Primária à Saúde, qual é a conduta mais...;"[{""changed"": {""fields"": [""Uso prova""]}}]"
01/12/2025 14:36:51;admin;Alteração (Editou);Gestante de 18 anos, sem comorbidades, iniciou o p...;"[{""changed"": {""fields"": [""Uso prova""]}}]"
01/12/2025 14:36:43;admin;Alteração (Editou);Com base nas recomendações atuais para abordagem d...;"[{""changed"": {""fields"": [""Uso prova""]}}]"
01/12/2025 14:36:28;admin;Alteração (Editou);O anestesista suspeita de deficiência do fator XII...;"[{""changed"": {""fields"": [""Status""]}}]"
01/12/2025 14:36:23;admin;Alteração (Editou);Considerando o papel da Atenção Primária na promoç...;"[{""changed"": {""fields"": [""Uso prova""]}}]"
01/12/2025 14:35:23;admin;Alteração (Editou);Considerando o mecanismo da varfarina, qual fator ...;"[{""changed"": {""fields"": [""Status""]}}]"
01/12/2025 14:27:27;admin;Alteração (Editou);Considerando os dados clínicos, assinale a alterna...;"[{""changed"": {""fields"": [""Enunciado"", ""Justificativa"", ""Status""]}}]"
01/12/2025 14:26:30;admin;Alteração (Editou);Assinale a alternativa que apresenta corretamente:...;"[{""changed"": {""fields"": [""Enunciado"", ""Status""]}}]"
01/12/2025 14:25:53;admin;Alteração (Editou);Assinale a alternativa que apresenta corretamente:...;"[{""changed"": {""fields"": [""Texto base"", ""Enunciado"", ""Status""]}}]"
01/12/2025 14:24:49;admin;Alteração (Editou);Apresenta hipotireoidismo diagnosticado há poucos ...;"[{""changed"": {""fields"": [""Texto base"", ""Status""]}}]"
01/12/2025 14:23:28;admin;Alteração (Editou);Assinale a alternativa que apresenta corretamente:...;"[{""changed"": {""fields"": [""Texto base"", ""Enunciado"", ""Justificativa"", ""Status""]}}]"
01/12/2025 14:21:36;admin;Alteração (Editou);Qual o diagnóstico mais provável?...;"[{""changed"": {""fields"": [""Status""]}}]"
01/12/2025 14:21:17;admin;Alteração (Editou);Qual o diagnóstico mais provável?...;"[{""changed"": {""fields"": [""Texto base"", ""Justificativa""]}}]"
01/12/2025 14:19:37;admin;Alteração (Editou);Com base nos achados, qual a hipótese diagnóstica ...;"[{""changed"": {""fields"": [""Texto base"", ""Status""]}}]"
01/12/2025 14:19:00;admin;Alteração (Editou);A crepitação palpável durante o exame é mais compa...;"[{""changed"": {""fields"": [""Texto base"", ""Justificativa"", ""Status""]}}]"
01/12/2025 14:15:31;admin;Alteração (Editou);Qual dos achados abaixo é mais característico da a...;"[{""changed"": {""fields"": [""Texto base"", ""Justificativa"", ""Status""]}}]"
01/12/2025 14:15:17;admin;Alteração (Editou);Assinale a alternativa que apresenta o diagnóstico...;"[{""changed"": {""fields"": [""Uso prova"", ""Justificativa""]}}, {""changed"": {""name"": ""alternativa"", ""object"": ""S\u00edndrome Neurol\u00e9ptica Maligna. O tratamento deve ser feito na UTI. Est\u00e1 indicada troca do antipsic\u00f3tico, hidrata\u00e7\u00e3o vigorosa, uso de antipir\u00e9ticos. Podem necessitar de uso de relaxantes musculares e, at\u00e9 mesmo, di\u00e1lise nos casos que haja fal\u00eancia renal;"", ""fields"": [""Texto"", ""Eh correta""]}}, {""changed"": {""name"": ""alternativa"", ""object"": ""S\u00edndrome Neurol\u00e9ptica Maligna. O tratamento deve ser feito na UTI. Est\u00e1 indicada retirada do antipsic\u00f3tico, hidrata\u00e7\u00e3o vigorosa, uso de antipir\u00e9ticos. Podem necessitar de uso de relaxantes musculares e, at\u00e9 mesmo, di\u00e1lise nos casos que haja fal\u00eancia renal. A eletroconvulsoterapia tamb\u00e9m pode ser indicada."", ""fields"": [""Texto"", ""Eh correta""]}}]"
01/12/2025 14:13:50;admin;Alteração (Editou);Qual é a técnica correta para realizar esse teste?...;"[{""changed"": {""fields"": [""Texto base"", ""Status""]}}]"
01/12/2025 14:07:19;admin;Alteração (Editou);Qual a sensibilidade do teste?...;"[{""changed"": {""fields"": [""Status""]}}]"
01/12/2025 14:06:41;admin;Alteração (Editou);Qual alternativa apresenta a medida de associação ...;[]
01/12/2025 14:05:28;admin;Alteração (Editou);Qual a sensibilidade do teste?...;[]
01/12/2025 13:59:34;admin;Alteração (Editou);Com base no cenário descrito, qual fator limita de...;"[{""changed"": {""fields"": [""Status""]}}]"
01/12/2025 13:59:32;admin;Alteração (Editou);Em relação às emergências oncológicas, podemos afi...;"[{""changed"": {""fields"": [""Texto base"", ""Status""]}}]"
01/12/2025 13:57:19;admin;Alteração (Editou);Quanto aos efeitos do tratamento, é correto afirma...;"[{""changed"": {""fields"": [""Texto base"", ""Status""]}}, {""changed"": {""name"": ""alternativa"", ""object"": ""Os sintomas de dispneia e edema apresentados no momento pela paciente, n\u00e3o    est\u00e3o relacionados ao tratamento realizado. Dessa forma, a melhor conduta \u00e9 encaminh\u00e1-la ao cardiologista e pneumologista para que ele realizar a investiga\u00e7\u00e3o dos sintomas"", ""fields"": [""Texto""]}}, {""changed"": {""name"": ""alternativa"", ""object"": ""Esses sintomas apresentados pela paciente n\u00e3o se correlacionam com o tratamento quimioter\u00e1pico, j\u00e1 que ela cessou a quimioterapia h\u00e1 meses e as toxicidades provocadas por ela j\u00e1 cessaram"", ""fields"": [""Texto""]}}, {""changed"": {""name"": ""alternativa"", ""object"": ""Os sintomas apresentados pela paciente est\u00e3o relacionadas ao cardiotoxicidade do tratamento. A melhor conduta \u00e9 solicitar um ecocardiograma e suspender de forma definitiva o tratamento com a terapia-alvo anti-Her2."", ""fields"": [""Texto""]}}, {""changed"": {""name"": ""alternativa"", ""object"": ""Os sintomas apresentados pela paciente est\u00e3o relacionadas ao cardiotoxicidade do tratamento. A terapia alvo anti-Her2 pode levar a insufici\u00eancia card\u00edaca de forma definitiva pela morte dos mi\u00f3citos, dessa forma, a paciente n\u00e3o ir\u00e1 recuperar a fun\u00e7\u00e3o ventricular mesmo ap\u00f3s a suspens\u00e3o da droga."", ""fields"": [""Texto""]}}, {""changed"": {""name"": ""alternativa"", ""object"": ""Os sintomas apresentados pela paciente est\u00e3o relacionadas ao cardiotoxicidade do tratamento. A melhor conduta \u00e9 solicitar um ecocardiograma e iniciar o tratamento para infuci\u00eancia card\u00edaca. Se a paciente recuperar a fra\u00e7\u00e3o de eje\u00e7\u00e3o pode reiniciar a terapia-alvo anti-Her2."", ""fields"": [""Texto""]}}]"
01/12/2025 13:55:49;admin;Alteração (Editou);Nesse caso, a conduta médica correta é:...;"[{""changed"": {""fields"": [""Status""]}}]"
01/12/2025 13:55:41;admin;Alteração (Editou);Nesse caso, a conduta médica correta é:...;"[{""changed"": {""fields"": [""Texto base""]}}, {""changed"": {""name"": ""alternativa"", ""object"": ""Orientar a paciente que o risco de s\u00edndrome heredit\u00e1ria mama e ov\u00e1rio \u00e9 m\u00ednimo e que ela dever\u00e1 seguir com o protocolo de iniciar mamografia a partir dos 40 anos de idade."", ""fields"": [""Texto""]}}, {""changed"": {""name"": ""alternativa"", ""object"": ""Orientar a paciente a fazer avalia\u00e7\u00e3o oncogen\u00e9tica para aconselhamento gen\u00e9tico e iniciar os exames de rastreamento conforme resultado do teste molecular. Orientar que h\u00e1 probabilidade da paciente ser portadora de variante patog\u00eanica da genes de alta penetr\u00e2ncia como BRCA1 ou BRCA2, sendo necess\u00e1rio rastrear as mamas com RM das mamas e mamografia anualmente."", ""fields"": [""Texto""]}}, {""changed"": {""name"": ""alternativa"", ""object"": ""Orientar a paciente sobre o risco de s\u00edndrome heredit\u00e1ria de mama e ov\u00e1rio, mas que ela n\u00e3o se encontra na faixa et\u00e1ria de risco e, portanto, n\u00e3o deve iniciar seus exames de rastreamento nesse momento."", ""fields"": [""Texto""]}}, {""changed"": {""name"": ""alternativa"", ""object"": ""Orientar a paciente que ela \u00e9, definitivamente, portadora de s\u00edndrome heredit\u00e1ria de mama e ov\u00e1rio e deve fazer os exames de rastreamento imediatamente"", ""fields"": [""Texto""]}}, {""changed"": {""name"": ""alternativa"", ""object"": ""Orientar a paciente que como ela n\u00e3o tem hist\u00f3ria pessoal de c\u00e2ncer n\u00e3o h\u00e1 suspeita de s\u00edndrome heredit\u00e1rias, ela deve s\u00f3 deve ser testada se apresentar o diagn\u00f3stico de c\u00e2ncer, pois s\u00f3 assim haver\u00e1 mudan\u00e7a de conduta."", ""fields"": [""Texto""]}}]"
01/12/2025 13:49:29;admin;Alteração (Editou);Considerando o perfil clínico e o impacto funciona...;"[{""changed"": {""fields"": [""Status""]}}]"
01/12/2025 13:49:03;admin;Alteração (Editou);Com base no quadro clínico e laboratorial, que rep...;"[{""changed"": {""fields"": [""Justificativa"", ""Status""]}}, {""changed"": {""name"": ""alternativa"", ""object"": ""Iniciar prednisona em dose \u00fanica matinal, visto que sua atividade mineralocorticoide intr\u00ednseca \u00e9 suficiente."", ""fields"": [""Texto"", ""Eh correta""]}}, {""changed"": {""name"": ""alternativa"", ""object"": ""Iniciar hidrocortisona em doses divididas e fludrocortisona em dose \u00fanica di\u00e1ria para mimetizar o ciclo fisiol\u00f3gico."", ""fields"": [""Texto"", ""Eh correta""]}}]"
01/12/2025 13:45:44;admin;Alteração (Editou);Com base no quadro clínico e nos resultados labora...;"[{""changed"": {""fields"": [""Status""]}}]"
01/12/2025 13:44:27;admin;Alteração (Editou);Qual é a conduta inicial mais apropriada para esta...;"[{""changed"": {""fields"": [""Status""]}}, {""changed"": {""name"": ""alternativa"", ""object"": ""Encaminhar ao servi\u00e7o de origem."", ""fields"": [""Texto""]}}]"
01/12/2025 13:43:53;admin;Alteração (Editou);Qual dos seguintes agentes deve ser estritamente e...;"[{""changed"": {""fields"": [""Status""]}}]"
01/12/2025 13:43:32;admin;Alteração (Editou);Qual dos seguintes agentes deve ser estritamente e...;[]
01/12/2025 13:43:14;admin;Alteração (Editou);Qual a posição considerada o padrão-ouro para melh...;"[{""changed"": {""fields"": [""Status""]}}]"
01/12/2025 13:42:47;admin;Alteração (Editou);Qual é o evento adverso endócrino associado ao eto...;"[{""changed"": {""fields"": [""Status""]}}]"
01/12/2025 13:42:16;admin;Alteração (Editou);Qual é o objetivo principal da administração de Fe...;"[{""changed"": {""fields"": [""Status""]}}]"
01/12/2025 13:41:50;admin;Alteração (Editou);Qual é o posicionamento ideal e a sua justificativ...;"[{""changed"": {""fields"": [""Status""]}}]"
01/12/2025 13:40:28;admin;Alteração (Editou);Qual é a principal vantagem da Ketamina, que justi...;"[{""changed"": {""fields"": [""Status""]}}, {""changed"": {""name"": ""alternativa"", ""object"": ""Capacidade de induzir hipotens\u00e3o controlada e diminuir o consumo de oxig\u00eanio mioc\u00e1rdico, o que \u00e9 ben\u00e9fico na taquicardia."", ""fields"": [""Texto""]}}]"
01/12/2025 13:37:33;admin;Alteração (Editou);Com base no caso clínico e nos conhecimentos sobre...;"[{""changed"": {""fields"": [""Status""]}}]"
01/12/2025 13:37:01;admin;Alteração (Editou);Considerando o quadro clínico e os fatores associa...;"[{""changed"": {""fields"": [""Status""]}}]"
01/12/2025 13:36:38;admin;Alteração (Editou);Em relação a esta patologia, escolha a alternativa...;"[{""changed"": {""fields"": [""Status""]}}]"
01/12/2025 13:36:13;admin;Alteração (Editou);Sobre o diagnóstico cutâneo da paciente citada ass...;"[{""changed"": {""fields"": [""Status""]}}]"
01/12/2025 13:35:48;admin;Alteração (Editou);Quais sinais clínicos abaixo o médico se referia:...;"[{""changed"": {""fields"": [""Status""]}}]"
01/12/2025 13:35:17;admin;Alteração (Editou);Qual é o agente etiológico responsável por essa co...;[]
01/12/2025 13:35:07;admin;Alteração (Editou);Qual é o agente etiológico responsável por essa co...;"[{""changed"": {""fields"": [""Justificativa""]}}]"
01/12/2025 13:34:22;admin;Alteração (Editou);Qual é o agente etiológico responsável por essa co...;"[{""changed"": {""fields"": [""Status""]}}, {""changed"": {""name"": ""alternativa"", ""object"": ""V\u00edrus da rub\u00e9ola."", ""fields"": [""Texto"", ""Eh correta""]}}, {""changed"": {""name"": ""alternativa"", ""object"": ""Poxv\u00edrus."", ""fields"": [""Texto"", ""Eh correta""]}}]"
01/12/2025 13:33:06;admin;Alteração (Editou);Com base no quadro clínico descrito, a conduta mai...;"[{""changed"": {""fields"": [""Status""]}}]"
01/12/2025 13:32:18;admin;Alteração (Editou);Na sequência da investigação laboratorial, espera-...;[]
01/12/2025 13:32:03;admin;Alteração (Editou);Com base nesses achados, qual deve ser a conduta m...;[]
01/12/2025 13:31:18;admin;Alteração (Editou);Em relação ao tratamento farmacológico da dislipid...;[]
01/12/2025 13:30:53;admin;Alteração (Editou);Na sequência da investigação laboratorial, espera-...;"[{""changed"": {""fields"": [""Status""]}}]"
01/12/2025 13:29:40;admin;Alteração (Editou);Qual o exame laboratorial inicial mais adequado pa...;"[{""changed"": {""fields"": [""Status""]}}]"
01/12/2025 13:28:51;admin;Alteração (Editou);Qual o diagnóstico mais provável?...;"[{""changed"": {""fields"": [""Status""]}}]"
01/12/2025 13:28:23;admin;Alteração (Editou);Qual o diagnóstico mais provável?...;"[{""changed"": {""fields"": [""Status""]}}]"
01/12/2025 13:26:40;admin;Alteração (Editou);Qual afirmação descreve corretamente esse carcinom...;"[{""changed"": {""fields"": [""Status""]}}]"
01/12/2025 13:25:32;admin;Alteração (Editou);Qual é a conduta diagnóstica e terapêutica imediat...;[]
01/12/2025 13:25:12;admin;Alteração (Editou);Qual é a conduta diagnóstica e terapêutica imediat...;[]
01/12/2025 13:24:35;admin;Alteração (Editou);Qual a melhor opção para o tratamento antibiótico?...;[]
01/12/2025 13:23:52;admin;Alteração (Editou);Qual a sua hipótese diagnóstica, exame confirmatór...;[]
01/12/2025 13:23:43;admin;Alteração (Editou);Qual a sua hipótese diagnóstica, exame confirmatór...;"[{""changed"": {""name"": ""alternativa"", ""object"": ""Zika, RT-PCR, corticoide"", ""fields"": [""Texto""]}}, {""changed"": {""name"": ""alternativa"", ""object"": ""Chikungunya, RT-PCR, anti-inflamat\u00f3rio injet\u00e1vel"", ""fields"": [""Texto""]}}, {""changed"": {""name"": ""alternativa"", ""object"": ""Dengue, Sorologia IGM, Dipirona e Hidrata\u00e7\u00e3o"", ""fields"": [""Texto""]}}, {""changed"": {""name"": ""alternativa"", ""object"": ""Chikungunya, Sorologia IgM, Dipirona alternado com Paracetamol +code\u00edna"", ""fields"": [""Texto""]}}, {""changed"": {""name"": ""alternativa"", ""object"": ""Chikungunya, RT-PCR, Dipirona alternado com Paracetamol + code\u00edna"", ""fields"": [""Texto""]}}]"
01/12/2025 13:22:34;admin;Alteração (Editou);Qual é a conduta diagnóstica e terapêutica imediat...;[]
01/12/2025 13:21:55;admin;Alteração (Editou);Qual a melhor opção para o tratamento antibiótico?...;"[{""changed"": {""fields"": [""Texto base""]}}]"
01/12/2025 13:21:05;admin;Alteração (Editou);Qual terapêutica deve ser evitada para tratar a fa...;"[{""changed"": {""name"": ""alternativa"", ""object"": ""Antivirais espec\u00edficos (aciclovir)"", ""fields"": [""Texto""]}}, {""changed"": {""name"": ""alternativa"", ""object"": ""Analg\u00e9sicos (dipirona, paracetamol)"", ""fields"": [""Texto""]}}, {""changed"": {""name"": ""alternativa"", ""object"": ""Corticoterapia (prednisolona, dexametasona)"", ""fields"": [""Texto""]}}, {""changed"": {""name"": ""alternativa"", ""object"": ""Antibi\u00f3ticos (amoxicilina, ampicilina, penicilina)"", ""fields"": [""Texto""]}}, {""changed"": {""name"": ""alternativa"", ""object"": ""Anti-inflamat\u00f3rios (\u00e1cido acetil salic\u00edlico ou AAS)"", ""fields"": [""Texto""]}}]"
01/12/2025 13:19:32;admin;Alteração (Editou);Considerando a hipótese diagnóstica de leptospiros...;[]
01/12/2025 13:19:20;admin;Alteração (Editou);Qual a melhor opção para o tratamento antibiótico?...;[]
01/12/2025 13:18:53;admin;Alteração (Editou);Considerando a hipótese diagnóstica de leptospiros...;"[{""changed"": {""fields"": [""Tipo questao"", ""Texto base"", ""Enunciado"", ""Justificativa""]}}]"
01/12/2025 13:13:48;admin;Alteração (Editou);Considerando a hipótese diagnóstica de leptospiros...;"[{""changed"": {""fields"": [""Status""]}}, {""changed"": {""name"": ""alternativa"", ""object"": ""As formas graves mais comuns e caracter\u00edsticas s\u00e3o: s\u00edndrome ou tr\u00edade de Weil (icter\u00edcia, insufici\u00eancia renal aguda e di\u00e1tese hemorr\u00e1gica)."", ""fields"": [""Texto"", ""Eh correta""]}}, {""changed"": {""name"": ""alternativa"", ""object"": ""Pacientes com formas brandas da doen\u00e7a podem ser tratados com antibi\u00f3ticos orais, como doxiciclina (100 mg, VO, 12/12 horas) ou amoxicilina (500 mg, VO, 8/8 horas)."", ""fields"": [""Texto"", ""Eh correta""]}}, {""changed"": {""name"": ""alternativa"", ""object"": ""Os testes de ELISA permitem a detec\u00e7\u00e3o de IgM contra ant\u00edgenos de Leptospira spp a detec\u00e7\u00e3o de anticorpos se torna reagente entre o 5\u00ba e 8\u00ba dia da doen\u00e7a e esses anticorpos permanecem positivos por pelo menos 5 meses ap\u00f3s a infec\u00e7\u00e3o."", ""fields"": [""Texto"", ""Eh correta""]}}, {""deleted"": {""name"": ""alternativa"", ""object"": """"}}, {""deleted"": {""name"": ""alternativa"", ""object"": """"}}]"
01/12/2025 13:10:12;admin;Alteração (Editou);Diante do caso clínico exposto, assinale a alterna...;"[{""changed"": {""fields"": [""Status""]}}, {""changed"": {""name"": ""alternativa"", ""object"": ""Solicitar teste r\u00e1pido de ant\u00edgeno ou RT-PCR para covid-19 e para influenza, e, se exame de COVID -19 positivo, seguir com tratamento sintom\u00e1tico ambulatorial e quarentena de 10 dias."", ""fields"": [""Texto""]}}, {""changed"": {""name"": ""alternativa"", ""object"": ""Solicitar teste r\u00e1pido de ant\u00edgeno ou RT-PCR para covid-19 e para influenza, e, se exame de COVID-19 positivo, seguir com prescri\u00e7\u00e3o de Paxlovid (Nirmatrelvir/ritonavir) por 05 dias."", ""fields"": [""Texto""]}}, {""changed"": {""name"": ""alternativa"", ""object"": ""Realizar tratamento emp\u00edrico com amoxicilina+clavulanato e azitromicina, associado a prednisona 40mg/dia por 03 dias."", ""fields"": [""Texto""]}}, {""changed"": {""name"": ""alternativa"", ""object"": ""Solicitar teste r\u00e1pido de ant\u00edgeno ou RT-PCR para covid-19 e para influenza, e, se exame de Influenza positivo, seguir com prescri\u00e7\u00e3o de Paxlovid (Nirmatrelvir/ritonavir) por 05 dias"", ""fields"": [""Texto""]}}, {""changed"": {""name"": ""alternativa"", ""object"": ""Solicitar teste r\u00e1pido de ant\u00edgeno ou RT-PCR para covid-19 e para Influenza, e, se exame de Influenza positivo, seguir com interna\u00e7\u00e3o e prescri\u00e7\u00e3o de hidrocortisona endovenosa."", ""fields"": [""Texto""]}}]"
01/12/2025 13:09:09;admin;Alteração (Editou);Quanto à profilaxia de tétano, marque a alternativ...;"[{""changed"": {""fields"": [""Status""]}}, {""changed"": {""name"": ""alternativa"", ""object"": ""Mordeduras de animais n\u00e3o apresentam risco para t\u00e9tano, pois n\u00e3o h\u00e1 Clostridium tetanii na cavidade oral do animal."", ""fields"": [""Texto""]}}, {""changed"": {""name"": ""alternativa"", ""object"": ""Apenas mordeduras de c\u00e3es e gatos apresentam risco de t\u00e9tano para o paciente acidentado."", ""fields"": [""Texto""]}}, {""changed"": {""name"": ""alternativa"", ""object"": ""A lavagem do ferimento n\u00e3o \u00e9 considerada uma medida de preven\u00e7\u00e3o para t\u00e9tano."", ""fields"": [""Texto""]}}, {""changed"": {""name"": ""alternativa"", ""object"": ""O ferimento do paciente \u00e9 considerada de alto risco para t\u00e9tano, devendo ser adotadas medidas como limpeza do ferimento e prescrito soro antitet\u00e2nico/vacinas se aus\u00eancia de informa\u00e7\u00e3o sobre vacinas."", ""fields"": [""Texto""]}}, {""changed"": {""name"": ""alternativa"", ""object"": ""O ferimento \u00e9 superficial e limpo, sendo considerado de baixo risco para t\u00e9tano e recomendado apenas a limpeza do ferimento e atualiza\u00e7\u00e3o de vacina de t\u00e9tano, se aus\u00eancia de hist\u00f3rico de vacina\u00e7\u00e3o."", ""fields"": [""Texto""]}}]"
01/12/2025 13:08:09;admin;Alteração (Editou);Sobre as arboviroses, marque a assertiva correta:...;"[{""changed"": {""fields"": [""Status""]}}]"
01/12/2025 13:08:01;admin;Alteração (Editou);Sobre as arboviroses, marque a assertiva correta:...;"[{""changed"": {""name"": ""alternativa"", ""object"": ""A Zika \u00e9 uma doen\u00e7a de car\u00e1ter brando, sem qualquer repercuss\u00e3o grave, n\u00e3o sendo necess\u00e1ria a realiza\u00e7\u00e3o de exames espec\u00edficos em nenhuma situa\u00e7\u00e3o."", ""fields"": [""Texto""]}}, {""changed"": {""name"": ""alternativa"", ""object"": ""O v\u00edrus da Chikungunya tem tropismo articular, sendo o causador da artrite reumatoide."", ""fields"": [""Texto""]}}, {""changed"": {""name"": ""alternativa"", ""object"": ""A dengue grave s\u00f3 ocorre nos pacientes que j\u00e1 apresentaram um quadro pr\u00e9vio de dengue cl\u00e1ssica."", ""fields"": [""Texto""]}}, {""changed"": {""name"": ""alternativa"", ""object"": ""A dengue, entre as arboviroses, \u00e9 a que apresenta maior mortalidade, devendo sempre ser suspeitada nos pacientes de \u00e1rea end\u00eamica com s\u00edndrome febril associada a cefaleia, dor retroorbit\u00e1ria e mialgia."", ""fields"": [""Texto""]}}, {""changed"": {""name"": ""alternativa"", ""object"": ""O uso de corticoides nos primeiros dias de sintoma da Chikungunya previne a cronifica\u00e7\u00e3o da artrite."", ""fields"": [""Texto""]}}]"
01/12/2025 13:06:48;admin;Alteração (Editou);Com base nos achados, assinale a alternativa corre...;[]
01/12/2025 13:06:42;admin;Alteração (Editou);Com base nos achados, assinale a alternativa corre...;[]
01/12/2025 13:06:36;admin;Alteração (Editou);Assinale a alternativa correta:...;[]
01/12/2025 13:06:30;admin;Alteração (Editou);Assinale a alternativa correta:...;[]
01/12/2025 13:06:23;admin;Alteração (Editou);Diante da suspeita de DII, assinale a alternativa ...;[]
01/12/2025 13:06:14;admin;Alteração (Editou);Sobre os critérios diagnósticos de MASLD, fatores ...;[]
01/12/2025 13:06:10;admin;Alteração (Editou);Sobre os critérios diagnósticos de MASLD, fatores ...;"[{""changed"": {""fields"": [""Tipo questao"", ""Texto base"", ""Enunciado"", ""Status""]}}, {""changed"": {""name"": ""alternativa"", ""object"": ""O diagn\u00f3stico de MASLD exige necessariamente demonstra\u00e7\u00e3o de esteato-hepatite (MASH) por bi\u00f3psia, al\u00e9m de pelo menos dois crit\u00e9rios de s\u00edndrome metab\u00f3lica, uma vez que a combina\u00e7\u00e3o de inflama\u00e7\u00e3o e fibrose \u00e9 indispens\u00e1vel para confirmar a doen\u00e7a."", ""fields"": [""Texto""]}}, {""changed"": {""name"": ""alternativa"", ""object"": ""Apesar de apresentar m\u00faltiplos fatores metab\u00f3licos, a paciente n\u00e3o preenche crit\u00e9rios para MASLD, pois a rela\u00e7\u00e3o AST/ALT > 1,0 aponta fortemente para etiologia alco\u00f3lica, devendo este diagn\u00f3stico ser priorizado mesmo sem consumo significativo de \u00e1lcool"", ""fields"": [""Texto""]}}, {""changed"": {""name"": ""alternativa"", ""object"": ""O FIB-4 de 3,15 coloca a paciente em zona de alto risco para fibrose avan\u00e7ada, indicando necessidade de avalia\u00e7\u00e3o adicional com m\u00e9todo secund\u00e1rio (como elastografia transit\u00f3ria). Al\u00e9m disso, o conjunto de obesidade, diabetes e dislipidemia caracteriza MASLD independentemente de bi\u00f3psia"", ""fields"": [""Texto""]}}, {""changed"": {""name"": ""alternativa"", ""object"": ""O FIB-4 \u00e9 considerado pouco confi\u00e1vel em indiv\u00edduos acima de 35 anos, motivo pelo qual sua utiliza\u00e7\u00e3o nessa paciente deve ser evitada; nesse contexto, a decis\u00e3o diagn\u00f3stica deve basear-se exclusivamente nos n\u00edveis de ALT e GGT."", ""fields"": [""Texto""]}}, {""changed"": {""name"": ""alternativa"", ""object"": ""Embora apresente esteatose e m\u00faltiplos fatores metab\u00f3licos, a paciente n\u00e3o possui risco cardiovascular aumentado, pois os crit\u00e9rios de MASLD referem-se apenas \u00e0 sa\u00fade hep\u00e1tica, sem associa\u00e7\u00e3o estabelecida com aterosclerose ou s\u00edndrome metab\u00f3lica."", ""fields"": [""Texto""]}}]"
01/12/2025 13:05:02;admin;Alteração (Editou);Com base nos critérios de Roma IV, analise as asse...;[]
01/12/2025 13:04:59;admin;Alteração (Editou);Com base nos critérios de Roma IV, analise as asse...;"[{""changed"": {""fields"": [""Tipo questao"", ""Texto base"", ""Enunciado"", ""Status""]}}, {""changed"": {""name"": ""alternativa"", ""object"": ""O diagn\u00f3stico de SII s\u00f3 pode ser estabelecido ap\u00f3s exclus\u00e3o completa de doen\u00e7as org\u00e2nicas por meio de colonoscopia, exames de fezes, horm\u00f4nios tireoidianos e estudos de tr\u00e2nsito col\u00f4nico, pois o Roma IV exige investiga\u00e7\u00e3o exaustiva antes de confirmar SII."", ""fields"": [""Texto""]}}, {""changed"": {""name"": ""alternativa"", ""object"": ""Por apresentar constipa\u00e7\u00e3o associada \u00e0 dor abdominal, mas sem diarreia, a paciente deve ser classificada automaticamente como constipa\u00e7\u00e3o funcional, j\u00e1 que a presen\u00e7a de dor n\u00e3o interfere na classifica\u00e7\u00e3o dos transtornos funcionais intestinais."", ""fields"": [""Texto""]}}, {""changed"": {""name"": ""alternativa"", ""object"": ""O diagn\u00f3stico de SII requer dor abdominal recorrente, em m\u00e9dia \u22651 dia/semana nos \u00faltimos 3 meses, associada a altera\u00e7\u00e3o da evacua\u00e7\u00e3o, mudan\u00e7a na forma das fezes ou al\u00edvio com evacua\u00e7\u00e3o; crit\u00e9rios plenamente preenchidos por esta paciente."", ""fields"": [""Texto""]}}, {""changed"": {""name"": ""alternativa"", ""object"": ""A presen\u00e7a de fezes tipo c\u00edbalos (Bristol 1) e intervalo evacuat\u00f3rio prolongado indica dissinergia do assoalho p\u00e9lvico, e segundo o Roma IV isso exclui o diagn\u00f3stico de SII, pois dor abdominal n\u00e3o est\u00e1 inclu\u00edda entre crit\u00e9rios para transtorno de evacua\u00e7\u00e3o."", ""fields"": [""Texto""]}}, {""changed"": {""name"": ""alternativa"", ""object"": ""A aus\u00eancia de sinais de alarme n\u00e3o contribui para o diagn\u00f3stico, pois os crit\u00e9rios Roma IV baseiam-se exclusivamente em sintomas positivos e n\u00e3o consideram fatores de exclus\u00e3o como perda ponderal, anemia ou sangramento."", ""fields"": [""Texto""]}}]"
01/12/2025 13:03:59;admin;Alteração (Editou);Diante da suspeita de DII, assinale a alternativa ...;[]
01/12/2025 13:03:57;admin;Alteração (Editou);Diante da suspeita de DII, assinale a alternativa ...;"[{""changed"": {""fields"": [""Tipo questao"", ""Texto base"", ""Enunciado"", ""Status""]}}, {""changed"": {""name"": ""alternativa"", ""object"": ""A presen\u00e7a de granulomas n\u00e3o caseosos \u00e9 caracter\u00edstica t\u00edpica da Retocolite Ulcerativa."", ""fields"": [""Texto""]}}, {""changed"": {""name"": ""alternativa"", ""object"": ""O acometimento transmural e salteado \u00e9 sugestivo de Doen\u00e7a de Crohn."", ""fields"": [""Texto""]}}, {""changed"": {""name"": ""alternativa"", ""object"": ""O tabagismo tem efeito protetor na Doen\u00e7a de Crohn."", ""fields"": [""Texto""]}}, {""changed"": {""name"": ""alternativa"", ""object"": ""A RCUI pode acometer qualquer segmento do trato gastrointestinal."", ""fields"": [""Texto""]}}, {""changed"": {""name"": ""alternativa"", ""object"": ""A \u00falcera em \u201cpedra de cal\u00e7amento\u201d \u00e9 achado cl\u00e1ssico da RCUI."", ""fields"": [""Texto""]}}]"
01/12/2025 13:02:53;admin;Alteração (Editou);Com base nos achados, assinale a alternativa corre...;"[{""changed"": {""fields"": [""Status""]}}]"
01/12/2025 13:02:26;admin;Alteração (Editou);Com base nos achados, assinale a alternativa corre...;"[{""changed"": {""fields"": [""Tipo questao""]}}]"
01/12/2025 13:02:18;admin;Alteração (Editou);Assinale a alternativa correta:...;[]
01/12/2025 13:02:11;admin;Alteração (Editou);Assinale a alternativa correta:...;"[{""changed"": {""fields"": [""Tipo questao""]}}]"
01/12/2025 13:01:54;admin;Alteração (Editou);Com base nos achados, assinale a alternativa corre...;"[{""changed"": {""fields"": [""Tipo questao"", ""Texto base"", ""Enunciado""]}}, {""changed"": {""name"": ""alternativa"", ""object"": ""O padr\u00e3o sorol\u00f3gico sugere infec\u00e7\u00e3o oculta pelo HBV ativa concomitante ao HCV."", ""fields"": [""Texto""]}}, {""changed"": {""name"": ""alternativa"", ""object"": ""A presen\u00e7a de anti-HBc total com anti-HBs positivo indica infec\u00e7\u00e3o resolvida pelo HBV e imunidade adquirida naturalmente."", ""fields"": [""Texto""]}}, {""changed"": {""name"": ""alternativa"", ""object"": ""O HCV-RNA detect\u00e1vel com anti-HCV positivo representa hepatite C aguda na fase inicial, com alta chance de clareamento espont\u00e2neo."", ""fields"": [""Texto""]}}, {""changed"": {""name"": ""alternativa"", ""object"": ""O conjunto sorol\u00f3gico do HBV \u00e9 compat\u00edvel com resposta vacinal completa, sem exposi\u00e7\u00e3o pr\u00e9via ao v\u00edrus."", ""fields"": [""Texto""]}}, {""changed"": {""name"": ""alternativa"", ""object"": ""A positividade para anti-HBc total e anti-HCV simultaneamente indica reativa\u00e7\u00e3o cruzada entre HBV e HCV."", ""fields"": [""Texto""]}}]"
01/12/2025 13:01:03;admin;Alteração (Editou);Com base nos achados, assinale a alternativa corre...;"[{""changed"": {""fields"": [""Status""]}}]"
01/12/2025 13:00:56;admin;Alteração (Editou);Com base nos achados, assinale a alternativa corre...;"[{""changed"": {""fields"": [""Texto base"", ""Enunciado"", ""Justificativa""]}}, {""changed"": {""name"": ""alternativa"", ""object"": ""A contagem total de c\u00e9lulas acima de 250/mm\u00b3 confirma PBE mesmo com poucos neutr\u00f3filos."", ""fields"": [""Texto""]}}, {""changed"": {""name"": ""alternativa"", ""object"": ""rote\u00edna do l\u00edquido < 1,5 g/dL indica ascite exsudativa e maior risco de peritonite bacteriana secund\u00e1ria complicada."", ""fields"": [""Texto""]}}, {""changed"": {""name"": ""alternativa"", ""object"": ""A aus\u00eancia de cultura positiva exclui definitivamente PBE e reduz o risco de disfun\u00e7\u00e3o renal hep\u00e1tica associada."", ""fields"": [""Texto"", ""Eh correta""]}}, {""changed"": {""name"": ""alternativa"", ""object"": ""A eleva\u00e7\u00e3o da creatinina \u00e9 compat\u00edvel com IRA p\u00f3s-renal, pois a creatinina dobrou em menos de 7 dias."", ""fields"": [""Texto""]}}, {""changed"": {""name"": ""alternativa"", ""object"": ""GASA elevado com baixa prote\u00edna do l\u00edquido \u00e9 t\u00edpico de ascite portal-hipertensiva, com maior risco de SHR-AKI."", ""fields"": [""Texto"", ""Eh correta""]}}]"
01/12/2025 12:58:44;admin;Alteração (Editou);Assinale a alternativa correta:...;[]
01/12/2025 12:58:41;admin;Alteração (Editou);Assinale a alternativa correta:...;"[{""changed"": {""fields"": [""Texto base"", ""Enunciado"", ""Status""]}}, {""changed"": {""name"": ""alternativa"", ""object"": ""O padr\u00e3o laboratorial sugere colestase obstrutiva e indica CPRE imediata antes de iniciar antibi\u00f3tico."", ""fields"": [""Texto""]}}, {""changed"": {""name"": ""alternativa"", ""object"": ""A combina\u00e7\u00e3o de febre + icter\u00edcia + col\u00e9doco dilatado caracteriza hepatite grave com colestase."", ""fields"": [""Texto""]}}, {""changed"": {""name"": ""alternativa"", ""object"": ""Este quadro \u00e9 compat\u00edvel com colangite secund\u00e1ria a colelit\u00edase e o pr\u00f3ximo exame ser\u00e1 colangiorressonancia."", ""fields"": [""Texto""]}}, {""changed"": {""name"": ""alternativa"", ""object"": ""O predom\u00ednio de FA e GGT sobre transaminases sugere hepatite aguda viral com coledocolit\u00edase incidental."", ""fields"": [""Texto""]}}, {""changed"": {""name"": ""alternativa"", ""object"": ""A presen\u00e7a de hiperbilirrubinemia direta exclui colelit\u00edase como causa do quadro."", ""fields"": [""Texto""]}}]"
01/12/2025 12:57:24;admin;Alteração (Editou);Assinale a alternativa correta:...;[]
01/12/2025 12:57:21;admin;Alteração (Editou);Assinale a alternativa correta:...;"[{""changed"": {""fields"": [""Status""]}}, {""changed"": {""name"": ""alternativa"", ""object"": ""Divert\u00edculos adjacentes \u00e0 les\u00e3o estenosante sugerem processo inflamat\u00f3rio benigno, afastando a chance de malignidade."", ""fields"": [""Texto""]}}, {""changed"": {""name"": ""alternativa"", ""object"": ""A anemia ferropriva e o CEA elevado s\u00e3o mais compat\u00edveis com doen\u00e7a diverticular complicada que com neoplasia."", ""fields"": [""Texto""]}}, {""changed"": {""name"": ""alternativa"", ""object"": ""Estenose fixa e ulcerada no sigmoide, associada a perda ponderal, \u00e9 altamente sugestiva de neoplasia mesmo na presen\u00e7a de diverticulose."", ""fields"": [""Texto""]}}, {""changed"": {""name"": ""alternativa"", ""object"": ""Tumores de c\u00f3lon esquerdo raramente cursam com altera\u00e7\u00e3o no calibre das fezes."", ""fields"": [""Texto""]}}, {""changed"": {""name"": ""alternativa"", ""object"": ""VHS e PCR elevados excluem neoplasia e favorecem inflama\u00e7\u00e3o diverticular cr\u00f4nica."", ""fields"": [""Texto""]}}]"
01/12/2025 12:56:52;admin;Alteração (Editou);Assinale a alternativa correta:...;"[{""changed"": {""fields"": [""Tipo questao"", ""Texto base"", ""Enunciado"", ""Justificativa""]}}]"
01/12/2025 12:54:04;admin;Alteração (Editou);Com base nos achados histopatológicos descritos, q...;"[{""changed"": {""fields"": [""Justificativa""]}}]"
01/12/2025 12:52:49;admin;Alteração (Editou);Com base nos achados histopatológicos e no grupo p...;"[{""changed"": {""fields"": [""Status""]}}, {""changed"": {""name"": ""alternativa"", ""object"": ""Indica\u00e7\u00e3o preferencial de vigil\u00e2ncia ativa devido ao risco baixo de progress\u00e3o tumoral."", ""fields"": [""Texto""]}}, {""changed"": {""name"": ""alternativa"", ""object"": ""Possibilidade de conduta expectante, pois tumores Gleason 9 t\u00eam comportamento indolente."", ""fields"": [""Texto""]}}, {""changed"": {""name"": ""alternativa"", ""object"": ""Necessidade de tratamento agressivo, geralmente combinando radioterapia e terapia de priva\u00e7\u00e3o androg\u00eanica."", ""fields"": [""Texto""]}}, {""changed"": {""name"": ""alternativa"", ""object"": ""Realiza\u00e7\u00e3o de prostatectomia radical isolada, pois tumores desse tipo raramente apresentam recorr\u00eancia."", ""fields"": [""Texto""]}}, {""changed"": {""name"": ""alternativa"", ""object"": ""A classifica\u00e7\u00e3o ISUP 5 n\u00e3o influencia a decis\u00e3o terap\u00eautica, sendo usada apenas para fins descritivos."", ""fields"": [""Texto""]}}]"
01/12/2025 12:23:08;admin;Alteração (Editou);Com base nos achados histopatológicos descritos, q...;"[{""changed"": {""fields"": [""Justificativa"", ""Status""]}}]"
01/12/2025 12:21:30;admin;Alteração (Editou);Com base nos achados histopatológicos descritos, q...;"[{""changed"": {""name"": ""alternativa"", ""object"": ""Fibroadenoma"", ""fields"": [""Texto""]}}, {""changed"": {""name"": ""alternativa"", ""object"": ""Adenoma tubular"", ""fields"": [""Texto"", ""Eh correta""]}}, {""changed"": {""name"": ""alternativa"", ""object"": ""Carcinoma ductal in situ com hiperplasia estromal reacional"", ""fields"": [""Texto""]}}, {""changed"": {""name"": ""alternativa"", ""object"": ""Tumor filoides benigno"", ""fields"": [""Texto"", ""Eh correta""]}}, {""changed"": {""name"": ""alternativa"", ""object"": ""Hamartoma mam\u00e1rio"", ""fields"": [""Texto""]}}]"
01/12/2025 12:20:16;admin;Alteração (Editou);Considerando o caso descrito, qual característica ...;"[{""changed"": {""fields"": [""Status""]}}, {""changed"": {""name"": ""alternativa"", ""object"": ""Presen\u00e7a de pali\u00e7adas perif\u00e9ricas das c\u00e9lulas tumorais."", ""fields"": [""Texto""]}}, {""changed"": {""name"": ""alternativa"", ""object"": ""Localiza\u00e7\u00e3o na asa nasal."", ""fields"": [""Texto""]}}, {""changed"": {""name"": ""alternativa"", ""object"": ""Aspecto perolado da les\u00e3o \u00e0 inspe\u00e7\u00e3o cl\u00ednica."", ""fields"": [""Texto""]}}, {""changed"": {""name"": ""alternativa"", ""object"": ""Predomin\u00e2ncia de c\u00e9lulas basaloides com citoplasma escasso."", ""fields"": [""Texto""]}}, {""changed"": {""name"": ""alternativa"", ""object"": ""Presen\u00e7a do artefato de retra\u00e7\u00e3o (\u201cclefting\u201d) tumoral."", ""fields"": [""Texto""]}}]"
01/12/2025 12:16:28;admin;Alteração (Editou);Baseado no enunciado acima, qual a alternativa cor...;"[{""changed"": {""fields"": [""Status""]}}]"
01/12/2025 12:15:27;admin;Alteração (Editou);De acordo com os guidelines urológicos atuais, qua...;"[{""changed"": {""fields"": [""Status""]}}, {""changed"": {""name"": ""alternativa"", ""object"": ""Alta com analgesia e terapia expulsiva medicamentosa com alfabloqueador;"", ""fields"": [""Texto"", ""Eh correta""]}}, {""changed"": {""name"": ""alternativa"", ""object"": ""Litotripsia extracorp\u00f3rea por ondas de choque (LECO) de urg\u00eancia;"", ""fields"": [""Texto"", ""Eh correta""]}}]"
01/12/2025 12:12:47;admin;Alteração (Editou);Qual deve ser a conduta inicial mais adequada?...;"[{""changed"": {""fields"": [""Status""]}}]"
01/12/2025 12:11:53;admin;Alteração (Editou);Qual é a conduta urológica mais adequada para reco...;"[{""changed"": {""fields"": [""Status""]}}]"
01/12/2025 12:11:03;admin;Alteração (Editou);Diante de um possível quadro de contusão de testíc...;"[{""changed"": {""fields"": [""Status""]}}, {""changed"": {""name"": ""alternativa"", ""object"": ""Sondagem vesical de demora sempre \u00e9 realizada;"", ""fields"": [""Texto"", ""Eh correta""]}}, {""changed"": {""name"": ""alternativa"", ""object"": ""Ultrassom Doppler da bolsa testicular \u00e9 mandat\u00f3rio para a conduta definitiva;"", ""fields"": [""Texto"", ""Eh correta""]}}]"
01/12/2025 12:09:10;admin;Alteração (Editou);Marque a alternativa CORRETA:...;"[{""changed"": {""fields"": [""Status""]}}]"
01/12/2025 12:08:33;admin;Alteração (Editou);Marque a alternativa CORRETA:...;"[{""changed"": {""name"": ""alternativa"", ""object"": ""Mudan\u00e7a de estilo de vida, n\u00e3o tem nada a ver, j\u00e1 que o paciente \u00e9 jovem."", ""fields"": [""Texto"", ""Eh correta""]}}, {""changed"": {""name"": ""alternativa"", ""object"": ""A hip\u00f3tese de disfun\u00e7\u00e3o er\u00e9til de origem psicog\u00eanica \u00e9 a mais prov\u00e1vel, mas a investiga\u00e7\u00e3o para o caso deve ser completa;"", ""fields"": [""Texto"", ""Eh correta""]}}]"
01/12/2025 12:07:28;admin;Alteração (Editou);Com relação aos traumas urológicos, assinale a alt...;"[{""changed"": {""fields"": [""Status""]}}]"
01/12/2025 12:04:38;admin;Alteração (Editou);Considerando os dados apresentados, o fator de ris...;"[{""changed"": {""fields"": [""Justificativa"", ""Status""]}}]"
01/12/2025 12:03:16;admin;Alteração (Editou);Considerando os dados apresentados, o fator de ris...;"[{""changed"": {""name"": ""alternativa"", ""object"": ""a multiparidade da paciente (G4)."", ""fields"": [""Texto"", ""Eh correta""]}}, {""changed"": {""name"": ""alternativa"", ""object"": ""o hist\u00f3rico de duas cesarianas pr\u00e9vias."", ""fields"": [""Texto"", ""Eh correta""]}}]"
01/12/2025 12:01:25;admin;Alteração (Editou);Considerando o quadro clínico apresentado, qual é ...;"[{""changed"": {""fields"": [""Justificativa"", ""Status""]}}, {""changed"": {""name"": ""alternativa"", ""object"": ""Indicar a resolu\u00e7\u00e3o imediata da gesta\u00e7\u00e3o por via alta (cesariana) de emerg\u00eancia."", ""fields"": [""Texto"", ""Eh correta""]}}, {""changed"": {""name"": ""alternativa"", ""object"": ""Administrar tocol\u00edtico para inibir a hipertonia uterina e reavaliar a vitalidade fetal."", ""fields"": [""Texto"", ""Eh correta""]}}]"
01/12/2025 11:58:38;admin;Alteração (Editou);Com base nos achados cardiotocográficos descritos,...;"[{""changed"": {""fields"": [""Status""]}}]"
01/12/2025 11:57:47;admin;Alteração (Editou);Considerando o diagnóstico de trabalho de parto pr...;"[{""changed"": {""fields"": [""Status""]}}]"
01/12/2025 11:57:17;admin;Alteração (Editou);De acordo com o sistema de quantificação do prolap...;"[{""changed"": {""fields"": [""Status""]}}]"
01/12/2025 11:56:46;admin;Alteração (Editou);Com base nas diretrizes atuais do Ministério da Sa...;"[{""changed"": {""fields"": [""Status""]}}]"
01/12/2025 11:56:14;admin;Alteração (Editou);Considerando a principal hipótese diagnóstica para...;[]
01/12/2025 11:55:44;admin;Alteração (Editou);Considerando a principal hipótese diagnóstica para...;"[{""changed"": {""fields"": [""Status""]}}]"
01/12/2025 11:54:29;admin;Alteração (Editou);Qual o melhor exame inicial para confirmar TVP em ...;"[{""changed"": {""fields"": [""Status""]}}]"
01/12/2025 11:53:40;admin;Alteração (Editou);Qual a conduta inicial recomendada segundo diretri...;"[{""changed"": {""fields"": [""Status""]}}]"
01/12/2025 11:52:24;admin;Alteração (Editou);Qual abordagem inicial mais adequada para reduzir ...;"[{""changed"": {""fields"": [""Status""]}}]"
01/12/2025 11:51:35;admin;Alteração (Editou);Qual conduta tem maior impacto na cicatrização?...;"[{""changed"": {""fields"": [""Status""]}}]"
01/12/2025 11:50:31;admin;Alteração (Editou);Qual é a conduta diagnóstica mais adequada neste m...;"[{""changed"": {""fields"": [""Status""]}}]"
01/12/2025 11:50:05;admin;Alteração (Editou);Qual é a melhor estratégia terapêutica inicial?...;"[{""changed"": {""fields"": [""Status""]}}]"
01/12/2025 11:48:56;admin;Alteração (Editou);Sobre o caso, assinale a alternativa CORRETA:...;"[{""changed"": {""fields"": [""Status""]}}, {""changed"": {""name"": ""alternativa"", ""object"": ""O paciente encontra-se em classe funcional II (NYHA), est\u00e1gio D (AHA/ACC)."", ""fields"": [""Texto""]}}, {""changed"": {""name"": ""alternativa"", ""object"": ""N\u00e3o \u00e9 poss\u00edvel ainda fechar diagn\u00f3stico de Insufici\u00eancia Card\u00edaca por haver 3 crit\u00e9rios menores."", ""fields"": [""Texto""]}}, {""changed"": {""name"": ""alternativa"", ""object"": ""O paciente encontra-se em IC descompensada em perfil D (quente e congesto)."", ""fields"": [""Texto""]}}, {""changed"": {""name"": ""alternativa"", ""object"": ""H\u00e1 a necessidade de in\u00edcio imediato de Dobutamina devido baixa perfus\u00e3o."", ""fields"": [""Texto""]}}, {""changed"": {""name"": ""alternativa"", ""object"": ""H\u00e1 necessidade de in\u00edcio de Noradrenalina visando melhorar perfus\u00e3o tecidual."", ""fields"": [""Texto""]}}]"
01/12/2025 11:48:03;admin;Alteração (Editou);Sobre o tratamento da ICFER, assinale a alternativ...;"[{""changed"": {""fields"": [""Status""]}}, {""changed"": {""name"": ""alternativa"", ""object"": ""Losartana e Inibidores da Enzima Conversora da Angiotensina (IECA) possuem a mesma efic\u00e1cia no tratamento."", ""fields"": [""Texto""]}}, {""changed"": {""name"": ""alternativa"", ""object"": ""Pacientes em uso de Enalapril que evoluam com Insufici\u00eancia Renal Aguda ou Hiponatremia devem substituir a medica\u00e7\u00e3o pela Losartana."", ""fields"": [""Texto""]}}, {""changed"": {""name"": ""alternativa"", ""object"": ""Tartarato de Metoprolol, Nebivolol ou Carvedilol s\u00e3o betabloqueadores que mostraram redu\u00e7\u00e3o de mortalidade na ICFER."", ""fields"": [""Texto""]}}, {""changed"": {""name"": ""alternativa"", ""object"": ""Pacientes em ritmo sinusal que possuam FC > 70 bpm apesar de doses m\u00e1ximas de betabloqueadores t\u00eam indica\u00e7\u00e3o de uso de Ivabradina."", ""fields"": [""Texto""]}}, {""changed"": {""name"": ""alternativa"", ""object"": ""A Hidroclorotiazida \u00e9 indicada no tratamento da ICFER mas n\u00e3o deve ser utilizada em caso de les\u00e3o renal aguda."", ""fields"": [""Texto""]}}]"
01/12/2025 11:47:07;admin;Alteração (Editou);Sobre o caso clinico, assinale a alternativa CORRE...;"[{""changed"": {""fields"": [""Status""]}}, {""changed"": {""name"": ""alternativa"", ""object"": ""O paciente encontra-se em ritmo sinusal normal com frequ\u00eancia card\u00edaca em torno de 90bpm."", ""fields"": [""Texto""]}}, {""changed"": {""name"": ""alternativa"", ""object"": ""A classifica\u00e7\u00e3o da sua arritmia \u00e9 persistente por ser superior a 7 dias e inferior a 1 ano."", ""fields"": [""Texto""]}}, {""changed"": {""name"": ""alternativa"", ""object"": ""Devido aos fatores de risco apresentados, apresenta alto risco para fen\u00f4menos tromboemb\u00f3licos."", ""fields"": [""Texto""]}}, {""changed"": {""name"": ""alternativa"", ""object"": ""Amiodarona, Propafenona ou Sotalol s\u00e3o op\u00e7\u00f5es para controle de frequ\u00eancia card\u00edaca neste caso."", ""fields"": [""Texto""]}}, {""changed"": {""name"": ""alternativa"", ""object"": ""H\u00e1 possibilidade de cardiovers\u00e3o el\u00e9trica contanto que se afaste a possibilidade de haver trombo em \u00e1trio esquerdo."", ""fields"": [""Texto""]}}]"
01/12/2025 11:46:06;admin;Alteração (Editou);Sobre a anticoagulação em pacientes com FA, assina...;"[{""changed"": {""fields"": [""Status""]}}, {""changed"": {""name"": ""alternativa"", ""object"": ""Pacientes com escore CHA2DS2VA elevado possuem indica\u00e7\u00e3o de anticoagula\u00e7\u00e3o oral independentemente dos valores apresentados no escore HASBLED (risco de sangramento)."", ""fields"": [""Texto""]}}, {""changed"": {""name"": ""alternativa"", ""object"": ""Anticoagulantes orais diretos s\u00e3o sempre preferenciais \u00e0 Varfarina e possuem menor incid\u00eancia de complica\u00e7\u00f5es em pacientes portadores de pr\u00f3teses mec\u00e2nicas."", ""fields"": [""Texto""]}}, {""changed"": {""name"": ""alternativa"", ""object"": ""A Varfarina inibe os fatores dependentes da Vitamina C (III, IV, XI e XII) alterando a via intr\u00ednseca da coagula\u00e7\u00e3o (checado no exame com aumento do TTPa)."", ""fields"": [""Texto""]}}, {""changed"": {""name"": ""alternativa"", ""object"": ""Ap\u00f3s cardiovers\u00e3o el\u00e9trica podemos suspender anticoagula\u00e7\u00e3o oral de todos os pacientes ap\u00f3s 4 semanas caso o ritmo card\u00edaco volte ao sinusal."", ""fields"": [""Texto""]}}, {""changed"": {""name"": ""alternativa"", ""object"": ""Pr\u00f3teses card\u00edacas (mec\u00e2nicas ou biol\u00f3gicas) e insufici\u00eancia mitral moderada a importante s\u00e3o indica\u00e7\u00f5es cl\u00e1ssicas de anticoagula\u00e7\u00e3o oral, devendo ser utilizado Varfarina."", ""fields"": [""Texto""]}}]"
01/12/2025 11:40:56;admin;Alteração (Editou);Considerando a cronologia e a gravidade dos sintom...;"[{""changed"": {""fields"": [""Status""]}}]"
01/12/2025 11:40:08;admin;Alteração (Editou);Qual é a substância mais provável envolvida nesta ...;"[{""changed"": {""fields"": [""Status""]}}]"
01/12/2025 11:39:27;admin;Alteração (Editou);De acordo com a fisiopatologia e as vias dopaminér...;"[{""changed"": {""fields"": [""Status""]}}]"
01/12/2025 11:38:50;admin;Alteração (Editou);Qual das classes de psicofármacos listadas age esp...;"[{""changed"": {""fields"": [""Status""]}}]"
01/12/2025 11:38:22;admin;Alteração (Editou);Com base no caso clínico apresentado e nos critéri...;"[{""changed"": {""fields"": [""Texto base"", ""Justificativa"", ""Status""]}}]"
01/12/2025 11:36:54;admin;Alteração (Editou);De acordo com os critérios do DSM-5 TR, o diagnóst...;"[{""changed"": {""fields"": [""Status""]}}, {""changed"": {""name"": ""alternativa"", ""object"": ""Inquieta\u00e7\u00e3o, fatigabilidade e dificuldade de concentra\u00e7\u00e3o, que se manifestam por, pelo menos, seis meses."", ""fields"": [""Eh correta""]}}]"
01/12/2025 11:27:21;admin;Alteração (Editou);Com base nos critérios de elegibilidade para cuida...;"[{""changed"": {""fields"": [""Status""]}}]"
01/12/2025 11:26:22;admin;Alteração (Editou);Considerando as escalas de performance utilizadas ...;"[{""changed"": {""fields"": [""Status""]}}]"
01/12/2025 11:25:32;admin;Alteração (Editou);De acordo com o contexto acima, assinale a alterna...;[]
01/12/2025 11:24:35;admin;Alteração (Editou);De acordo com o contexto acima, assinale a alterna...;"[{""changed"": {""fields"": [""Status""]}}]"
01/12/2025 11:22:37;admin;Alteração (Editou);Diante das informações acerca do caso clínico, mar...;"[{""changed"": {""fields"": [""Status""]}}]"
01/12/2025 11:19:48;admin;Alteração (Editou);De acordo com as recomendações atualizadas sobre i...;"[{""changed"": {""fields"": [""Texto base"", ""Status""]}}]"
01/12/2025 11:18:43;admin;Alteração (Editou);Avaliando-se o caso acima, marque a alternativa qu...;"[{""changed"": {""fields"": [""Status""]}}]"
01/12/2025 11:17:41;admin;Alteração (Editou);Diante do quadro clínico atual do paciente, analis...;"[{""changed"": {""fields"": [""Status""]}}]"
01/12/2025 11:17:31;admin;Alteração (Editou);Diante do quadro clínico atual do paciente, analis...;[]
01/12/2025 11:12:55;admin;Alteração (Editou);Com base nesse quadro clínico, qual é o diagnóstic...;[]
01/12/2025 10:59:37;admin;Alteração (Editou);Qual a conduta correta nessa situação?...;[]
01/12/2025 10:59:26;admin;Alteração (Editou);Qual a conduta correta nessa situação?...;"[{""changed"": {""fields"": [""Status""]}}, {""changed"": {""name"": ""alternativa"", ""object"": ""N\u00e3o vacinar aos 2 anos com BCG."", ""fields"": [""Texto""]}}, {""changed"": {""name"": ""alternativa"", ""object"": ""Vacinar com BCG at\u00e9 10 anos de vida."", ""fields"": [""Texto""]}}, {""changed"": {""name"": ""alternativa"", ""object"": ""Vacinar com BCG at\u00e9 4 anos, 11 meses e 29 dias."", ""fields"": [""Texto""]}}, {""changed"": {""name"": ""alternativa"", ""object"": ""Vacinar com duas doses se n\u00e3o tiver a cicatriz da BCG."", ""fields"": [""Texto""]}}, {""changed"": {""name"": ""alternativa"", ""object"": ""N\u00e3o vacinar com BCG se estiver em contato com hansen\u00edase."", ""fields"": [""Texto""]}}]"
01/12/2025 10:58:46;admin;Alteração (Editou);Qual a conduta correta nessa situação?...;"[{""changed"": {""fields"": [""Tipo questao"", ""Texto base"", ""Enunciado""]}}]"
01/12/2025 10:58:14;admin;Alteração (Editou);Qual deve ser a conduta correta nesse adolescente?...;"[{""changed"": {""fields"": [""Tipo questao"", ""Texto base"", ""Enunciado"", ""Status""]}}, {""changed"": {""name"": ""alternativa"", ""object"": ""N\u00e3o h\u00e1 necessidade de refor\u00e7o no adolescente."", ""fields"": [""Texto""]}}, {""changed"": {""name"": ""alternativa"", ""object"": ""Aplicar a vacina DPT no adolescente como refor\u00e7o."", ""fields"": [""Texto""]}}, {""changed"": {""name"": ""alternativa"", ""object"": ""Aguardar os sinais de infec\u00e7\u00e3o antes da vacina\u00e7\u00e3o."", ""fields"": [""Texto""]}}, {""changed"": {""name"": ""alternativa"", ""object"": ""Aplicar duas doses de dT com um intervalo de 30 dias."", ""fields"": [""Texto""]}}, {""changed"": {""name"": ""alternativa"", ""object"": ""Aplicar refor\u00e7o da dT na situa\u00e7\u00e3o de ferimento, pois \u00faltima DPT tem mais de 5 anos."", ""fields"": [""Texto""]}}]"
01/12/2025 10:57:09;admin;Alteração (Editou);Qual dos fatores aumenta o risco de violência infa...;"[{""changed"": {""fields"": [""Tipo questao"", ""Texto base"", ""Enunciado"", ""Status""]}}, {""changed"": {""name"": ""alternativa"", ""object"": ""Presen\u00e7a de cuidadores e crian\u00e7a no lar."", ""fields"": [""Texto""]}}, {""changed"": {""name"": ""alternativa"", ""object"": ""Morar em ambiente familiar desestruturado."", ""fields"": [""Texto""]}}, {""changed"": {""name"": ""alternativa"", ""object"": ""Pais que trabalham muito e deixam filhos na escola os 2 turnos."", ""fields"": [""Texto""]}}, {""changed"": {""name"": ""alternativa"", ""object"": ""Relacionamento est\u00e1vel dos pais, mas vivem em lares separados."", ""fields"": [""Texto""]}}, {""changed"": {""name"": ""alternativa"", ""object"": ""Boa comunica\u00e7\u00e3o familiar pode maximizar o risco de viol\u00eancia infantil."", ""fields"": [""Texto""]}}]"
01/12/2025 10:54:44;admin;Alteração (Editou);Qual forma de violência está mais relacionada ao c...;"[{""changed"": {""fields"": [""Tipo questao"", ""Texto base"", ""Enunciado"", ""Status""]}}, {""changed"": {""name"": ""alternativa"", ""object"": ""Bullying."", ""fields"": [""Texto""]}}, {""changed"": {""name"": ""alternativa"", ""object"": ""Viol\u00eancia f\u00edsica."", ""fields"": [""Texto""]}}, {""changed"": {""name"": ""alternativa"", ""object"": ""Viol\u00eancia sexual."", ""fields"": [""Texto""]}}, {""changed"": {""name"": ""alternativa"", ""object"": ""Viol\u00eancia psicol\u00f3gica."", ""fields"": [""Texto""]}}, {""changed"": {""name"": ""alternativa"", ""object"": ""Neglig\u00eancia ou omiss\u00e3o."", ""fields"": [""Texto""]}}]"
01/12/2025 10:44:10;admin;Alteração (Editou);Com base nesse quadro clínico, qual é o diagnóstic...;[]
01/12/2025 10:43:52;admin;Alteração (Editou);Qual o agente etiológico?...;"[{""changed"": {""fields"": [""Tipo questao"", ""Texto base"", ""Enunciado"", ""Status""]}}, {""changed"": {""name"": ""alternativa"", ""object"": ""Flaviv\u00edrus."", ""fields"": [""Texto""]}}, {""changed"": {""name"": ""alternativa"", ""object"": ""V\u00edrus Epstein-Barr."", ""fields"": [""Texto""]}}, {""changed"": {""name"": ""alternativa"", ""object"": ""V\u00edrus Varicela-Zoster."", ""fields"": [""Texto""]}}, {""changed"": {""name"": ""alternativa"", ""object"": ""Eritrov\u00edrus humano B19."", ""fields"": [""Texto""]}}, {""changed"": {""name"": ""alternativa"", ""object"": ""Streptococcus pyogenes."", ""fields"": [""Texto""]}}]"
01/12/2025 10:42:38;admin;Alteração (Editou);Qual o provável diagnóstico?...;"[{""changed"": {""fields"": [""Tipo questao"", ""Texto base"", ""Enunciado"", ""Status""]}}, {""changed"": {""name"": ""alternativa"", ""object"": ""Dengue"", ""fields"": [""Texto""]}}, {""changed"": {""name"": ""alternativa"", ""object"": ""Escarlatina"", ""fields"": [""Texto""]}}, {""changed"": {""name"": ""alternativa"", ""object"": ""Sarampo"", ""fields"": [""Texto""]}}, {""changed"": {""name"": ""alternativa"", ""object"": ""Varicela"", ""fields"": [""Texto""]}}, {""changed"": {""name"": ""alternativa"", ""object"": ""Rub\u00e9ola cong\u00eanita"", ""fields"": [""Texto""]}}]"
01/12/2025 10:41:10;admin;Alteração (Editou);Qual das opções abaixo representa a melhor orienta...;"[{""changed"": {""fields"": [""Tipo questao"", ""Texto base"", ""Enunciado"", ""Status""]}}, {""changed"": {""name"": ""alternativa"", ""object"": ""Aplica\u00e7\u00e3o de antibi\u00f3ticos t\u00f3picos nas les\u00f5es."", ""fields"": [""Texto""]}}, {""changed"": {""name"": ""alternativa"", ""object"": ""Uso de corticosteroide sist\u00eamico em curto prazo."", ""fields"": [""Texto""]}}, {""changed"": {""name"": ""alternativa"", ""object"": ""Administra\u00e7\u00e3o de antif\u00fangicos t\u00f3picos em todas as les\u00f5es."", ""fields"": [""Texto""]}}, {""changed"": {""name"": ""alternativa"", ""object"": ""Suspens\u00e3o completa do banho para evitar irrita\u00e7\u00e3o da pele."", ""fields"": [""Texto""]}}, {""changed"": {""name"": ""alternativa"", ""object"": ""Uso di\u00e1rio de hidratantes emolientes e orienta\u00e7\u00e3o para evitar banhos quentes e demorados."", ""fields"": [""Texto""]}}]"
01/12/2025 10:40:02;admin;Alteração (Editou);Qual das opções abaixo representa o tratamento?...;"[{""changed"": {""fields"": [""Status""]}}]"
01/12/2025 10:39:48;admin;Alteração (Editou);Qual das opções abaixo representa o tratamento?...;"[{""changed"": {""fields"": [""Tipo questao"", ""Texto base"", ""Enunciado""]}}, {""changed"": {""name"": ""alternativa"", ""object"": ""Uso de permanganato de pot\u00e1ssio."", ""fields"": [""Texto""]}}, {""changed"": {""name"": ""alternativa"", ""object"": ""Uso oral de ivermectina ou albendazol."", ""fields"": [""Texto""]}}, {""changed"": {""name"": ""alternativa"", ""object"": ""Administra\u00e7\u00e3o de corticosteroides t\u00f3picos."", ""fields"": [""Texto""]}}, {""changed"": {""name"": ""alternativa"", ""object"": ""Tratamento com antimicrobianos associados."", ""fields"": [""Texto""]}}, {""changed"": {""name"": ""alternativa"", ""object"": ""Realiza\u00e7\u00e3o semanalmente de crioterapia na les\u00e3o."", ""fields"": [""Texto""]}}]"
01/12/2025 10:37:15;admin;Alteração (Editou);O tratamento mais adequado para o diagnóstico em q...;"[{""changed"": {""fields"": [""Texto base"", ""Status""]}}, {""changed"": {""name"": ""alternativa"", ""object"": ""Praziquantel"", ""fields"": [""Texto""]}}, {""changed"": {""name"": ""alternativa"", ""object"": ""Albendazol"", ""fields"": [""Texto""]}}, {""changed"": {""name"": ""alternativa"", ""object"": ""Metronidazol"", ""fields"": [""Texto""]}}, {""changed"": {""name"": ""alternativa"", ""object"": ""Secnidazol"", ""fields"": [""Texto""]}}, {""changed"": {""name"": ""alternativa"", ""object"": ""Fluconazol"", ""fields"": [""Texto""]}}]"
01/12/2025 10:36:05;admin;Alteração (Editou);O tratamento mais adequado para o diagnóstico em q...;"[{""changed"": {""fields"": [""Tipo questao"", ""Texto base"", ""Enunciado""]}}]"
01/12/2025 10:35:25;admin;Alteração (Editou);Considerando a Ascaridíase, como a parasitose mais...;"[{""changed"": {""fields"": [""Tipo questao"", ""Texto base"", ""Enunciado"", ""Status""]}}, {""changed"": {""name"": ""alternativa"", ""object"": ""\u00c9 desnecess\u00e1rio investigar a possibilidade de semi-oclus\u00e3o intestinal por \u00e1scaris."", ""fields"": [""Texto""]}}, {""changed"": {""name"": ""alternativa"", ""object"": ""A realiza\u00e7\u00e3o de Raios X de abdome em ortostase pode ser in\u00fatil no caso de Pedro."", ""fields"": [""Texto""]}}, {""changed"": {""name"": ""alternativa"", ""object"": ""Pedro necessita tratamento para elimina\u00e7\u00e3o dos parasitas e confirmar hip\u00f3tese de semi-oclus\u00e3o intestinal."", ""fields"": [""Texto""]}}, {""changed"": {""name"": ""alternativa"", ""object"": ""Albendazol, mebendazol e nitazoxanida s\u00e3o terap\u00eauticas inadequadas para o tratamento de ascarid\u00edase."", ""fields"": [""Texto""]}}, {""changed"": {""name"": ""alternativa"", ""object"": ""Em casos com confirma\u00e7\u00e3o de semi-oclus\u00e3o intestinal por \u00e1scaris o uso do \u00f3leo mineral est\u00e1 contraindicado."", ""fields"": [""Texto""]}}]"
01/12/2025 10:31:57;admin;Alteração (Editou);Considerando as recomendações sobre o uso seguro d...;"[{""changed"": {""fields"": [""Tipo questao"", ""Texto base"", ""Enunciado"", ""Status""]}}, {""changed"": {""name"": ""alternativa"", ""object"": ""O uso da cadeirinha voltada para frente \u00e9 recomendado para todas as idades acima de 1 ano, independentemente do peso."", ""fields"": [""Texto""]}}, {""changed"": {""name"": ""alternativa"", ""object"": ""A instala\u00e7\u00e3o da cadeirinha deve seguir rigorosamente as instru\u00e7\u00f5es do fabricante, garantindo fixa\u00e7\u00e3o adequada ao banco do ve\u00edculo."", ""fields"": [""Texto""]}}, {""changed"": {""name"": ""alternativa"", ""object"": ""\u00c9 permitido que crian\u00e7as abaixo de 2 anos viajem no colo de um adulto, desde que o cinto de seguran\u00e7a seja compartilhado."", ""fields"": [""Texto""]}}, {""changed"": {""name"": ""alternativa"", ""object"": ""A substitui\u00e7\u00e3o da cadeirinha infantil por um assento de eleva\u00e7\u00e3o pode ser feita assim que a crian\u00e7a atingir os 10 kg de peso."", ""fields"": [""Texto""]}}, {""changed"": {""name"": ""alternativa"", ""object"": ""O uso da cadeirinha infantil reduz o risco de les\u00f5es graves, mas sem interferir na preven\u00e7\u00e3o de les\u00f5es leves durante acidentes."", ""fields"": [""Texto""]}}]"
01/12/2025 10:26:57;admin;Alteração (Editou);Considerando medidas preventivas, assinale a alter...;"[{""changed"": {""fields"": [""Tipo questao"", ""Texto base"", ""Enunciado"", ""Status""]}}, {""changed"": {""name"": ""alternativa"", ""object"": ""Promover campanhas educativas nas escolas sobre os riscos de dirigir sem habilita\u00e7\u00e3o e sem a utiliza\u00e7\u00e3o do cinto."", ""fields"": [""Texto""]}}, {""changed"": {""name"": ""alternativa"", ""object"": ""Permitir que os adolescentes dirijam ve\u00edculos em \u00e1reas rurais, desde que acompanhados de amigos de mais idade."", ""fields"": [""Texto""]}}, {""changed"": {""name"": ""alternativa"", ""object"": ""Desestimular a fiscaliza\u00e7\u00e3o por parte das autoridades e a aplica\u00e7\u00e3o de penalidades para condutores n\u00e3o habilitados."", ""fields"": [""Texto""]}}, {""changed"": {""name"": ""alternativa"", ""object"": ""Orientar pais a conversarem com seus filhos sobre a import\u00e2ncia de aguardar a idade legal para dirigir \u00e9 irrelevante nessa idade."", ""fields"": [""Texto""]}}, {""changed"": {""name"": ""alternativa"", ""object"": ""Desconsiderar o uso do cinto de seguran\u00e7a em trajetos curtos dentro da propriedade rural, porque o risco de acidente \u00e9 baixo."", ""fields"": [""Texto""]}}]"
01/12/2025 10:24:45;admin;Alteração (Editou);Qual o tratamento mais adequado?...;"[{""changed"": {""fields"": [""Status""]}}]"
01/12/2025 10:24:29;admin;Alteração (Editou);Qual o tratamento mais adequado?...;"[{""changed"": {""fields"": [""Tipo questao"", ""Texto base"", ""Enunciado""]}}]"
01/12/2025 10:23:43;admin;Alteração (Editou);Qual a conduta mais adequada neste momento?...;"[{""changed"": {""fields"": [""Tipo questao"", ""Texto base"", ""Enunciado"", ""Status""]}}, {""changed"": {""name"": ""alternativa"", ""object"": ""Manter antibioticoterapia venosa e repetir toracocentese se houver piora cl\u00ednica."", ""fields"": [""Texto""]}}, {""changed"": {""name"": ""alternativa"", ""object"": ""Suspender a penicilina e iniciar a vancomicina endovenosa, associada a ceftriaxona."", ""fields"": [""Texto""]}}, {""changed"": {""name"": ""alternativa"", ""object"": ""Realizar uma videotoracoscopia imediatamente para indicar o desbridamento."", ""fields"": [""Texto""]}}, {""changed"": {""name"": ""alternativa"", ""object"": ""Realizar uma toracocentese de repeti\u00e7\u00e3o, a cada 48 horas, at\u00e9 resolu\u00e7\u00e3o do derrame."", ""fields"": [""Texto""]}}, {""changed"": {""name"": ""alternativa"", ""object"": ""Instalar um dreno tor\u00e1cico tubular, com a drenagem em selo d'\u00e1gua cont\u00ednua."", ""fields"": [""Texto""]}}]"
01/12/2025 10:21:43;admin;Alteração (Editou);Com base no Tratado de Pediatria da SBP, qual orie...;"[{""changed"": {""fields"": [""Status""]}}]"
01/12/2025 10:21:24;admin;Alteração (Editou);Com base no Tratado de Pediatria da SBP, qual orie...;"[{""changed"": {""fields"": [""Tipo questao"", ""Texto base"", ""Enunciado""]}}, {""changed"": {""name"": ""alternativa"", ""object"": ""O risco de epilepsia ap\u00f3s crise febril simples \u00e9 baixo, sendo o principal fator de risco a hist\u00f3ria familiar de crises febris (av\u00f3 materna). Deve-se iniciar profilaxia cont\u00ednua com fenobarbital, pois estudos demonstram redu\u00e7\u00e3o consistente de convuls\u00f5es febris recorrentes em seguimento de longo prazo."", ""fields"": [""Texto""]}}, {""changed"": {""name"": ""alternativa"", ""object"": ""O risco de epilepsia ap\u00f3s crise febril simples \u00e9 similar ao risco de recorr\u00eancia das pr\u00f3prias crises febris. A hist\u00f3ria familiar de epilepsia no pai n\u00e3o \u00e9 fator de risco para epilepsia subsequente. Antipir\u00e9ticos devem ser prescritos preventivamente, pois estudos controlados demonstraram efic\u00e1cia na preven\u00e7\u00e3o de recorr\u00eancias."", ""fields"": [""Texto""]}}, {""changed"": {""name"": ""alternativa"", ""object"": ""O risco de epilepsia \u00e9 baixo ap\u00f3s crise febril simples, sendo a hist\u00f3ria familiar de epilepsia (pai) um fator de risco definitivo. F\u00e1rmacos anticrise de longo prazo n\u00e3o s\u00e3o prescritos como profilaxia, pois n\u00e3o reduzem o risco de desenvolver epilepsia, e estudos controlados n\u00e3o demonstraram que antipir\u00e9ticos previnam recorr\u00eancias."", ""fields"": [""Texto""]}}, {""changed"": {""name"": ""alternativa"", ""object"": ""O risco de epilepsia \u00e9 moderadamente elevado pela combina\u00e7\u00e3o de hist\u00f3ria familiar de crises febris e epilepsia. Est\u00e1 indicado tratamento intermitente com diazepam retal em todas as febres, pois estudos pr\u00e9vios demonstram redu\u00e7\u00e3o significativa de recorr\u00eancias em seguimento prolongado."", ""fields"": [""Texto""]}}, {""changed"": {""name"": ""alternativa"", ""object"": ""As crises febris simples est\u00e3o associadas a anormalidades neurol\u00f3gicas subsequentes, com risco aumentado de epilepsia. Est\u00e1 indicada profilaxia cont\u00ednua com fenobarbital ou valproato de s\u00f3dio at\u00e9 os 5 anos de idade para prevenir tanto recorr\u00eancias quanto o desenvolvimento de epilepsia."", ""fields"": [""Texto""]}}]"
01/12/2025 10:19:42;admin;Alteração (Editou);Segundo a classificação internacional vigente e co...;"[{""changed"": {""fields"": [""Tipo questao"", ""Texto base"", ""Enunciado"", ""Status""]}}, {""changed"": {""name"": ""alternativa"", ""object"": ""O diagn\u00f3stico de epilepsia requer pelo menos duas crises n\u00e3o provocadas separadas por mais de 24 horas; como os epis\u00f3dios s\u00e3o di\u00e1rios e m\u00faltiplos, n\u00e3o se pode estabelecer este intervalo m\u00ednimo, sendo necess\u00e1rio aguardar nova crise ap\u00f3s 24h de intervalo para confirmar o diagn\u00f3stico."", ""fields"": [""Texto""]}}, {""changed"": {""name"": ""alternativa"", ""object"": ""O diagn\u00f3stico de epilepsia est\u00e1 estabelecido pela identifica\u00e7\u00e3o de uma s\u00edndrome epil\u00e9ptica espec\u00edfica, mesmo sem duas crises separadas por 24h. Trata-se de epilepsia de aus\u00eancia da inf\u00e2ncia, caracterizada por crises generalizadas n\u00e3o motoras (aus\u00eancias t\u00edpicas)."", ""fields"": [""Texto""]}}, {""changed"": {""name"": ""alternativa"", ""object"": ""Os epis\u00f3dios devem ser classificados como crises focais com preju\u00edzo de consci\u00eancia, pois h\u00e1 altera\u00e7\u00e3o da responsividade e da consci\u00eancia. O diagn\u00f3stico de epilepsia requer neuroimagem para identificar les\u00e3o estrutural antes de iniciar tratamento."", ""fields"": [""Texto""]}}, {""changed"": {""name"": ""alternativa"", ""object"": ""O eletroencefalograma com descargas de esp\u00edcula-onda pode ser um achado inespec\u00edfico em 3 a 5% de crian\u00e7as normais. Caracteriza-se como crise n\u00e3o epil\u00e9ptica (aus\u00eancias psicog\u00eanicas), devendo-se encaminhar para avalia\u00e7\u00e3o psiqui\u00e1trica."", ""fields"": [""Texto""]}}, {""changed"": {""name"": ""alternativa"", ""object"": ""O diagn\u00f3stico de epilepsia s\u00f3 pode ser confirmado ap\u00f3s documenta\u00e7\u00e3o de risco de recorr\u00eancia \u226560% por meio de eletroencefalograma com descargas epileptiformes focais. As descargas generalizadas n\u00e3o preenchem este crit\u00e9rio."", ""fields"": [""Texto""]}}]"
01/12/2025 10:16:47;admin;Alteração (Editou);Qual a conduta inicial mais adequada?...;"[{""changed"": {""fields"": [""Texto base"", ""Enunciado"", ""Status""]}}, {""changed"": {""name"": ""alternativa"", ""object"": ""Antibi\u00f3tico venoso (ceftriaxona) e intuba\u00e7\u00e3o precoce."", ""fields"": [""Texto""]}}, {""changed"": {""name"": ""alternativa"", ""object"": ""Nebuliza\u00e7\u00e3o com adrenalina e dexametasona oral/IM."", ""fields"": [""Texto""]}}, {""changed"": {""name"": ""alternativa"", ""object"": ""Nebuliza\u00e7\u00e3o com solu\u00e7\u00e3o salina e corticoide, pois o quadro \u00e9 autolimitado."", ""fields"": [""Texto""]}}, {""changed"": {""name"": ""alternativa"", ""object"": ""Corticoide inalat\u00f3rio e adrenalina intramuscular para um r\u00e1pido in\u00edcio de a\u00e7\u00e3o."", ""fields"": [""Texto""]}}, {""changed"": {""name"": ""alternativa"", ""object"": ""N\u00e3o h\u00e1 necessidade de interven\u00e7\u00e3o farmacol\u00f3gica no momento, apenas observa\u00e7\u00e3o hospitalar."", ""fields"": [""Texto""]}}]"
01/12/2025 10:15:28;admin;Alteração (Editou);Qual a melhor conduta neste segundo momento?...;[]
01/12/2025 10:15:18;admin;Alteração (Editou);Qual a melhor conduta neste segundo momento?...;"[{""changed"": {""fields"": [""Tipo questao"", ""Texto base"", ""Enunciado"", ""Status""]}}, {""changed"": {""name"": ""alternativa"", ""object"": ""Alta hospitalar com prednisolona e salbutamol por 5 dias; tratar como broncoespasmo viral."", ""fields"": [""Texto""]}}, {""changed"": {""name"": ""alternativa"", ""object"": ""Pneumonia adquirida na comunidade complicada; solicitar ultrassonografia do t\u00f3rax e iniciar ceftriaxona endovenosa ap\u00f3s hemocultura de rotina."", ""fields"": [""Texto""]}}, {""changed"": {""name"": ""alternativa"", ""object"": ""Interna\u00e7\u00e3o hospitalar, oxigenioterapia ampicilina EV 50 mg/kg/dose por 7 dias."", ""fields"": [""Texto""]}}, {""changed"": {""name"": ""alternativa"", ""object"": ""Pneumonia at\u00edpica; iniciar claritromicina VO 15 mg/kg/dia por 10 dias."", ""fields"": [""Texto""]}}, {""changed"": {""name"": ""alternativa"", ""object"": ""Pneumonia adquirida na comunidade n\u00e3o complicada; iniciar amoxicilina VO 50 mg/kg/dia por 7 dias."", ""fields"": [""Texto""]}}]"
01/12/2025 10:13:33;admin;Alteração (Editou);Quais as manifestações clínicas que compõem a tría...;"[{""changed"": {""fields"": [""Texto base"", ""Enunciado"", ""Status""]}}, {""changed"": {""name"": ""alternativa"", ""object"": ""Hidrocefalia, coriorretinite e calcifica\u00e7\u00f5es intracranianas difusas."", ""fields"": [""Texto""]}}, {""changed"": {""name"": ""alternativa"", ""object"": ""Microcefalia, surdez neurossensorial e catarata cong\u00eanita."", ""fields"": [""Texto""]}}, {""changed"": {""name"": ""alternativa"", ""object"": ""Calcifica\u00e7\u00f5es periventriculares, microcefalia e retinopatia."", ""fields"": [""Texto""]}}, {""changed"": {""name"": ""alternativa"", ""object"": ""Les\u00f5es vesiculares, encefalite e hepatomegalia dolorosa."", ""fields"": [""Texto""]}}, {""changed"": {""name"": ""alternativa"", ""object"": ""Rinorreia sanguinolenta, periostite e icter\u00edcia colest\u00e1tica."", ""fields"": [""Texto""]}}]"
01/12/2025 10:07:43;admin;Alteração (Editou);Qual alternativa apresenta a medida de associação ...;"[{""changed"": {""fields"": [""Status""]}}]"
01/12/2025 10:06:40;admin;Alteração (Editou);Qual alternativa apresenta a medida de associação ...;"[{""changed"": {""fields"": [""Status""]}}]"
01/12/2025 10:05:08;admin;Alteração (Editou);Considerando o texto apresentado, avalie as afirma...;[]
01/12/2025 09:54:43;admin;Alteração (Editou);Qual é o exame padrão-ouro para confirmação diagnó...;[]
01/12/2025 09:54:39;admin;Alteração (Editou);Qual é o exame padrão-ouro para confirmação diagnó...;"[{""changed"": {""fields"": [""Status""]}}]"
01/12/2025 09:54:13;admin;Alteração (Editou);Qual é o exame padrão-ouro para confirmação diagnó...;"[{""changed"": {""fields"": [""Tipo questao"", ""Texto base"", ""Enunciado""]}}, {""changed"": {""name"": ""alternativa"", ""object"": ""Sorologia para IgG e IgM espec\u00edficos no soro do rec\u00e9m-nascido."", ""fields"": [""Texto""]}}, {""changed"": {""name"": ""alternativa"", ""object"": ""Cultura viral de secre\u00e7\u00e3o nasofar\u00edngea."", ""fields"": [""Texto""]}}, {""changed"": {""name"": ""alternativa"", ""object"": ""Detec\u00e7\u00e3o do v\u00edrus por PCR na urina do rec\u00e9m-nascido."", ""fields"": [""Texto""]}}, {""changed"": {""name"": ""alternativa"", ""object"": ""Isolamento do Toxoplasma gondii no l\u00edquido amni\u00f3tico."", ""fields"": [""Texto""]}}, {""changed"": {""name"": ""alternativa"", ""object"": ""Teste de fluoresc\u00eancia indireta para anticorpos antitrepon\u00eamicos (FTA-Abs)."", ""fields"": [""Texto""]}}]"
01/12/2025 09:38:12;admin;Alteração (Editou);Qual é a hipótese diagnóstica mais provável e a co...;[]
01/12/2025 09:38:03;admin;Alteração (Editou);Qual é a hipótese diagnóstica mais provável e a co...;[]
01/12/2025 09:37:35;admin;Alteração (Editou);Qual é a hipótese diagnóstica mais provável e a co...;"[{""changed"": {""fields"": [""Tipo questao"", ""Texto base"", ""Enunciado"", ""Status""]}}, {""changed"": {""name"": ""alternativa"", ""object"": ""Gastroenterite viral \u2014 hidrata\u00e7\u00e3o oral e observa\u00e7\u00e3o domiciliar."", ""fields"": [""Texto""]}}, {""changed"": {""name"": ""alternativa"", ""object"": ""Enterocolite necrosante \u2014 jejum e antibi\u00f3tico de amplo espectro."", ""fields"": [""Texto""]}}, {""changed"": {""name"": ""alternativa"", ""object"": ""Disenteria bacteriana \u2014 antibi\u00f3tico emp\u00edrico e reidratar conforme plano B ou C."", ""fields"": [""Texto""]}}, {""changed"": {""name"": ""alternativa"", ""object"": ""Intussuscep\u00e7\u00e3o intestinal \u2014 encaminhar imediatamente para redu\u00e7\u00e3o por enema."", ""fields"": [""Texto""]}}, {""changed"": {""name"": ""alternativa"", ""object"": ""Proctocolite al\u00e9rgica \u2014 retirar f\u00f3rmulas e observar melhora em 2 a 4 semanas."", ""fields"": [""Texto""]}}]"
01/12/2025 09:29:52;admin;Alteração (Editou);Sobre este tema da lesão corporal de natureza pena...;[]
01/12/2025 09:29:40;admin;Alteração (Editou);Sobre este tema da lesão corporal de natureza pena...;[]
01/12/2025 09:29:34;admin;Alteração (Editou);Sobre este tema da lesão corporal de natureza pena...;"[{""changed"": {""fields"": [""Tipo questao"", ""Texto base"", ""Enunciado"", ""Justificativa"", ""Status""]}}, {""changed"": {""name"": ""alternativa"", ""object"": ""Se o agente d\u00e1 um murro no abd\u00f4men da vitima e este \u00e9 portador de ba\u00e7o gigante(esplenomegalia) o mesmo se rompe e causa uma hemorragia interna trata-se de causa e efeito gerado pela agress\u00e3o e ser\u00e1 considerado uma les\u00e3o corporal grave."", ""fields"": [""Texto""]}}, {""changed"": {""name"": ""alternativa"", ""object"": ""Se um homem \u00e9 ferido por outro no abd\u00f4men com hemorragia interna e hipotens\u00e3o, mas morre no mesa de opera\u00e7\u00e3o por complica\u00e7\u00f5es envolvendo geradas por um choque anest\u00e9sico o Direito entende que existe culpa m\u00e9dica."", ""fields"": [""Texto""]}}, {""changed"": {""name"": ""alternativa"", ""object"": ""Se uma pessoa estiver incapacitada para realizar ocupa\u00e7\u00f5es habituais por mais de 30 dias est\u00e1 estar\u00e1 inabilitada para realizar atividades laborais e funcional rotineira no aspecto f\u00edsico."", ""fields"": [""Texto""]}}, {""changed"": {""name"": ""alternativa"", ""object"": ""A retomada da cura m\u00e9dica antes do 30 dias que incapacita a pessoa de realizar atividades habituais se refere a cura clinica e tamb\u00e9m funcional e anat\u00f4mica sem considerar a retomada m\u00e9dico-social."", ""fields"": [""Texto""]}}, {""changed"": {""name"": ""alternativa"", ""object"": ""Em se tratamento de les\u00e3o corporal leve \u00e9 imprescind\u00edvel o exame de corpo de delito para todas as situa\u00e7\u00f5es envolvidas j\u00e1 que mesmo sendo les\u00e3o de menor potencial ofensivo a lei n\u00e3o estipula procedimento especial."", ""fields"": [""Texto""]}}]"
01/12/2025 09:26:21;admin;Alteração (Editou);Considerando o texto apresentado, avalie as afirma...;"[{""changed"": {""fields"": [""Texto base"", ""Enunciado""]}}]"
01/12/2025 09:24:25;admin;Alteração (Editou);Considerando o texto apresentado, avalie as afirma...;"[{""changed"": {""fields"": [""Tipo questao"", ""Texto base"", ""Status""]}}, {""changed"": {""name"": ""alternativa"", ""object"": ""Trata-se de um tiro encostado no t\u00f3rax e um tiro a curta dist\u00e2ncia na face revelando a inten\u00e7\u00e3o do agente em matar a v\u00edtima."", ""fields"": [""Texto""]}}, {""changed"": {""name"": ""alternativa"", ""object"": ""A orla de escoria\u00e7\u00e3o que pode surgir nos dois tipos de tiros se refere a um arranchamento da epiderme em formato de meia lua crescente que representa a perda do movimento rotat\u00f3rio do projetil pois encontrou um obst\u00e1culo na trajet\u00f3ria."", ""fields"": [""Texto""]}}, {""changed"": {""name"": ""alternativa"", ""object"": ""Os dois tiros s\u00e3o considerados \u00e0 dist\u00e2ncia relevando a possibilidade de tiro acidental por bala perdida."", ""fields"": [""Texto""]}}]"
01/12/2025 09:23:11;admin;Alteração (Editou);Sobre a conclusão desta necropsia é CORRETO afirma...;[]
01/12/2025 09:18:43;admin;Alteração (Editou);Sobre a conclusão desta necropsia é CORRETO afirma...;"[{""changed"": {""fields"": [""Tipo questao"", ""Texto base"", ""Enunciado"", ""Status""]}}]"
01/12/2025 09:17:32;admin;Alteração (Editou);Considerando o texto apresentado, avalie as afirma...;"[{""changed"": {""name"": ""alternativa"", ""object"": ""Trata-se de homic\u00eddio de um ferimento da esquerda para direita no pesco\u00e7o  em sentido horizontal com profundidade maior no in\u00edcio da les\u00e3o e mais superficial."", ""fields"": [""Texto""]}}, {""changed"": {""name"": ""alternativa"", ""object"": ""Trata-se de suic\u00eddio com aparecimento da cauda de escoria\u00e7\u00e3o terminal com les\u00e3o superficial da epiderme no ferimento do pesco\u00e7o."", ""fields"": [""Texto""]}}, {""changed"": {""name"": ""alternativa"", ""object"": ""Trata-se de homic\u00eddio com ferimento no pesco\u00e7o disposto da direita para a esquerda em sentido horizontal uniforme terminando com a mesma profundidade de seu in\u00edcio."", ""fields"": [""Texto""]}}, {""changed"": {""name"": ""alternativa"", ""object"": ""Trata-se de suic\u00eddio com ferimento da esquerda para a direita com profundidade maior no inicio da les\u00e3o e mais superficial ao t\u00e9rmino com possibilidade de se observar marcas de \u201chesita\u00e7\u00e3o\u201de tentativa frustrada de promover sangramento no punho."", ""fields"": [""Texto""]}}, {""changed"": {""name"": ""alternativa"", ""object"": ""Trata-se de homic\u00eddio com ferimento disposto da esquerda para a direita no pesco\u00e7o em sentido horizontal uniforme terminando com a mesma profundidade de seu in\u00edcio e com les\u00f5es de defesa no punho."", ""fields"": [""Texto""]}}]"
01/12/2025 09:15:55;admin;Alteração (Editou);Diante do contexto é CORRETO afirmar:...;"[{""changed"": {""fields"": [""Status""]}}]"
01/12/2025 09:15:30;admin;Alteração (Editou);Diante do contexto é CORRETO afirmar:...;"[{""changed"": {""fields"": [""Tipo questao"", ""Texto base"", ""Enunciado""]}}, {""changed"": {""name"": ""alternativa"", ""object"": ""O ferimento da testa se refere ao tiro encostado onde \u00e9 poss\u00edvel verificar o sinal de Werkgaertner que \u00e9 caracterizado por um halo de fuligem na l\u00e2mina extrena do osso referente ao orif\u00edcio de entrada."", ""fields"": [""Texto""]}}, {""changed"": {""name"": ""alternativa"", ""object"": ""O ferimento da testa se refere ao tiro encostado representando pela presen\u00e7a da cratera de mina de Hoffman com a presen\u00e7a nas bordas estrelares de zona de tatuagem e de esfuma\u00e7amento."", ""fields"": [""Texto""]}}, {""changed"": {""name"": ""alternativa"", ""object"": ""Foi conclu\u00edda que os ferimentos do t\u00f3rax e no abd\u00f4men s\u00e3o a dist\u00e2ncia pela presen\u00e7a do halo de enxugo, da orla de esfuma\u00e7amento e da zona de queimadura."", ""fields"": [""Texto""]}}, {""changed"": {""name"": ""alternativa"", ""object"": ""No tiro a dist\u00e2ncia \u00e9 poss\u00edvel observar o halo de enxugo e a orla de escoria\u00e7\u00e3o que pode assumir o aspecto de meia lua nos ferimentos ovalares. Esta representa\u00e7\u00e3o pode esclarecer a dire\u00e7\u00e3o do tiro."", ""fields"": [""Texto""]}}, {""changed"": {""name"": ""alternativa"", ""object"": ""Nos ferimentos de entrada a bala em tiros a dist\u00e2ncia tem bordas reviradas para dentro. J\u00e1 os ferimentos de sa\u00edda tem forma irregular, com bordas reviradas para fora, menos sangrante e sem halo de enxugo."", ""fields"": [""Texto""]}}]"
01/12/2025 09:11:18;admin;Alteração (Editou);Sobre o temas das perícias e do perito médico lega...;"[{""changed"": {""fields"": [""Status""]}}]"
01/12/2025 09:10:39;admin;Alteração (Editou);Sobre o temas das perícias e do perito médico lega...;"[{""changed"": {""name"": ""alternativa"", ""object"": ""A per\u00edcia percipiendi \u00e9 aquela procedida sobre fatos cuja avalia\u00e7\u00e3o \u00e9 feita baseada em altera\u00e7\u00f5es ou perturba\u00e7\u00f5es produzidas pelas energias causadoras do dano com a necessidade de analisar estas altera\u00e7\u00f5es com o poss\u00edvel fato causador."", ""fields"": [""Texto""]}}, {""changed"": {""name"": ""alternativa"", ""object"": ""O exame de corpo de delito representa os elementos f\u00edsicos referentes ao fato delituoso. Os elementos acess\u00f3rios ao ato infracional s\u00e3o captados de per\u00edcia criminal que dever\u00e1 materializar seus achados no laudo pericial t\u00e9cnico."", ""fields"": [""Texto""]}}, {""changed"": {""name"": ""alternativa"", ""object"": ""A cadeia de custodia se refere ao registro em documento de toda a movimenta\u00e7\u00e3o dos elementos de prova quando do seu envio, conserva\u00e7\u00e3o e an\u00e1lise nos laborat\u00f3rios. O objetivo \u00e9 permitir que os t\u00e9cnicos tenham no\u00e7\u00e3o sobre o tempo em que as amostras ter\u00e3o validades para a an\u00e1lise."", ""fields"": [""Texto""]}}, {""changed"": {""name"": ""alternativa"", ""object"": ""Um dos principais direitos do peritos \u00e9 de recusar o encargo por motivo de impedimento por ser considerado amigo \u00edntimo ou inimigo capital de qualquer das partes."", ""fields"": [""Texto""]}}, {""changed"": {""name"": ""alternativa"", ""object"": ""O assistente t\u00e9cnico s\u00e3o peritos contratados pelas partes que tem os mesmos privil\u00e9gios do perito oficial ou seja: ouvir testemunhas, solicitar documentos al\u00e9m de fiscalizar a elabora\u00e7\u00e3o das provas e do laudo pericial."", ""fields"": [""Texto""]}}]"
01/12/2025 09:07:53;admin;Alteração (Editou);Sobre o temas das perícias e do perito médico lega...;"[{""changed"": {""fields"": [""Tipo questao"", ""Texto base"", ""Enunciado""]}}]"
01/12/2025 08:59:36;admin;Alteração (Editou);São princípios da RAPS:...;"[{""changed"": {""fields"": [""Status""]}}]"
01/12/2025 08:58:38;admin;Alteração (Editou);São princípios da RAPS:...;[]
01/12/2025 08:57:23;admin;Alteração (Editou);Sendo assim, responda: qual das alternativas repre...;[]
01/12/2025 08:57:14;admin;Alteração (Editou);Com base na perspectiva sistêmica da Medicina de F...;[]
01/12/2025 08:57:04;admin;Alteração (Editou);Com base na perspectiva sistêmica da Medicina de F...;"[{""changed"": {""fields"": [""Status""]}}]"
01/12/2025 08:54:53;admin;Alteração (Editou);Sendo assim, responda: qual das alternativas repre...;"[{""changed"": {""fields"": [""Status""]}}]"
01/12/2025 08:49:18;admin;Alteração (Editou);A partir destas premissas, qual das seguintes alte...;[]
01/12/2025 08:48:54;admin;Alteração (Editou);A partir destas premissas, qual das seguintes alte...;[]
01/12/2025 08:48:38;admin;Alteração (Editou);A partir destas premissas, qual das seguintes alte...;[]
01/12/2025 08:46:53;admin;Alteração (Editou);A partir destas premissas, qual das seguintes alte...;[]
01/12/2025 08:43:48;admin;Alteração (Editou);A partir destas premissas, qual das seguintes alte...;"[{""changed"": {""fields"": [""Status""]}}]"
01/12/2025 08:34:57;admin;Alteração (Editou);A proporção de verdadeiros positivos entre as pess...;"[{""changed"": {""fields"": [""Status""]}}]"
01/12/2025 08:30:44;admin;Alteração (Editou);Qual alternativa apresenta a medida de associação ...;[]
01/12/2025 08:24:12;admin;Alteração (Editou);Com base no Código de Ética Médica (Resolução CFM ...;[]
29/11/2025 09:25:21;admin;Alteração (Editou);Diante das disposições da Resolução CFM nº 2.336/2...;[]
29/11/2025 09:22:27;admin;Alteração (Editou);Considerando o texto apresentado, avalie as afirma...;[]
27/11/2025 12:15:28;admin;Alteração (Editou);Considerando o contexto apresentado, analise as af...;[]
27/11/2025 12:13:12;admin;Alteração (Editou);Com base nos critérios de Roma IV, analise as asse...;[]
27/11/2025 12:03:26;admin;Alteração (Editou);Considerando o texto apresentado, avalie as afirma...;[]
27/11/2025 12:01:35;admin;Alteração (Editou);Considerando a técnica correta para o procedimento...;[]
27/11/2025 12:00:51;admin;Alteração (Editou);Fundamentando-se nos princípios do PHTLS para o ma...;[]
27/11/2025 12:00:11;admin;Alteração (Editou);Considerando as dimensões de atuação da Política N...;[]
27/11/2025 11:48:30;admin;Alteração (Editou);Baseado na história clínica, marque a alternativa ...;[]
27/11/2025 11:39:30;admin;Alteração (Editou);Considerando o texto apresentado, avalie as afirma...;[]
27/11/2025 09:45:01;admin;Alteração (Editou);Com base nos critérios de Roma IV, analise as asse...;[]
27/11/2025 09:40:34;admin;Alteração (Editou);Diante da suspeita de DII, assinale a alternativa ...;[]
27/11/2025 09:40:16;admin;Alteração (Editou);Com base nos achados, assinale a alternativa corre...;[]
27/11/2025 09:40:03;admin;Alteração (Editou);Com base nos achados, assinale a alternativa corre...;[]
27/11/2025 09:39:52;admin;Alteração (Editou);Com base nos achados, assinale a alternativa corre...;[]
27/11/2025 09:38:56;admin;Alteração (Editou);Com base nos achados, assinale a alternativa corre...;[]
27/11/2025 09:31:30;admin;Alteração (Editou);Considerando o texto apresentado, avalie as afirma...;[]
27/11/2025 09:30:57;admin;Alteração (Editou);Considerando o texto apresentado, avalie as afirma...;[]
27/11/2025 09:30:39;admin;Alteração (Editou);Considerando o texto apresentado, avalie as afirma...;[]
27/11/2025 09:29:47;admin;Alteração (Editou);Considerando o texto apresentado, avalie as afirma...;[]
27/11/2025 09:28:58;admin;Alteração (Editou);Considerando o texto apresentado, avalie as afirma...;[]
27/11/2025 09:28:16;admin;Alteração (Editou);Considerando o texto apresentado, avalie as afirma...;[]
27/11/2025 09:27:43;admin;Alteração (Editou);Considerando o texto apresentado, avalie as afirma...;[]
27/11/2025 09:26:33;admin;Alteração (Editou);Considerando o texto apresentado, avalie as afirma...;[]
27/11/2025 09:25:52;admin;Alteração (Editou);Considerando o texto apresentado, avalie as afirma...;[]
27/11/2025 09:25:19;admin;Alteração (Editou);Considerando o texto apresentado, avalie as afirma...;[]
27/11/2025 09:24:47;admin;Alteração (Editou);Considerando o cenário apresentado, a principal al...;[]
27/11/2025 09:24:30;admin;Alteração (Editou);Considerando o texto apresentado, avalie as afirma...;[]
27/11/2025 09:23:58;admin;Alteração (Editou);Considerando o texto apresentado, avalie as afirma...;[]
27/11/2025 09:23:33;admin;Alteração (Editou);Considerando o texto apresentado, avalie as afirma...;[]
27/11/2025 09:18:58;admin;Alteração (Editou);Considerando o texto apresentado, avalie as afirma...;[]
27/11/2025 09:16:29;admin;Alteração (Editou);Considerando o texto apresentado, avalie as afirma...;[]
27/11/2025 09:16:09;admin;Alteração (Editou);Considerando o texto apresentado, avalie as afirma...;[]
27/11/2025 09:11:54;admin;Alteração (Editou);Com base no contexto, descreva a relação anatômica...;[]
27/11/2025 09:11:35;admin;Alteração (Editou);Considerando o contexto acima, assinale a alternat...;[]
27/11/2025 09:10:04;admin;Alteração (Editou);Com base nas informações do caso e na anatomia da ...;[]
27/11/2025 09:06:07;admin;Alteração (Editou);Baseado na história clínica, marque a alternativa ...;[]
27/11/2025 09:05:25;admin;Alteração (Editou);Baseado na história clínica, marque a alternativa ...;"[{""changed"": {""fields"": [""Tipo questao""]}}]"
27/11/2025 08:53:46;admin;Alteração (Editou);Baseado na história clínica, marque a alternativa ...;"[{""changed"": {""fields"": [""Texto base""]}}]"
27/11/2025 08:50:12;admin;Alteração (Editou);Considerando o texto apresentado, avalie as afirma...;[]
27/11/2025 08:49:41;admin;Alteração (Editou);Considerando o texto apresentado, avalie as afirma...;[]
27/11/2025 08:48:36;admin;Alteração (Editou);Considerando o texto apresentado, avalie as afirma...;[]
27/11/2025 08:48:08;admin;Alteração (Editou);Considerando o texto apresentado, avalie as afirma...;[]
27/11/2025 08:47:57;admin;Alteração (Editou);Considerando o texto apresentado, avalie as afirma...;[]
27/11/2025 08:36:45;admin;Alteração (Editou);Considerando as dimensões de atuação da Política N...;"[{""changed"": {""fields"": [""Justificativa""]}}]"
27/11/2025 08:24:38;admin;Alteração (Editou);Considerando as dimensões de atuação da Política N...;"[{""changed"": {""fields"": [""Tipo questao""]}}]"
27/11/2025 08:16:30;admin;Alteração (Editou);Considerando o texto apresentado, avalie as afirma...;[]
27/11/2025 08:14:22;admin;Alteração (Editou);Considerando o texto apresentado, avalie as afirma...;"[{""changed"": {""fields"": [""Enunciado""]}}]"
27/11/2025 08:08:55;admin;Alteração (Editou);Considerando a técnica asséptica e a anatomia masc...;"[{""changed"": {""fields"": [""Texto base""]}}]"
27/11/2025 08:02:55;admin;Alteração (Editou);Com base nos critérios de Roma IV, analise as asse...;[]
27/11/2025 08:01:01;admin;Alteração (Editou);Com base nos critérios de Roma IV, analise as asse...;"[{""changed"": {""fields"": [""Texto base""]}}]"
27/11/2025 07:50:31;admin;Alteração (Editou);Considerando o quadro clínico descrito avalie as a...;[]
27/11/2025 07:48:53;admin;Alteração (Editou);Considere as seguintes afirmações sobre a aplicaçã...;[]
27/11/2025 07:42:09;admin;Alteração (Editou);A respeito do assunto, analise as afirmativas abai...;[]
27/11/2025 07:39:21;admin;Alteração (Editou);A respeito do assunto, analise as afirmativas abai...;[]
27/11/2025 07:31:30;admin;Alteração (Editou);Considerando o contexto apresentado, analise as af...;[]
27/11/2025 07:31:05;admin;Alteração (Editou);Considerando o contexto apresentado, analise as af...;"[{""changed"": {""fields"": [""Texto base"", ""Enunciado""]}}]"
26/11/2025 16:57:16;admin;Alteração (Editou);Considerando o texto apresentado, avalie as afirma...;[]
26/11/2025 16:56:00;admin;Alteração (Editou);Considerando o quadro clínico descrito avalie as a...;[]
26/11/2025 16:48:27;admin;Alteração (Editou);Com base nesse quadro, é correto afirmar:...;[]
26/11/2025 16:47:32;admin;Alteração (Editou);Considere as seguintes afirmações sobre a aplicaçã...;[]
26/11/2025 16:44:50;admin;Alteração (Editou);Considerando o texto apresentado, avalie as afirma...;[]
26/11/2025 16:43:09;admin;Alteração (Editou);Considerando o texto apresentado, avalie as afirma...;[]
26/11/2025 16:34:59;admin;Alteração (Editou);Considerando o texto apresentado, avalie as afirma...;[]
26/11/2025 16:34:48;admin;Alteração (Editou);Considerando o texto apresentado, avalie as afirma...;[]
26/11/2025 16:32:41;admin;Alteração (Editou);Considerando o texto apresentado, avalie as afirma...;[]
26/11/2025 16:32:34;admin;Alteração (Editou);Considerando o texto apresentado, avalie as afirma...;[]
26/11/2025 16:31:20;admin;Alteração (Editou);Considerando a técnica asséptica e a anatomia masc...;[]
26/11/2025 16:26:52;admin;Alteração (Editou);I. A abordagem imediata para este paciente deve fo...;[]
26/11/2025 16:25:25;admin;Alteração (Editou);É correto o que se afirma em:...;[]
26/11/2025 16:23:31;admin;Alteração (Editou);Portanto, o raciocínio clínico na APS distingue-se...;[]
26/11/2025 16:23:15;admin;Alteração (Editou);Ao elaborar um laudo pericial, o médico deve obrig...;[]
26/11/2025 16:22:42;admin;Alteração (Editou);O formato SOAP inclui, respectivamente, as seções:...;[]
26/11/2025 16:22:14;admin;Alteração (Editou);Os quatro componentes fundamentais do método clíni...;[]
26/11/2025 16:21:34;admin;Alteração (Editou);Segundo o método de consulta em 7 passos e os prin...;[]
26/11/2025 16:17:42;admin;Alteração (Editou);Considerando a conduta da médica, a função central...;[]
26/11/2025 16:17:25;admin;Alteração (Editou);Com base no cenário apresentado, qual representa a...;[]
26/11/2025 16:16:57;admin;Alteração (Editou);Considerando os princípios que norteiam as Linhas ...;[]
26/11/2025 16:15:51;admin;Alteração (Editou);Considerando o texto apresentado, avalie as afirma...;[]
26/11/2025 16:07:22;admin;Alteração (Editou);Considerando os princípios que norteiam as Linhas ...;[]
26/11/2025 16:06:40;admin;Alteração (Editou);Considerando as dimensões de atuação da Política N...;[]
19/11/2025 13:44:48;admin;Alteração (Editou);Com base nas recomendações atuais para abordagem d...;"[{""changed"": {""fields"": [""Status""]}}]"
19/11/2025 13:20:02;admin;Alteração (Editou);Qual mecanismo imunológico explica a lesão cardíac...;"[{""changed"": {""fields"": [""Justificativa""]}}]"
19/11/2025 13:15:01;admin;Alteração (Editou);Qual mecanismo imunológico explica a lesão cardíac...;"[{""changed"": {""name"": ""alternativa"", ""object"": ""Deposi\u00e7\u00e3o de imunocomplexos (estreptolisina-anticorpo) nas v\u00e1lvulas card\u00edacas."", ""fields"": [""Texto"", ""Eh correta""]}}, {""changed"": {""name"": ""alternativa"", ""object"": ""Mimetismo molecular, onde anticorpos gerados contra a Prote\u00edna M bacteriana reagem de forma cruzada com a miosina card\u00edaca."", ""fields"": [""Texto"", ""Eh correta""]}}]"
19/11/2025 13:07:11;admin;Alteração (Editou);Analise as afirmativas a seguir:...;"[{""changed"": {""fields"": [""Enunciado""]}}]"
19/11/2025 13:02:42;admin;Alteração (Editou);A efetividade da Linha de Cuidado em Saúde Mental ...;[]
19/11/2025 13:02:10;admin;Alteração (Editou);Qual mecanismo imunológico explica a lesão cardíac...;[]
19/11/2025 12:59:04;admin;Alteração (Editou);analise as afirmativas a seguir:...;"[{""changed"": {""fields"": [""Texto base"", ""Enunciado""]}}]"
19/11/2025 12:51:47;admin;Alteração (Editou);Considerando o quadro clínico-laboratorial apresen...;[]
19/11/2025 12:41:56;admin;Alteração (Editou);Considerando o quadro clínico-laboratorial apresen...;"[{""changed"": {""fields"": [""Justificativa""]}}, {""changed"": {""name"": ""alternativa"", ""object"": ""Iniciar o tratamento com transfus\u00e3o de concentrado de hem\u00e1cias, postergando a reposi\u00e7\u00e3o vitam\u00ednica at\u00e9 a estabiliza\u00e7\u00e3o hemodin\u00e2mica da paciente."", ""fields"": [""Texto"", ""Eh correta""]}}, {""changed"": {""name"": ""alternativa"", ""object"": ""Iniciar a reposi\u00e7\u00e3o com cianocobalamina por via intramuscular e, ap\u00f3s a primeira dose ou in\u00edcio da melhora, associar a suplementa\u00e7\u00e3o de \u00e1cido f\u00f3lico oral."", ""fields"": [""Texto"", ""Eh correta""]}}]"
19/11/2025 12:41:01;admin;Alteração (Editou);A análise combinada de dados ambientais e epidemio...;"[{""changed"": {""fields"": [""Enunciado"", ""Proposicao dois""]}}]"
19/11/2025 12:35:52;admin;Alteração (Editou);O evento descrito exemplifica um padrão de transmi...;"[{""changed"": {""name"": ""alternativa"", ""object"": ""A) As asser\u00e7\u00f5es I e II s\u00e3o proposi\u00e7\u00f5es verdadeiras, e a II \u00e9 uma justificativa correta da I."", ""fields"": [""Texto""]}}, {""changed"": {""name"": ""alternativa"", ""object"": ""B) As asser\u00e7\u00f5es I e II s\u00e3o proposi\u00e7\u00f5es verdadeiras, mas a II n\u00e3o \u00e9 uma justificativa correta da I."", ""fields"": [""Texto""]}}, {""changed"": {""name"": ""alternativa"", ""object"": ""C) A asser\u00e7\u00e3o I \u00e9 uma proposi\u00e7\u00e3o verdadeira, e a II \u00e9 uma proposi\u00e7\u00e3o falsa."", ""fields"": [""Texto""]}}, {""changed"": {""name"": ""alternativa"", ""object"": ""D) A asser\u00e7\u00e3o I \u00e9 uma proposi\u00e7\u00e3o falsa, e a II \u00e9 uma proposi\u00e7\u00e3o verdadeira."", ""fields"": [""Texto""]}}, {""changed"": {""name"": ""alternativa"", ""object"": ""E) As asser\u00e7\u00f5es I e II s\u00e3o proposi\u00e7\u00f5es falsas."", ""fields"": [""Texto""]}}]"
19/11/2025 12:34:40;admin;Alteração (Editou);A efetividade da Linha de Cuidado em Saúde Mental ...;"[{""changed"": {""name"": ""alternativa"", ""object"": ""A) As asser\u00e7\u00f5es I e II s\u00e3o proposi\u00e7\u00f5es verdadeiras, e a II \u00e9 uma justificativa correta da I."", ""fields"": [""Texto""]}}, {""changed"": {""name"": ""alternativa"", ""object"": ""B) As asser\u00e7\u00f5es I e II s\u00e3o proposi\u00e7\u00f5es verdadeiras, mas a II n\u00e3o \u00e9 uma justificativa correta da I."", ""fields"": [""Texto""]}}, {""changed"": {""name"": ""alternativa"", ""object"": ""C) A asser\u00e7\u00e3o I \u00e9 uma proposi\u00e7\u00e3o verdadeira, e a II \u00e9 uma proposi\u00e7\u00e3o falsa."", ""fields"": [""Texto""]}}, {""changed"": {""name"": ""alternativa"", ""object"": ""D) A asser\u00e7\u00e3o I \u00e9 uma proposi\u00e7\u00e3o falsa, e a II \u00e9 uma proposi\u00e7\u00e3o verdadeira."", ""fields"": [""Texto""]}}, {""changed"": {""name"": ""alternativa"", ""object"": ""E) As asser\u00e7\u00f5es I e II s\u00e3o proposi\u00e7\u00f5es falsas."", ""fields"": [""Texto""]}}]"
19/11/2025 12:33:07;admin;Alteração (Editou);O paciente do caso apresentado preenche critérios ...;[]
19/11/2025 11:04:42;admin;Alteração (Editou);Com base nas normas éticas do Conselho Federal de ...;"[{""changed"": {""fields"": [""Tipo questao""]}}]"
19/11/2025 11:01:13;admin;Alteração (Editou);Considerando o cenário apresentado e a estabilizaç...;"[{""changed"": {""name"": ""alternativa"", ""object"": ""Administrar Atropina em bolus para tratar a bradicardia e a hipersecre\u00e7\u00e3o."", ""fields"": [""Texto""]}}, {""changed"": {""name"": ""alternativa"", ""object"": ""Iniciar infus\u00e3o de Norepinefrina para corrigir a hipotens\u00e3o arterial."", ""fields"": [""Texto""]}}]"
19/11/2025 10:06:54;admin;Alteração (Editou);Os quatro componentes fundamentais do método clíni...;"[{""changed"": {""name"": ""alternativa"", ""object"": ""Explorar o diagn\u00f3stico biom\u00e9dico, oferecer tratamento padronizado, avaliar o resultado cl\u00ednico e garantir ades\u00e3o terap\u00eautica."", ""fields"": [""Texto""]}}]"
19/11/2025 09:58:46;admin;Alteração (Editou);Os quatro componentes fundamentais do método clíni...;"[{""changed"": {""fields"": [""Tipo questao"", ""Texto base"", ""Enunciado""]}}]"
19/11/2025 09:57:57;admin;Alteração (Editou);Portanto, o raciocínio clínico na APS distingue-se...;"[{""changed"": {""fields"": [""Tipo questao"", ""Texto base"", ""Enunciado""]}}]"
19/11/2025 09:56:41;admin;Alteração (Editou);Segundo o método de consulta em 7 passos e os prin...;"[{""changed"": {""fields"": [""Tipo questao"", ""Texto base"", ""Enunciado""]}}]"
19/11/2025 09:55:51;admin;Alteração (Editou);Ao elaborar um laudo pericial, o médico deve obrig...;"[{""changed"": {""fields"": [""Tipo questao"", ""Enunciado""]}}]"
19/11/2025 09:52:27;admin;Alteração (Editou);O formato SOAP inclui, respectivamente, as seções:...;"[{""changed"": {""fields"": [""Tipo questao"", ""Texto base"", ""Enunciado""]}}]"
19/11/2025 09:50:53;admin;Alteração (Editou);No contexto da medicina ambulatorial, o diagnóstic...;"[{""changed"": {""fields"": [""Tipo questao"", ""Texto base"", ""Enunciado"", ""Status""]}}]"
19/11/2025 09:49:15;admin;Alteração (Editou);Considerando o texto apresentado, avalie as afirma...;"[{""changed"": {""fields"": [""Status""]}}]"
19/11/2025 09:47:26;admin;Alteração (Editou);Considerando o texto apresentado, avalie as afirma...;"[{""changed"": {""fields"": [""Status""]}}]"
19/11/2025 09:41:17;admin;Alteração (Editou);Visando diminuir a sua incidência, que medida pode...;"[{""changed"": {""fields"": [""Status""]}}]"
19/11/2025 09:40:45;admin;Alteração (Editou);Diante disso, que assertiva está correta?...;"[{""changed"": {""fields"": [""Status""]}}]"
19/11/2025 09:40:34;admin;Alteração (Editou);Diante disso, que assertiva está correta?...;[]
19/11/2025 09:38:20;admin;Alteração (Editou);Considerando o texto apresentado, avalie as afirma...;"[{""changed"": {""fields"": [""Status""]}}]"
19/11/2025 09:37:35;admin;Alteração (Editou);Considerando o texto apresentado, avalie as afirma...;"[{""changed"": {""fields"": [""Status""]}}]"
19/11/2025 09:36:44;admin;Alteração (Editou);Qual o correto posicionamento do coxim?...;"[{""changed"": {""fields"": [""Status""]}}]"
19/11/2025 09:36:19;admin;Alteração (Editou);Qual o correto posicionamento do coxim?...;[]
19/11/2025 07:31:52;admin;Alteração (Editou);Com base nos critérios de Roma IV, analise as asse...;"[{""deleted"": {""name"": ""alternativa"", ""object"": """"}}, {""deleted"": {""name"": ""alternativa"", ""object"": """"}}]"
19/11/2025 07:27:22;admin;Alteração (Editou);Diante do exposto, assinale a alternativa correta:...;[]
19/11/2025 06:54:34;admin;Alteração (Editou);Diante desse quadro, qual das opções abaixo repres...;"[{""changed"": {""name"": ""alternativa"", ""object"": ""(b) Leiomioma uterino; o principal diferencial \u00e9 o leiomiossarcoma."", ""fields"": [""Eh correta""]}}]"
19/11/2025 06:53:21;admin;Alteração (Editou);Com base nos achados, qual é a interpretação da ca...;"[{""changed"": {""name"": ""alternativa"", ""object"": ""c) Cardiotocografia n\u00e3o tranquilizadora \u2014 indicar avalia\u00e7\u00e3o complementar da vitalidade fetal, como perfil biof\u00edsico fetal."", ""fields"": [""Eh correta""]}}]"
19/11/2025 06:51:25;admin;Alteração (Editou);Pode-se dizer que a manutenção da estática dos órg...;"[{""changed"": {""fields"": [""Texto base""]}}]"
19/11/2025 06:51:03;admin;Alteração (Editou);Sobre endometriose, pode-se afirmar:...;"[{""changed"": {""fields"": [""Texto base""]}}]"
19/11/2025 06:50:27;admin;Alteração (Editou);Considerando a principal hipótese diagnóstica base...;[]
19/11/2025 06:49:38;admin;Alteração (Editou);Considerando o quadro clínico descrito avalie as a...;[]
19/11/2025 05:38:26;admin;Alteração (Editou);Considerando o quadro apresentado acima, assinale ...;[]
19/11/2025 05:32:15;admin;Alteração (Editou);Considere as seguintes afirmações sobre a aplicaçã...;[]
19/11/2025 05:31:00;admin;Alteração (Editou);Considere as seguintes afirmações sobre a aplicaçã...;"[{""deleted"": {""name"": ""alternativa"", ""object"": """"}}]"
19/11/2025 05:30:31;admin;Alteração (Editou);Considerando o texto apresentado, avalie as afirma...;[]
19/11/2025 05:06:27;admin;Alteração (Editou);Qual a principal hipótese de acometimento do bebê ...;"[{""changed"": {""fields"": [""Texto base""]}}]"
19/11/2025 05:03:05;admin;Alteração (Editou);Qual o diagnóstico mais provável?...;"[{""changed"": {""fields"": [""Texto base""]}}]"
19/11/2025 05:02:45;admin;Alteração (Editou);Qual é o diagnóstico mais provável?...;[]
19/11/2025 05:01:48;admin;Alteração (Editou);A respeito do assunto, analise as afirmativas abai...;[]
19/11/2025 04:46:45;admin;Alteração (Editou);Assinale a afirmativa correta....;[]
19/11/2025 04:40:38;admin;Alteração (Editou);Sabendo-se que o teste possui sensibilidade e espe...;"[{""deleted"": {""name"": ""alternativa"", ""object"": """"}}]"
19/11/2025 04:33:34;admin;Alteração (Editou);Considerando o texto apresentado, avalie as afirma...;[]
19/11/2025 04:33:03;admin;Alteração (Editou);Considerando o texto apresentado, avalie as afirma...;"[{""changed"": {""fields"": [""Status""]}}, {""changed"": {""name"": ""alternativa"", ""object"": ""O SISAB est\u00e1 vigente para fins de financiamento federal e ades\u00e3o das equipes aos programas e estrat\u00e9gias definidos pela Pol\u00edtica Nacional de Aten\u00e7\u00e3o B\u00e1sica (PNAB)."", ""fields"": [""Texto""]}}, {""changed"": {""name"": ""alternativa"", ""object"": ""O SISAB comp\u00f5e a estrat\u00e9gia e-SUS Aten\u00e7\u00e3o Prim\u00e1ria, contribuindo para a qualifica\u00e7\u00e3o da gest\u00e3o da informa\u00e7\u00e3o, a automa\u00e7\u00e3o dos processos e a melhoria da infraestrutura tecnol\u00f3gica das equipes."", ""fields"": [""Texto""]}}, {""changed"": {""name"": ""alternativa"", ""object"": ""O SISAB tem como finalidade substituir os sistemas de vigil\u00e2ncia epidemiol\u00f3gica ao disponibilizar an\u00e1lises prontas sobre a situa\u00e7\u00e3o sanit\u00e1ria e todos os indicadores de sa\u00fade do territ\u00f3rio."", ""fields"": [""Texto""]}}]"
19/11/2025 04:30:20;admin;Alteração (Editou);Considerando o texto apresentado, avalie as afirma...;"[{""changed"": {""fields"": [""Status""]}}, {""changed"": {""name"": ""alternativa"", ""object"": ""Compete ao Distrito Sanit\u00e1rio supervisionar, analisar e avaliar os servi\u00e7os de sa\u00fade da \u00e1rea de abrang\u00eancia, utilizando indicadores para orientar prioridades e necessidades sanit\u00e1rias."", ""fields"": [""Texto""]}}, {""changed"": {""name"": ""alternativa"", ""object"": ""Cabe ao Distrito Sanit\u00e1rio coordenar os setores e profissionais de refer\u00eancia t\u00e9cnica para \u00e1reas estrat\u00e9gicas da APS, apoiar investiga\u00e7\u00f5es de agravos e viabilizar a\u00e7\u00f5es de vigil\u00e2ncia, controle e preven\u00e7\u00e3o no territ\u00f3rio."", ""fields"": [""Texto""]}}, {""changed"": {""name"": ""alternativa"", ""object"": ""O Distrito Sanit\u00e1rio assume diretamente a execu\u00e7\u00e3o das a\u00e7\u00f5es de vigil\u00e2ncia epidemiol\u00f3gica, ambiental e sanit\u00e1ria, substituindo as fun\u00e7\u00f5es espec\u00edficas dos setores da Secretaria Municipal de Sa\u00fade."", ""fields"": [""Texto""]}}, {""changed"": {""name"": ""alternativa"", ""object"": ""O Distrito Sanit\u00e1rio tem como finalidade executar de forma direta as atividades de manuten\u00e7\u00e3o predial, assist\u00eancia farmac\u00eautica, educa\u00e7\u00e3o permanente e organiza\u00e7\u00e3o dos fluxos cl\u00ednicos das USF, assumindo responsabilidades operacionais pr\u00f3prias das unidades."", ""fields"": [""Texto""]}}]"
19/11/2025 04:29:22;admin;Alteração (Editou);O caso demonstra falha no processo de acolhimento,...;"[{""changed"": {""fields"": [""Status""]}}]"
19/11/2025 04:28:31;admin;Alteração (Editou);Considerando o papel das salas de situação, assina...;"[{""changed"": {""fields"": [""Status""]}}]"
19/11/2025 04:26:53;admin;Alteração (Editou);Sabendo-se que o teste possui sensibilidade e espe...;[]
19/11/2025 00:16:39;admin;Alteração (Editou);Considerando o diagnóstico e o fator de risco iden...;[]
19/11/2025 00:13:53;admin;Alteração (Editou);Com base nos dados apresentados, qual é o principa...;[]
19/11/2025 00:11:46;admin;Alteração (Editou);Com base no quadro clínico e nos resultados gasomé...;[]
19/11/2025 00:09:59;admin;Alteração (Editou);Considerando os critérios de Berlim para o diagnós...;[]
19/11/2025 00:06:52;admin;Alteração (Editou);Sobre este achado, podemos afirmar:...;[]
19/11/2025 00:06:12;admin;Alteração (Editou);Sobre este achado, podemos afirmar :...;[]
18/11/2025 19:47:36;admin;Alteração (Editou);Sabendo-se que o teste possui sensibilidade e espe...;[]
18/11/2025 19:44:28;admin;Alteração (Editou);Com base nesses dados, assinale a alternativa corr...;[]
18/11/2025 19:44:08;admin;Alteração (Editou);Em relação aos programas de rastreamento populacio...;[]
18/11/2025 19:41:31;admin;Alteração (Editou);Diante do caso em tela assinale a alternativa CORR...;[]
18/11/2025 19:41:26;admin;Alteração (Editou);Diante do caso em tela assinale a alternativa CORR...;[]
18/11/2025 19:40:29;admin;Alteração (Editou);Diante do caso em tela assinale a alternativa CORR...;"[{""changed"": {""fields"": [""Texto base"", ""Enunciado""]}}]"
18/11/2025 19:40:02;admin;Alteração (Editou);Diante do caso em tela assinale a alternatica CORR...;"[{""changed"": {""fields"": [""Tipo questao"", ""Enunciado""]}}]"
18/11/2025 19:39:13;admin;Alteração (Editou);Sobre o caso e a matéria envolvida, escolha a alte...;[]
18/11/2025 19:39:09;admin;Alteração (Editou);Sobre o caso e a matéria envolvida, escolha a alte...;[]
18/11/2025 19:38:51;admin;Alteração (Editou);Sobre o caso e a matéria envolvida, escolha a alte...;"[{""changed"": {""fields"": [""Tipo questao""]}}]"
18/11/2025 19:37:27;admin;Alteração (Editou);Considerando o texto apresentado, assinale a alter...;[]
18/11/2025 19:37:04;admin;Alteração (Editou);Considerando o texto apresentado, assinale a alter...;"[{""changed"": {""fields"": [""Tipo questao"", ""Texto base""]}}]"
18/11/2025 19:33:53;admin;Alteração (Editou);A respeito do assunto, analise as afirmativas abai...;[]
18/11/2025 19:33:29;admin;Alteração (Editou);Assinale a afirmativa correta....;[]
18/11/2025 19:29:17;admin;Alteração (Editou);Com base nos princípios éticos e legais que regem ...;"[{""changed"": {""fields"": [""Tipo questao""]}}]"
18/11/2025 19:28:20;admin;Alteração (Editou);Diante das disposições da Resolução CFM nº 2.336/2...;[]
18/11/2025 19:28:14;admin;Alteração (Editou);Com base no Código de Ética Médica (Resolução CFM ...;[]
18/11/2025 19:28:07;admin;Alteração (Editou);Com base nas normas éticas do Conselho Federal de ...;[]
18/11/2025 19:27:20;admin;Alteração (Editou);Diante das disposições da Resolução CFM nº 2.336/2...;[]
18/11/2025 19:27:07;admin;Alteração (Editou);Diante das disposições da Resolução CFM nº 2.336/2...;[]
18/11/2025 19:26:27;admin;Alteração (Editou);Diante das disposições da Resolução CFM nº 2.336/2...;"[{""changed"": {""fields"": [""Tipo questao""]}}]"
18/11/2025 19:25:53;admin;Alteração (Editou);Com base no Código de Ética Médica (Resolução CFM ...;[]
18/11/2025 19:25:43;admin;Alteração (Editou);Com base no Código de Ética Médica (Resolução CFM ...;[]
18/11/2025 19:25:11;admin;Alteração (Editou);Com base no Código de Ética Médica (Resolução CFM ...;"[{""changed"": {""fields"": [""Tipo questao""]}}]"
18/11/2025 19:24:17;admin;Alteração (Editou);Com base nas normas éticas do Conselho Federal de ...;[]
18/11/2025 19:23:48;admin;Alteração (Editou);Com base nos princípios da colaboração interprofis...;"[{""changed"": {""fields"": [""Tipo questao"", ""Texto base"", ""Enunciado""]}}]"
18/11/2025 19:22:10;admin;Alteração (Editou);Com base na perspectiva da Saúde Planetária e nos ...;[]
18/11/2025 19:21:45;admin;Alteração (Editou);Com base no conceito de Saúde Planetária e nas atr...;"[{""changed"": {""fields"": [""Texto base"", ""Enunciado"", ""Justificativa""]}}]"
18/11/2025 19:20:46;admin;Alteração (Editou);Com base na perspectiva da Saúde Planetária e nos ...;"[{""changed"": {""fields"": [""Texto base"", ""Enunciado"", ""Justificativa""]}}]"
18/11/2025 19:19:43;admin;Alteração (Editou);Com base nas competências necessárias para o médic...;"[{""changed"": {""fields"": [""Texto base"", ""Enunciado""]}}]"
18/11/2025 19:17:31;admin;Alteração (Editou);Considerando o texto apresentado, avalie as afirma...;[]
18/11/2025 18:14:47;admin;Alteração (Editou);Como é denominada essa estrutura organizada que co...;"[{""changed"": {""fields"": [""Texto base"", ""Enunciado"", ""Justificativa""]}}, {""changed"": {""name"": ""alternativa"", ""object"": ""Biofilme"", ""fields"": [""Texto"", ""Eh correta""]}}, {""changed"": {""name"": ""alternativa"", ""object"": ""C\u00e1psula"", ""fields"": [""Texto""]}}, {""changed"": {""name"": ""alternativa"", ""object"": ""End\u00f3sporo"", ""fields"": [""Texto""]}}, {""changed"": {""name"": ""alternativa"", ""object"": ""Plasm\u00eddeo"", ""fields"": [""Texto"", ""Eh correta""]}}, {""changed"": {""name"": ""alternativa"", ""object"": ""Pili"", ""fields"": [""Texto""]}}]"
18/11/2025 18:09:15;admin;Alteração (Editou);Considerando os padrões morfológicos da inflamação...;"[{""changed"": {""fields"": [""Texto base"", ""Enunciado"", ""Justificativa""]}}, {""changed"": {""name"": ""alternativa"", ""object"": ""Inflama\u00e7\u00e3o Fibrinosa."", ""fields"": [""Eh correta""]}}, {""changed"": {""name"": ""alternativa"", ""object"": ""Inflama\u00e7\u00e3o Supurativa (Purulenta)."", ""fields"": [""Eh correta""]}}]"
18/11/2025 16:58:28;admin;Alteração (Editou);Considerando o cenário apresentado e a estabilizaç...;[]
18/11/2025 16:49:00;admin;Alteração (Editou);I. A abordagem imediata para este paciente deve fo...;"[{""changed"": {""fields"": [""Texto base"", ""Enunciado"", ""Justificativa""]}}]"
18/11/2025 16:40:37;admin;Alteração (Editou);Considerando o cenário apresentado e a estabilizaç...;"[{""changed"": {""name"": ""alternativa"", ""object"": ""Iniciar infus\u00e3o de Norepinefrina para corrigir a hipotens\u00e3o arterial."", ""fields"": [""Eh correta""]}}, {""changed"": {""name"": ""alternativa"", ""object"": ""Administrar Atropina em bolus para tratar a bradicardia e a hipersecre\u00e7\u00e3o."", ""fields"": [""Eh correta""]}}]"
18/11/2025 16:22:48;admin;Alteração (Editou);Considerando o caso e os princípios da medicina ba...;[]
18/11/2025 16:21:47;admin;Alteração (Editou);Considerando o cenário apresentado e a estabilizaç...;[]
18/11/2025 16:14:21;admin;Alteração (Editou);Considerando o quadro clínico, exames laboratoriai...;"[{""changed"": {""fields"": [""Texto base""]}}, {""changed"": {""name"": ""alternativa"", ""object"": ""Delirium por colecistite aguda; antibioticoterapia, hidrata\u00e7\u00e3o e manejo n\u00e3o farmacol\u00f3gico do delirium."", ""fields"": [""Eh correta""]}}]"
18/11/2025 16:10:26;admin;Alteração (Editou);De acordo com o quadro apresentado pela paciente e...;[]
18/11/2025 16:09:38;admin;Alteração (Editou);Com base no caso descrito, analise as afirmativas ...;[]
18/11/2025 16:02:02;admin;Alteração (Editou);Qual das assertivas abaixo Maria deve receber, con...;[]
18/11/2025 16:01:49;admin;Alteração (Editou);Qual das assertivas abaixo Maria deve receber, con...;"[{""changed"": {""fields"": [""Texto base""]}}]"
18/11/2025 16:01:26;admin;Alteração (Editou);Marque qual é a recomendação para uma criança aos ...;"[{""changed"": {""fields"": [""Texto base""]}}]"
18/11/2025 16:00:22;admin;Alteração (Editou);Qual dos sinais é mais sugestivo de violência físi...;"[{""changed"": {""fields"": [""Texto base""]}}]"
18/11/2025 15:59:21;admin;Alteração (Editou);Qual conduta é obrigatória para o profissional de ...;"[{""changed"": {""fields"": [""Texto base""]}}]"
18/11/2025 15:58:29;admin;Alteração (Editou);Qual é o diagnóstico mais provável?...;[]
18/11/2025 15:58:12;admin;Alteração (Editou);Qual é o diagnóstico mais provável?...;"[{""changed"": {""fields"": [""Texto base""]}}]"
18/11/2025 15:57:12;admin;Alteração (Editou);Qual das opções abaixo representa o tratamento ade...;[]
18/11/2025 15:56:41;admin;Alteração (Editou);Qual das opções abaixo representa o tratamento ade...;"[{""changed"": {""fields"": [""Texto base""]}}]"
18/11/2025 15:56:01;admin;Alteração (Editou);O quadro clínico é compatível com:...;"[{""changed"": {""fields"": [""Texto base""]}}]"
18/11/2025 15:55:19;admin;Alteração (Editou);Qual a hipótese diagnóstica mais provável no caso ...;[]
18/11/2025 15:54:45;admin;Alteração (Editou);Qual a hipótese diagnóstica mais provável no caso ...;"[{""changed"": {""fields"": [""Texto base""]}}]"
18/11/2025 15:54:09;admin;Alteração (Editou);Considerando o caso apresentado, qual é a medida m...;"[{""changed"": {""fields"": [""Texto base""]}}]"
18/11/2025 15:53:32;admin;Alteração (Editou);Assinale a alternativa correta sobre as medidas de...;"[{""changed"": {""fields"": [""Texto base""]}}]"
18/11/2025 15:52:53;admin;Alteração (Editou);Qual a conduta mais adequada?...;[]
18/11/2025 15:52:27;admin;Alteração (Editou);Qual a conduta mais adequada?...;"[{""changed"": {""fields"": [""Texto base""]}}]"
18/11/2025 15:52:00;admin;Alteração (Editou);Qual o tratamento ambulatorial mais adequado?...;"[{""changed"": {""fields"": [""Texto base""]}}]"
18/11/2025 15:51:39;admin;Alteração (Editou);Considerando as definições internacionais para cri...;[]
18/11/2025 15:51:30;admin;Alteração (Editou);Considerando as definições internacionais para cri...;"[{""changed"": {""fields"": [""Texto base""]}}]"
18/11/2025 15:50:59;admin;Alteração (Editou);Considerando a classificação internacional vigente...;"[{""changed"": {""fields"": [""Texto base""]}}]"
18/11/2025 15:50:16;admin;Alteração (Editou);Marque o correto:...;"[{""changed"": {""fields"": [""Texto base""]}}]"
18/11/2025 15:49:54;admin;Alteração (Editou);Considerando a faixa etária do paciente e o padrão...;"[{""changed"": {""fields"": [""Texto base""]}}]"
18/11/2025 15:49:28;admin;Alteração (Editou);Com base nas informações apresentadas, qual a inte...;"[{""changed"": {""fields"": [""Texto base""]}}]"
18/11/2025 15:49:06;admin;Alteração (Editou);Considerando o quadro clínico e histórico materno ...;[]
18/11/2025 15:48:57;admin;Alteração (Editou);Considerando o quadro clínico e histórico materno ...;"[{""changed"": {""fields"": [""Texto base""]}}]"
18/11/2025 15:48:27;admin;Alteração (Editou);Segundo as diretrizes nacionais e internacionais, ...;"[{""changed"": {""fields"": [""Texto base""]}}, {""changed"": {""name"": ""alternativa"", ""object"": ""a)  Manter jejum at\u00e9 cessarem as evacua\u00e7\u00f5es e, depois, reintroduzir dieta normal gradualmente."", ""fields"": [""Texto""]}}]"
18/11/2025 15:47:34;admin;Alteração (Editou);Com base nesse quadro clínico, qual é o diagnóstic...;"[{""changed"": {""fields"": [""Texto base""]}}]"
18/11/2025 15:46:07;admin;Alteração (Editou);A melhor conduta, no momento, é:...;"[{""changed"": {""fields"": [""Texto base""]}}]"
18/11/2025 15:45:36;admin;Alteração (Editou);Quanto aos sintomas apresentados pela paciente, é ...;"[{""changed"": {""fields"": [""Texto base""]}}]"
18/11/2025 15:45:11;admin;Alteração (Editou);De acordo com o caso clínico acima, assinale a alt...;[]
18/11/2025 15:40:38;admin;Alteração (Editou);Sabendo-se que o teste possui sensibilidade e espe...;[]
18/11/2025 15:34:03;admin;Alteração (Editou);Considerando o texto apresentado, assinale a alter...;[]
18/11/2025 15:24:42;admin;Alteração (Editou);Assinale a afirmativa correta....;[]
18/11/2025 15:18:55;admin;Alteração (Editou);Assinale a afirmativa correta....;"[{""changed"": {""fields"": [""Tipo questao"", ""Texto base"", ""Enunciado""]}}]"
18/11/2025 15:05:48;admin;Alteração (Editou);Diante do texto apresentado, avalie as afirmações ...;"[{""changed"": {""fields"": [""Tipo questao"", ""Texto base"", ""Enunciado""]}}, {""changed"": {""name"": ""alternativa"", ""object"": ""Trata-se de um aborto seguido de crime de infantic\u00eddio diante da clara inten\u00e7\u00e3o de se livrar do corpo de infante."", ""fields"": [""Texto""]}}]"
18/11/2025 14:59:43;admin;Alteração (Editou);Diante do caso em tela assinale a alternatica CORR...;"[{""changed"": {""fields"": [""Tipo questao"", ""Texto base"", ""Enunciado""]}}]"
18/11/2025 14:57:12;admin;Alteração (Editou);Considerando o texto apresentado, avalie as afirma...;"[{""changed"": {""name"": ""alternativa"", ""object"": ""Trata-se de infantic\u00eddio com clara inten\u00e7\u00e3o de matar o pr\u00f3prio filho durante todo o per\u00edodo de puerp\u00e9rio que afeta suas faculdades mentais."", ""fields"": [""Texto""]}}, {""changed"": {""name"": ""alternativa"", ""object"": ""Trata-se de homic\u00edcio qualificado com comprova\u00e7\u00e3o m\u00e9dico-legal realizado pelo exame da Docim\u00e1sia Hidrost\u00e1tica de Galeno verificando se o parenquima pulmonar emerge em recipiente com l\u00edquido neutro com possibilidade de redu\u00e7\u00e3o de pena."", ""fields"": [""Texto""]}}, {""changed"": {""name"": ""alternativa"", ""object"": ""Trata-se de infantic\u00eddio que \u00e9 crime de matar o pr\u00f3prio filho, praticado pela m\u00e3e sob a influ\u00eancia durante o puerp\u00e9rio nas duas primeiras semanas p\u00f3s parto."", ""fields"": [""Texto""]}}]"
18/11/2025 14:54:30;admin;Alteração (Editou);Sobre o caso e a matéria envolvida, escolha a alte...;"[{""changed"": {""fields"": [""Texto base"", ""Enunciado""]}}]"
18/11/2025 14:53:18;admin;Alteração (Editou);Considerando o texto apresentado, assinale a alter...;"[{""changed"": {""fields"": [""Enunciado""]}}]"
18/11/2025 14:50:00;admin;Alteração (Editou);A respeito do assunto, analise as afirmativas abai...;[]
18/11/2025 14:46:05;admin;Alteração (Editou);A respeito do assunto, analise as afirmativas abai...;"[{""changed"": {""fields"": [""Texto base"", ""Enunciado""]}}, {""changed"": {""name"": ""alternativa"", ""object"": ""S\u00e3o sinais externos da asfixia mec\u00e2nica: cianose de face, cogumelo de espuma e Manchas de Tardieu."", ""fields"": [""Texto""]}}, {""changed"": {""name"": ""alternativa"", ""object"": ""Sufoca\u00e7\u00e3o direta \u00e9 a modalidade de asfixia que ocorre por oclus\u00e3o da boca e das fossas nasais ou por compress\u00e3o do t\u00f3rax e abdome, impedindo os movimentos respirat\u00f3rios."", ""fields"": [""Texto"", ""Eh correta""]}}, {""changed"": {""name"": ""alternativa"", ""object"": ""S\u00e3o sinais cadav\u00e9ricos frequentes no afogamento: Manchas de Tardieu, dilui\u00e7\u00e3o do sangue."", ""fields"": [""Texto"", ""Eh correta""]}}, {""changed"": {""name"": ""alternativa"", ""object"": ""O enforcamento \u00e9 classificada como forma de asfixia mec\u00e2nica-mista uma vez que se confundem e se superp\u00f5em, em graus variados, os fen\u00f4menos circulat\u00f3rios, respirat\u00f3rios e nervosos."", ""fields"": [""Texto"", ""Eh correta""]}}, {""changed"": {""name"": ""alternativa"", ""object"": ""Na morte por estrangulamento, resultante da constri\u00e7\u00e3o do pesco\u00e7o com um la\u00e7o acionado por uma for\u00e7a estranha, o corpo da v\u00edtima, que exerce resist\u00eancia, e a for\u00e7a constritiva do la\u00e7o agem de forma ativa."", ""fields"": [""Texto""]}}]"
18/11/2025 14:35:28;admin;Alteração (Editou);Considerando o texto apresentado, avalie as afirma...;[]
18/11/2025 14:27:18;admin;Alteração (Editou);Sabendo-se que o teste possui sensibilidade e espe...;"[{""changed"": {""fields"": [""Texto base"", ""Enunciado""]}}, {""changed"": {""name"": ""alternativa"", ""object"": ""O aumento da preval\u00eancia eleva o VPP porque, em popula\u00e7\u00f5es com mais doentes, \u00e9 maior a probabilidade de um resultado positivo corresponder a um verdadeiro caso."", ""fields"": [""Texto"", ""Eh correta""]}}, {""changed"": {""name"": ""alternativa"", ""object"": ""A especificidade do teste \u00e9 maior na Popula\u00e7\u00e3o A, pois apresenta menos falsos positivos."", ""fields"": [""Texto""]}}, {""changed"": {""name"": ""alternativa"", ""object"": ""O VPN \u00e9 maior na Popula\u00e7\u00e3o A, refletindo que, em contextos de baixa preval\u00eancia, resultados negativos s\u00e3o mais confi\u00e1veis."", ""fields"": [""Texto""]}}, {""changed"": {""name"": ""alternativa"", ""object"": ""A acur\u00e1cia global do teste \u00e9 invari\u00e1vel entre as popula\u00e7\u00f5es, pois depende apenas da sensibilidade e especificidade, e n\u00e3o da preval\u00eancia."", ""fields"": [""Texto""]}}, {""changed"": {""name"": ""alternativa"", ""object"": """", ""fields"": [""Texto""]}}]"
18/11/2025 14:18:58;admin;Alteração (Editou);Em relação aos programas de rastreamento populacio...;[]
18/11/2025 14:17:34;admin;Alteração (Editou);Considerando APENAS as informações claramente expl...;"[{""changed"": {""fields"": [""Enunciado""]}}]"
18/11/2025 14:15:36;admin;Alteração (Editou);De acordo com os conceitos de Duncan sobre o ciclo...;[]
18/11/2025 13:28:33;admin;Alteração (Editou);Com base na situação descrita e nas diretrizes da ...;[]
18/11/2025 13:27:16;admin;Alteração (Editou);Com base na situação descrita e nas diretrizes da ...;"[{""changed"": {""fields"": [""Status""]}}]"
18/11/2025 13:26:41;admin;Alteração (Editou);Com base na situação descrita e nas diretrizes da ...;[]
18/11/2025 13:25:32;admin;Alteração (Editou);I.	A análise combinada de dados ambientais e epide...;"[{""changed"": {""fields"": [""Status""]}}]"
18/11/2025 13:23:44;admin;Alteração (Editou);Com base no cenário apresentado, o principal desaf...;"[{""changed"": {""fields"": [""Status""]}}]"
18/11/2025 13:23:03;admin;Alteração (Editou);Com base nos princípios da Política Nacional de Hu...;"[{""changed"": {""fields"": [""Status""]}}]"
18/11/2025 13:22:50;admin;Alteração (Editou);Com base nos princípios da Política Nacional de Hu...;[]
18/11/2025 12:45:39;admin;Alteração (Editou);Considerando o texto apresentado, avalie as afirma...;[]
18/11/2025 12:43:45;admin;Alteração (Editou);Com base nesta matriz, qual das alternativas abaix...;[]
18/11/2025 12:42:52;admin;Alteração (Editou);Considere as seguintes afirmações sobre a aplicaçã...;"[{""changed"": {""fields"": [""Tipo questao"", ""Texto base"", ""Enunciado""]}}, {""changed"": {""name"": ""alternativa"", ""object"": ""Texto para Voz (TTS): A voz sintetizada para o paciente idoso deve ser personalizada com pausas estrat\u00e9gicas e tom calmante, vantagens que um \u00e1udio gen\u00e9rico pr\u00e9-gravado n\u00e3o pode oferecer de forma din\u00e2mica."", ""fields"": [""Texto"", ""Eh correta""]}}, {""changed"": {""name"": ""alternativa"", ""object"": ""Texto para Imagem (T2I): Para visualizar a anatomia de uma tomografia no planejamento cir\u00fargico, um modelo de IA gen\u00e9rico (ex: DALL-E) \u00e9 mais adequado por sua criatividade, enquanto um modelo especializado em imagens m\u00e9dicas poderia introduzir um risco de imprecis\u00e3o anat\u00f4mica."", ""fields"": [""Texto""]}}, {""changed"": {""name"": ""alternativa"", ""object"": ""Texto para V\u00eddeo (T2V): Um prompt eficaz para um v\u00eddeo sobre aterosclerose deve incluir: \""V\u00eddeo em estilo de anima\u00e7\u00e3o m\u00e9dica realista, mostrando o ac\u00famulo progressivo de placa de gordura no interior de uma art\u00e9ria coron\u00e1ria, levando a um estreitamento significativo do l\u00famen vascular.\"""", ""fields"": [""Texto""]}}, {""changed"": {""name"": ""alternativa"", ""object"": ""Considera\u00e7\u00f5es \u00c9ticas: Dois desafios prim\u00e1rios s\u00e3o a possibilidade de os modelos gerarem informa\u00e7\u00f5es imprecisas (\""alucina\u00e7\u00f5es\"") que exigem valida\u00e7\u00e3o m\u00e9dica, e a viola\u00e7\u00e3o da privacidade de dados de pacientes usados para treinar esses sistemas."", ""fields"": [""Texto"", ""Eh correta""]}}, {""changed"": {""name"": ""alternativa"", ""object"": """", ""fields"": [""Texto""]}}]"
18/11/2025 12:32:13;admin;Alteração (Editou);Com base nos achados, assinale a alternativa corre...;[]
18/11/2025 12:32:01;admin;Alteração (Editou);Com base nos achados, assinale a alternativa corre...;[]
18/11/2025 12:31:43;admin;Alteração (Editou);Com base nos achados, assinale a alternativa corre...;[]
18/11/2025 12:30:42;admin;Alteração (Editou);Considerando os critérios diagnósticos de MASLD, a...;"[{""changed"": {""fields"": [""Tipo questao"", ""Texto base"", ""Enunciado""]}}, {""changed"": {""name"": ""alternativa"", ""object"": ""O diagn\u00f3stico de MASLD exige tr\u00eas ou mais crit\u00e9rios da s\u00edndrome metab\u00f3lica; portanto, este caso s\u00f3 seria classificado como MASLD se houvesse tamb\u00e9m HDL baixo."", ""fields"": [""Texto""]}}, {""changed"": {""name"": ""alternativa"", ""object"": ""ALT discretamente elevada exclui esteato-hepatite e risco de fibrose significativa quando as plaquetas est\u00e3o \u2265 150 \u00d7 10\u2079/L."", ""fields"": [""Texto""]}}, {""changed"": {""name"": ""alternativa"", ""object"": ""O FIB-4 = 3,15 (valor normal < 1,3) indica alta probabilidade de fibrose avan\u00e7ada, devendo priorizar avalia\u00e7\u00e3o adicional; contudo, o risco cardiovascular global permanece o principal determinante de mortalidade em MASLD."", ""fields"": [""Texto""]}}, {""changed"": {""name"": ""alternativa"", ""object"": ""A confirma\u00e7\u00e3o por bi\u00f3psia hep\u00e1tica \u00e9 mandat\u00f3ria sempre que o ultrassom mostrar esteatose em paciente diab\u00e9tico, independentemente dos escores."", ""fields"": [""Texto""]}}, {""changed"": {""name"": ""alternativa"", ""object"": ""O diagn\u00f3stico de fibrose \u00e9 definido apenas pela presen\u00e7a de esteatose hep\u00e1tica e deve ser tratado com perda de peso e uso de vitamina E, pioglitazona e agonistas de GLP-1."", ""fields"": [""Texto""]}}]"
18/11/2025 12:28:22;admin;Alteração (Editou);Com base nos critérios de Roma IV, analise as asse...;"[{""changed"": {""fields"": [""Texto base"", ""Enunciado"", ""Justificativa""]}}, {""changed"": {""name"": ""alternativa"", ""object"": ""A aus\u00eancia de altera\u00e7\u00f5es estruturais na colonoscopia exclui o diagn\u00f3stico de SII."", ""fields"": [""Texto""]}}, {""changed"": {""name"": ""alternativa"", ""object"": ""Dor abdominal recorrente, em m\u00e9dia \u2265 1 dia/semana nos \u00faltimos 3 meses, associada a altera\u00e7\u00f5es do h\u00e1bito intestinal, define SII."", ""fields"": [""Texto""]}}, {""changed"": {""name"": ""alternativa"", ""object"": ""A conduta inicial inclui dieta rica em fibras, hidrata\u00e7\u00e3o, manejo do estresse e atividade f\u00edsica."", ""fields"": [""Texto"", ""Eh correta""]}}, {""changed"": {""name"": ""alternativa"", ""object"": """", ""fields"": [""Texto""]}}, {""changed"": {""name"": ""alternativa"", ""object"": """", ""fields"": [""Texto""]}}]"
18/11/2025 12:18:23;admin;Alteração (Editou);Diante da suspeita de DII, assinale a alternativa ...;"[{""changed"": {""fields"": [""Tipo questao"", ""Texto base"", ""Enunciado"", ""Justificativa""]}}]"
18/11/2025 12:16:52;admin;Alteração (Editou);Com base nos achados, assinale a alternativa corre...;"[{""changed"": {""fields"": [""Tipo questao"", ""Texto base"", ""Enunciado""]}}, {""changed"": {""name"": ""alternativa"", ""object"": ""Padr\u00e3o colest\u00e1tico, sugerindo hepatite medicamentosa."", ""fields"": [""Texto""]}}, {""changed"": {""name"": ""alternativa"", ""object"": ""Padr\u00e3o hepatocelular, t\u00edpico de hepatite viral aguda."", ""fields"": [""Texto""]}}, {""changed"": {""name"": ""alternativa"", ""object"": ""Albumina e INR n\u00e3o avaliam fun\u00e7\u00e3o hep\u00e1tica."", ""fields"": [""Texto""]}}, {""changed"": {""name"": ""alternativa"", ""object"": ""Quadro compat\u00edvel com hepatite C."", ""fields"": [""Texto""]}}, {""changed"": {""name"": ""alternativa"", ""object"": ""Bilirrubina direta elevada exclui les\u00e3o hepatocelular."", ""fields"": [""Texto""]}}]"
18/11/2025 12:15:43;admin;Alteração (Editou);Com base nos achados, assinale a alternativa corre...;"[{""changed"": {""fields"": [""Tipo questao"", ""Texto base"", ""Enunciado""]}}, {""changed"": {""name"": ""alternativa"", ""object"": ""Imunidade natural ao HBV + infec\u00e7\u00e3o cr\u00f4nica pelo HCV."", ""fields"": [""Texto""]}}, {""changed"": {""name"": ""alternativa"", ""object"": ""Imunidade p\u00f3s-vacinal + hepatite C resolvida."", ""fields"": [""Texto""]}}, {""changed"": {""name"": ""alternativa"", ""object"": ""Hepatite B aguda em janela imunol\u00f3gica."", ""fields"": [""Texto""]}}, {""changed"": {""name"": ""alternativa"", ""object"": ""Coinfec\u00e7\u00e3o B e C ativas."", ""fields"": [""Texto""]}}, {""changed"": {""name"": ""alternativa"", ""object"": ""HBeAg positivo e HCV-RNA detect\u00e1vel = replica\u00e7\u00e3o dupla."", ""fields"": [""Texto""]}}]"
18/11/2025 12:14:30;admin;Alteração (Editou);Com base nos achados, assinale a alternativa corre...;"[{""changed"": {""fields"": [""Tipo questao"", ""Texto base"", ""Enunciado""]}}, {""changed"": {""name"": ""alternativa"", ""object"": ""L\u00edquido exsudativo, indicando PBE."", ""fields"": [""Texto""]}}, {""changed"": {""name"": ""alternativa"", ""object"": ""GASA > 1,1 e prote\u00edna < 2,5 \u2192 ascite por hipertens\u00e3o portal."", ""fields"": [""Texto""]}}, {""changed"": {""name"": ""alternativa"", ""object"": ""320 c\u00e9l/mm\u00b3 (25 % neutr\u00f3filos) \u2192 PBE confirmada."", ""fields"": [""Texto""]}}, {""changed"": {""name"": ""alternativa"", ""object"": ""Eleva\u00e7\u00e3o da creatinina caracteriza IRA pr\u00e9-renal sem rela\u00e7\u00e3o hep\u00e1tica."", ""fields"": [""Texto""]}}, {""changed"": {""name"": ""alternativa"", ""object"": ""SHR tipo 1 s\u00f3 com creatinina > 3 mg/dL e olig\u00faria."", ""fields"": [""Texto""]}}]"
18/11/2025 12:11:57;admin;Alteração (Editou);Considerando o quadro clínico e laboratorial, assi...;"[{""changed"": {""fields"": [""Texto base"", ""Enunciado""]}}]"
18/11/2025 12:09:51;admin;Alteração (Editou);Com base no caso clínico e nos diagnósticos difere...;"[{""changed"": {""fields"": [""Tipo questao"", ""Enunciado""]}}, {""changed"": {""name"": ""alternativa"", ""object"": ""A presen\u00e7a de divert\u00edculos e inflama\u00e7\u00e3o local exclui a possibilidade de neoplasia."", ""fields"": [""Texto""]}}, {""changed"": {""name"": ""alternativa"", ""object"": ""O aumento do CEA e a perda ponderal sugerem neoplasia colorretal associada \u00e0 doen\u00e7a diverticular."", ""fields"": [""Texto""]}}, {""changed"": {""name"": ""alternativa"", ""object"": ""A anemia ferropriva \u00e9 incomum em neoplasias do c\u00f3lon esquerdo."", ""fields"": [""Texto""]}}, {""changed"": {""name"": ""alternativa"", ""object"": ""A colonoscopia \u00e9 contraindicada em pacientes com hist\u00f3rico de diverticulite pr\u00e9via."", ""fields"": [""Texto""]}}, {""changed"": {""name"": ""alternativa"", ""object"": ""A diverticulite \u00e9 a principal causa de estenose sigmoideana maligna."", ""fields"": [""Texto""]}}]"
18/11/2025 12:02:58;admin;Alteração (Editou);Considerando o quadro apresentado acima, assinale ...;"[{""changed"": {""name"": ""alternativa"", ""object"": ""Cistos simples s\u00e3o comuns em indiv\u00edduos jovens e est\u00e3o relacionados a nefrolit\u00edase, hemat\u00faria, forma\u00e7\u00e3o de aneurisma cerebral e necessidade de hemodi\u00e1lise."", ""fields"": [""Eh correta""]}}, {""changed"": {""name"": ""alternativa"", ""object"": ""Cistos complexos necessitam ser classificados atrav\u00e9s da classifica\u00e7\u00e3o de Bosniak, pautada no Tomografia de Abdome, a fim de guiar a abordagem e seguimento da les\u00e3o c\u00edstica, com acompanhamento tamb\u00e9m de um urologista."", ""fields"": [""Eh correta""]}}]"
18/11/2025 12:01:11;admin;Alteração (Editou);Neste sentido, considerando o quadro apresentado a...;[]
18/11/2025 12:00:49;admin;Alteração (Editou);Considerando o quadro apresentado acima, assinale ...;[]
18/11/2025 12:00:32;admin;Alteração (Editou);Neste sentido, considerando o quadro apresentado a...;[]
18/11/2025 12:00:11;admin;Alteração (Editou);Considerando o quadro clínico descrito avalie as a...;"[{""changed"": {""fields"": [""Tipo questao"", ""Enunciado""]}}, {""changed"": {""name"": ""alternativa"", ""object"": ""Trata-se de um quadro de sepse de foco urin\u00e1rio, devendo ser iniciado antibi\u00f3tico parenteral emp\u00edrico de maior espectro, submetido a cuidados intensivos, coletado urocultura +/- hemocultura e realizado tomografia computadorizada em momento oportuno, a fim de descartar/diagnosticar pielonefrite obstrutiva, enfisematosa ou abscesso renal/perinefr\u00e9tico."", ""fields"": [""Texto"", ""Eh correta""]}}, {""changed"": {""name"": ""alternativa"", ""object"": ""Sum\u00e1rio de urina e urocultura deveriam ter sido coletados no atendimento inicial por tratar-se de infec\u00e7\u00e3o urin\u00e1ria em homem. Na presen\u00e7a de pielonefrite no homem, exame de imagem deveria ser realizado, ao menos, ambulatorialmente;"", ""fields"": [""Texto""]}}, {""changed"": {""name"": ""alternativa"", ""object"": ""Caso o paciente apresente pielonefrite obstrutiva, a abordagem do trato urin\u00e1rio com realiza\u00e7\u00e3o de nefrostomia percut\u00e2nea encontra-se contra-indicada pelo risco de dissemina\u00e7\u00e3o da infec\u00e7\u00e3o;"", ""fields"": [""Texto""]}}, {""changed"": {""name"": ""alternativa"", ""object"": ""O quadro de pielonefrite acima, sem sepse ou crit\u00e9rios de gravidade, na aus\u00eancia de contra-indica\u00e7\u00f5es ou de achados sugestivos de resist\u00eancia bacteriana a quinolonas, pode ser dado alta  tratada ambulatorialmente Levofloxacino, de forma semelhante \u00e0 Prostatite. Todavia, enquanto a Pielonefrite pode ser tratada por 7 ou mais dias, a prostatite deve ser tratada por 4-6 semanas;"", ""fields"": [""Texto"", ""Eh correta""]}}, {""changed"": {""name"": ""alternativa"", ""object"": ""Se a urocultura de entrada deste paciente fosse positiva para algum germe, trataria-se de uma bacteri\u00faria assintom\u00e1tica, que deve ser tratada apenas em gestantes, imunossuprimidos e no pr\u00e9-operat\u00f3rio de cirurgias urol\u00f3gicas com les\u00e3o de mucosa;"", ""fields"": [""Texto""]}}]"
18/11/2025 11:52:37;admin;Alteração (Editou);Com base nesse quadro, é correto afirmar:...;[]
18/11/2025 11:52:16;admin;Alteração (Editou);Com base nesse quadro e na abordagem das glomerulo...;[]
18/11/2025 11:51:21;admin;Alteração (Editou);O escore de Wells foi de 3 pontos. Qual a conduta ...;"[{""changed"": {""name"": ""alternativa"", ""object"": ""Alta hospitalar e reavalia\u00e7\u00e3o ambulatorial com exames."", ""fields"": [""Texto""]}}]"
18/11/2025 11:50:53;admin;Alteração (Editou);Considerando as recomendações atuais sobre profila...;[]
18/11/2025 11:50:31;admin;Alteração (Editou);Qual das orientações abaixo está corretamente indi...;[]
18/11/2025 11:49:57;admin;Alteração (Editou);Com base no caso clínico, assinale a alternativa I...;[]
18/11/2025 11:49:06;admin;Alteração (Editou);Considerando as recomendações atuais sobre profila...;"[{""changed"": {""fields"": [""Texto base"", ""Enunciado""]}}, {""changed"": {""name"": ""alternativa"", ""object"": ""Apenas pacientes cir\u00fargicos devem receber profilaxia para TVP."", ""fields"": [""Texto""]}}, {""changed"": {""name"": ""alternativa"", ""object"": ""Profilaxia mec\u00e2nica deve ser evitada em pacientes com contraindica\u00e7\u00e3o a anticoagulantes."", ""fields"": [""Texto""]}}, {""changed"": {""name"": ""alternativa"", ""object"": ""Heparina de baixo peso molecular \u00e9 contraindicada em pacientes oncol\u00f3gicos."", ""fields"": [""Texto""]}}, {""changed"": {""name"": ""alternativa"", ""object"": ""A mobiliza\u00e7\u00e3o precoce n\u00e3o interfere na preven\u00e7\u00e3o da TVP."", ""fields"": [""Texto""]}}, {""changed"": {""name"": ""alternativa"", ""object"": ""Escalas como Caprini e Padua auxiliam na estratifica\u00e7\u00e3o de risco tromb\u00f3tico."", ""fields"": [""Texto""]}}]"
18/11/2025 11:48:08;admin;Alteração (Editou);Qual das orientações abaixo está corretamente indi...;[]
18/11/2025 11:47:32;admin;Alteração (Editou);Sobre o caso, assinale a alternativa CORRETA sobre...;[]
18/11/2025 11:46:46;admin;Alteração (Editou);Realizou ECG semelhante ao apresentado em anexo. S...;[]
18/11/2025 11:46:17;admin;Alteração (Editou);Sobre o caso acima, assinale a alternativa CORRETA...;[]
18/11/2025 11:45:33;admin;Alteração (Editou);Qual das alternativas melhor descreve a fisiopatol...;[]
18/11/2025 11:44:53;admin;Alteração (Editou);Qual das alternativas melhor descreve a fisiopatol...;"[{""changed"": {""name"": ""alternativa"", ""object"": ""O quadro \u00e9 compat\u00edvel com IAMSSST, causado geralmente por oclus\u00e3o total da art\u00e9ria descendente anterior, e o tratamento imediato inclui anticoagula\u00e7\u00e3o e angioplastia eletiva."", ""fields"": [""Texto""]}}]"
18/11/2025 11:44:18;admin;Alteração (Editou);Qual das alternativas melhor descreve a fisiopatol...;"[{""changed"": {""fields"": [""Texto base"", ""Enunciado""]}}]"
18/11/2025 11:43:31;admin;Alteração (Editou);Qual das condutas abaixo está mais adequada para o...;"[{""changed"": {""fields"": [""Justificativa""]}}]"
18/11/2025 11:42:39;admin;Alteração (Editou);Sobre o tratamento da doença venosa CRÔNICA, assin...;"[{""changed"": {""fields"": [""Justificativa""]}}]"
18/11/2025 11:40:04;admin;Alteração (Editou);Qual é o mecanismo de resistência conferido pelo p...;[]
18/11/2025 11:17:38;admin;Alteração (Editou);Assinale a alternativa que contem três característ...;"[{""changed"": {""fields"": [""Status""]}}]"
18/11/2025 11:17:24;admin;Alteração (Editou);Assinale a alternativa que contem três característ...;[]
18/11/2025 11:15:50;admin;Alteração (Editou);Sobre este achado, podemos afirmar :...;"[{""changed"": {""fields"": [""Texto base""]}}]"
18/11/2025 11:14:16;admin;Alteração (Editou);Com base nas vias de carcinogênese urotelial, qual...;[]
18/11/2025 07:47:14;admin;Alteração (Editou);Quais afirmações estão CORRETAS?...;[]
18/11/2025 07:46:06;admin;Alteração (Editou);Considerando os achados clínicos, o exame de image...;"[{""changed"": {""name"": ""alternativa"", ""object"": ""Eros\u00f5es \u00f3sseas marginais, les\u00f5es osteobl\u00e1sticas e osteoporose."", ""fields"": [""Texto""]}}, {""changed"": {""name"": ""alternativa"", ""object"": ""Anquilose \u00f3ssea completa, luxa\u00e7\u00f5es e rea\u00e7\u00e3o periosteal."", ""fields"": [""Texto""]}}, {""changed"": {""name"": ""alternativa"", ""object"": ""Rea\u00e7\u00e3o periosteal e les\u00f5es osteol\u00edticas."", ""fields"": [""Texto""]}}]"
18/11/2025 07:44:32;admin;Alteração (Editou);Sobre este achado, podemos afirmar :...;"[{""changed"": {""fields"": [""Texto base""]}}]"
18/11/2025 07:43:19;admin;Alteração (Editou);Sobre este achado, podemos afirmar:...;"[{""changed"": {""fields"": [""Status"", ""Comentario validacao""]}}]"
18/11/2025 07:42:51;admin;Alteração (Editou);Sobre este achado, podemos afirmar :...;[]
18/11/2025 07:42:12;admin;Alteração (Editou);Sobre este achado, podemos afirmar:...;[]
18/11/2025 07:41:14;admin;Alteração (Editou);Sobre este achado, podemos afirmar :...;[]
18/11/2025 07:39:30;admin;Alteração (Editou);Um homem de 59 anos, hipertenso e diabético, procu...;[]
17/11/2025 17:08:03;admin;Alteração (Editou);Considerando o texto apresentado, avalie as afirma...;[]
17/11/2025 17:07:51;admin;Alteração (Editou);Considerando o texto apresentado, avalie as afirma...;[]
17/11/2025 15:55:58;admin;Alteração (Editou);Considerando o texto apresentado, avalie as afirma...;[]
17/11/2025 15:55:16;admin;Alteração (Editou);Considerando o texto apresentado, avalie as afirma...;[]
17/11/2025 15:54:47;admin;Alteração (Editou);Considerando o texto apresentado, avalie as afirma...;"[{""changed"": {""fields"": [""Justificativa""]}}]"
17/11/2025 15:53:48;admin;Alteração (Editou);Considerando o texto apresentado, avalie as afirma...;"[{""changed"": {""fields"": [""Texto base"", ""Justificativa""]}}]"
17/11/2025 15:41:52;admin;Alteração (Editou);Considerando a técnica correta para o procedimento...;[]
17/11/2025 15:41:13;admin;Alteração (Editou);Considerando a técnica correta para o procedimento...;[]
17/11/2025 15:40:49;admin;Alteração (Editou);Considerando a técnica correta para o procedimento...;"[{""changed"": {""fields"": [""Justificativa""]}}]"
17/11/2025 15:40:13;admin;Alteração (Editou);Considerando a técnica asséptica e a anatomia masc...;[]
17/11/2025 15:39:14;admin;Alteração (Editou);Considerando o protocolo de atendimento pré-hospit...;[]
17/11/2025 15:33:51;admin;Alteração (Editou);Fundamentando-se nos princípios do PHTLS para o ma...;[]
17/11/2025 15:32:57;admin;Alteração (Editou);Considerando o cenário apresentado e a estabilizaç...;[]
17/11/2025 15:25:10;admin;Alteração (Editou);Assinale a alternativa que contem três característ...;"[{""changed"": {""fields"": [""Justificativa""]}}]"
17/11/2025 15:18:57;admin;Alteração (Editou);Durante o exame cardíaco, para melhor auscultar o ...;"[{""changed"": {""fields"": [""Justificativa""]}}]"
17/11/2025 15:17:52;admin;Alteração (Editou);O ictus cordis deve ser avaliado preferencialmente...;"[{""changed"": {""fields"": [""Justificativa""]}}]"
17/11/2025 15:16:35;admin;Alteração (Editou);Considerando o achado de B3 audível no foco mitral...;"[{""changed"": {""fields"": [""Justificativa""]}}]"
17/11/2025 15:15:07;admin;Alteração (Editou);Qual dado do exame físico seria mais esperado ness...;[]
17/11/2025 15:14:35;admin;Alteração (Editou);Qual dado do exame físico seria mais esperado ness...;"[{""changed"": {""fields"": [""Justificativa""]}}]"
17/11/2025 15:13:23;admin;Alteração (Editou);Qual dos diagnósticos semiológicos é mais provável...;"[{""changed"": {""fields"": [""Justificativa""]}}]"
17/11/2025 15:12:32;admin;Alteração (Editou);Considerando o caso acima, qual alternativa melhor...;"[{""changed"": {""fields"": [""Enunciado""]}}]"
17/11/2025 15:11:09;admin;Alteração (Editou);Quais seriam os achados de exame físico/exames com...;[]
17/11/2025 15:09:56;admin;Alteração (Editou);Considerando os achados semiológicos clássicos da ...;"[{""changed"": {""fields"": [""Justificativa""]}}, {""changed"": {""name"": ""alternativa"", ""object"": ""Altera\u00e7\u00f5es tr\u00f3ficas como rarefa\u00e7\u00e3o de pelos, atrofia de pele e subcut\u00e2neo s\u00e3o raras em quadros de insufici\u00eancia arterial cr\u00f4nica."", ""fields"": [""Texto""]}}, {""changed"": {""name"": ""alternativa"", ""object"": ""O edema linf\u00e1tico \u00e9 vespertino, mole e depress\u00edvel, predominando do lado acometido."", ""fields"": [""Texto""]}}, {""changed"": {""name"": ""alternativa"", ""object"": ""Fen\u00f4meno de Raynaud se caracteriza por espasmo vascular, deflagrado por frio ou estresse, em geral trif\u00e1sico: palidez inicial (vasoespasmo), seguido de cianose e rubor (reperfus\u00e3o)."", ""fields"": [""Texto""]}}]"
17/11/2025 15:03:18;admin;Alteração (Editou);Assinale a alternativa com as manobras semiológica...;[]
17/11/2025 15:01:21;admin;Alteração (Editou);O evento descrito exemplifica um padrão de transmi...;[]
17/11/2025 14:59:11;admin;Alteração (Editou);Diante dessa situação, a análise integrada dos sis...;[]
17/11/2025 14:57:08;admin;Alteração (Editou);Considerando os conceitos epidemiológicos e os mét...;[]
17/11/2025 14:54:54;admin;Alteração (Editou);Considerando o texto apresentado, avalie as afirma...;"[{""changed"": {""name"": ""alternativa"", ""object"": ""A febre amarela e a raiva humana devem ser notificadas imediatamente (at\u00e9 24h), por se tratar de doen\u00e7as de alta letalidade e relev\u00e2ncia para a sa\u00fade p\u00fablica."", ""fields"": [""Texto""]}}, {""changed"": {""name"": ""alternativa"", ""object"": ""A esporotricose humana, passou a integrar a lista de notifica\u00e7\u00e3o semanal, aplic\u00e1vel a todos os servi\u00e7os p\u00fablicos e privados do pa\u00eds."", ""fields"": [""Texto""]}}, {""changed"": {""name"": ""alternativa"", ""object"": ""A hansen\u00edase e a tuberculose s\u00e3o agravos de notifica\u00e7\u00e3o imediata, devido \u00e0 sua transmissibilidade e \u00e0 necessidade de in\u00edcio precoce do tratamento."", ""fields"": [""Texto""]}}, {""changed"": {""name"": ""alternativa"", ""object"": ""A doen\u00e7a aguda pelo v\u00edrus Zika em gestante e a Mpox s\u00e3o de notifica\u00e7\u00e3o imediata, independentemente da ocorr\u00eancia de surto."", ""fields"": [""Texto""]}}, {""changed"": {""name"": ""alternativa"", ""object"": ""As viol\u00eancias dom\u00e9stica e sexual s\u00e3o de notifica\u00e7\u00e3o compuls\u00f3ria semanal, devendo ser comunicadas por todos os servi\u00e7os de sa\u00fade."", ""fields"": [""Texto""]}}]"
17/11/2025 14:40:09;admin;Alteração (Editou);Com base nos princípios éticos e legais que regem ...;"[{""changed"": {""fields"": [""Justificativa""]}}]"
17/11/2025 14:37:55;admin;Alteração (Editou);Diante das disposições da Resolução CFM nº 2.336/2...;"[{""changed"": {""fields"": [""Justificativa""]}}, {""changed"": {""name"": ""alternativa"", ""object"": ""A divulga\u00e7\u00e3o de pre\u00e7os e promo\u00e7\u00f5es \u00e9 l\u00edcita se tiver car\u00e1ter informativo e objetivo de ampliar o acesso ao tratamento, sendo considerada uma estrat\u00e9gia leg\u00edtima de comunica\u00e7\u00e3o em sa\u00fade."", ""fields"": [""Texto""]}}]"
17/11/2025 14:34:05;admin;Alteração (Editou);Com base no Código de Ética Médica (Resolução CFM ...;"[{""changed"": {""fields"": [""Justificativa""]}}]"
17/11/2025 14:25:45;admin;Alteração (Editou);Com base nas normas éticas do Conselho Federal de ...;"[{""changed"": {""fields"": [""Justificativa""]}}, {""changed"": {""name"": ""alternativa"", ""object"": ""A conduta \u00e9 \u00e9tica, desde que o m\u00e9dico declare no in\u00edcio da palestra que atua como speaker patrocinado, garantindo transpar\u00eancia, ainda que o medicamento n\u00e3o tenha aprova\u00e7\u00e3o da ANVISA para aquela indica\u00e7\u00e3o."", ""fields"": [""Texto""]}}]"
17/11/2025 14:21:52;admin;Alteração (Editou);Considerando o contexto apresentado, e com base no...;[]
17/11/2025 14:19:19;admin;Alteração (Editou);A efetividade da Linha de Cuidado em Saúde Mental ...;[]
17/11/2025 14:18:52;admin;Alteração (Editou);A efetividade da Linha de Cuidado em Saúde Mental ...;[]
17/11/2025 14:17:39;admin;Alteração (Editou);Considerando a conduta da médica, a função central...;[]
17/11/2025 14:16:45;admin;Alteração (Editou);Considerando as dimensões de atuação da Política N...;[]
17/11/2025 14:15:16;admin;Alteração (Editou);Com base no cenário apresentado, qual representa a...;[]
17/11/2025 14:14:10;admin;Alteração (Editou);Considerando os princípios que norteiam as Linhas ...;"[{""changed"": {""fields"": [""Justificativa""]}}]"
17/11/2025 14:07:48;admin;Alteração (Editou);Que interação é esta mencionada no texto?...;"[{""changed"": {""name"": ""alternativa"", ""object"": ""Liga\u00e7\u00e3o do CD28 (no linf\u00f3cito B) com o B7 (no Tfh)."", ""fields"": [""Texto""]}}, {""changed"": {""name"": ""alternativa"", ""object"": ""Liga\u00e7\u00e3o do CD40 (no linf\u00f3cito B) com o CD40L (no Tfh)."", ""fields"": [""Texto""]}}, {""changed"": {""name"": ""alternativa"", ""object"": ""Liga\u00e7\u00e3o do PD-1 (no Tfh) com o PD-L1 (no linf\u00f3cito B)."", ""fields"": [""Texto""]}}, {""changed"": {""name"": ""alternativa"", ""object"": ""Reconhecimento do ant\u00edgeno nativo pelo BCR (no linf\u00f3cito B)."", ""fields"": [""Texto""]}}, {""changed"": {""name"": ""alternativa"", ""object"": ""Secre\u00e7\u00e3o de IL-21 pelo linf\u00f3cito B para ativar o Tfh."", ""fields"": [""Texto""]}}]"
17/11/2025 14:06:55;admin;Alteração (Editou);Qual classe de imunoglobulina é a principal respon...;"[{""changed"": {""name"": ""alternativa"", ""object"": ""IgG."", ""fields"": [""Texto""]}}, {""changed"": {""name"": ""alternativa"", ""object"": ""IgM."", ""fields"": [""Texto""]}}, {""changed"": {""name"": ""alternativa"", ""object"": ""IgE."", ""fields"": [""Texto""]}}, {""changed"": {""name"": ""alternativa"", ""object"": ""IgA (secretora)."", ""fields"": [""Texto""]}}, {""changed"": {""name"": ""alternativa"", ""object"": ""IgD."", ""fields"": [""Texto""]}}]"
17/11/2025 14:06:04;admin;Alteração (Editou);Com base na descrição histopatológica, qual padrão...;[]
17/11/2025 14:05:44;admin;Alteração (Editou);Com base na descrição histopatológica, qual padrão...;"[{""changed"": {""name"": ""alternativa"", ""object"": ""Inflama\u00e7\u00e3o Serosa."", ""fields"": [""Texto""]}}, {""changed"": {""name"": ""alternativa"", ""object"": ""Inflama\u00e7\u00e3o Fibrinosa."", ""fields"": [""Texto""]}}, {""changed"": {""name"": ""alternativa"", ""object"": ""Inflama\u00e7\u00e3o Supurativa (Purulenta)."", ""fields"": [""Texto""]}}, {""changed"": {""name"": ""alternativa"", ""object"": ""Inflama\u00e7\u00e3o Ulcerativa."", ""fields"": [""Texto""]}}, {""changed"": {""name"": ""alternativa"", ""object"": ""Inflama\u00e7\u00e3o Cr\u00f4nica Granulomatosa."", ""fields"": [""Texto""]}}]"
17/11/2025 14:04:36;admin;Alteração (Editou);Qual é o mecanismo pelo qual os macrófagos, sob a ...;"[{""changed"": {""name"": ""alternativa"", ""object"": ""Ativando a via cl\u00e1ssica (M1), levando \u00e0 produ\u00e7\u00e3o de esp\u00e9cies reativas de oxig\u00eanio (EROS) que estimulam fibroblastos."", ""fields"": [""Texto""]}}, {""changed"": {""name"": ""alternativa"", ""object"": ""Secretando grandes quantidades de IL-1 e TNF-\u03b1, que induzem diretamente a s\u00edntese de col\u00e1geno pelos fibroblastos."", ""fields"": [""Texto""]}}, {""changed"": {""name"": ""alternativa"", ""object"": ""Diferenciando-se em c\u00e9lulas epitelioides para formar granulomas, que servem de arcabou\u00e7o para o col\u00e1geno."", ""fields"": [""Texto""]}}, {""changed"": {""name"": ""alternativa"", ""object"": ""Ativando a via alternativa (M2), levando \u00e0 secre\u00e7\u00e3o de fatores de crescimento (como TGF-\u03b2) que promovem a angiog\u00eanese e ativam fibroblastos."", ""fields"": [""Texto""]}}, {""changed"": {""name"": ""alternativa"", ""object"": ""Apresentando ant\u00edgenos de col\u00e1geno para linf\u00f3citos T, induzindo uma resposta autoimune que resulta em fibrose."", ""fields"": [""Texto""]}}]"
17/11/2025 14:03:42;admin;Alteração (Editou);A incapacidade de provar a etiologia desta doença,...;"[{""changed"": {""name"": ""alternativa"", ""object"": ""Crit\u00e9rios de Gram (colora\u00e7\u00e3o)."", ""fields"": [""Texto""]}}, {""changed"": {""name"": ""alternativa"", ""object"": ""Princ\u00edpio da Biog\u00eanese de Pasteur."", ""fields"": [""Texto""]}}, {""changed"": {""name"": ""alternativa"", ""object"": ""Postulados de Koch."", ""fields"": [""Texto""]}}, {""changed"": {""name"": ""alternativa"", ""object"": ""Sistema de classifica\u00e7\u00e3o de Woese (Tr\u00eas Dom\u00ednios)."", ""fields"": [""Texto""]}}, {""changed"": {""name"": ""alternativa"", ""object"": ""Leis da Heran\u00e7a de Mendel."", ""fields"": [""Texto""]}}]"
17/11/2025 14:02:58;admin;Alteração (Editou);Qual componente estrutural é o principal responsáv...;"[{""changed"": {""name"": ""alternativa"", ""object"": ""O espesso peptidioglicano."", ""fields"": [""Texto""]}}, {""changed"": {""name"": ""alternativa"", ""object"": ""O \u00c1cido Teicoico."", ""fields"": [""Texto""]}}, {""changed"": {""name"": ""alternativa"", ""object"": ""O Lipopolissacar\u00eddeo (LPS)."", ""fields"": [""Texto""]}}, {""changed"": {""name"": ""alternativa"", ""object"": ""A exotoxina tipo A-B secretada ativamente."", ""fields"": [""Texto""]}}, {""changed"": {""name"": ""alternativa"", ""object"": ""Os flagelos que ativam receptores Toll-like (TLR5)."", ""fields"": [""Texto""]}}]"
17/11/2025 14:01:27;admin;Alteração (Editou);Qual é o mecanismo de resistência conferido pelo p...;"[{""changed"": {""name"": ""alternativa"", ""object"": ""A modifica\u00e7\u00e3o enzim\u00e1tica do antibi\u00f3tico (ex: acetila\u00e7\u00e3o) ap\u00f3s sua entrada no citoplasma."", ""fields"": [""Eh correta""]}}, {""changed"": {""name"": ""alternativa"", ""object"": ""A modifica\u00e7\u00e3o do alvo do antibi\u00f3tico, atrav\u00e9s da s\u00edntese de uma nova Prote\u00edna Ligadora de Penicilina (PBP2a) que possui baixa afinidade pela meticilina."", ""fields"": [""Eh correta""]}}]"
17/11/2025 13:53:43;admin;Alteração (Editou);Considerando o quadro clínico agudo e o histórico ...;[]
17/11/2025 13:52:44;admin;Alteração (Editou);Considerando as propriedades dos glicocorticoides,...;[]
17/11/2025 13:51:21;admin;Alteração (Editou);Considerando o perfil clínico e farmacoterapêutico...;[]
17/11/2025 13:49:59;admin;Alteração (Editou);Considerando a abordagem da analgesia multimodal e...;[]
17/11/2025 13:46:01;admin;Alteração (Editou);Com base no quadro clínico e nas diretrizes farmac...;[]
17/11/2025 13:45:54;admin;Alteração (Editou);Com base no quadro clínico e nas diretrizes farmac...;[]
17/11/2025 13:44:10;admin;Alteração (Editou);Considerando o perfil clínico e metabólico do paci...;[]
17/11/2025 13:41:50;admin;Alteração (Editou);Considerando o cenário clínico apresentado e as di...;[]
17/11/2025 13:40:33;admin;Alteração (Editou);Assinale a afirmativa que mostre o diagnóstico ma...;[]
17/11/2025 13:40:02;admin;Alteração (Editou);Quais das seguintes sentenças abaixo é verdadeira?...;[]
17/11/2025 13:39:19;admin;Alteração (Editou);Quais das seguintes sentenças abaixo é verdadeira?...;[]
17/11/2025 13:38:13;admin;Alteração (Editou);Levando em consideração o seu mecanismo de ação, s...;[]
17/11/2025 13:37:43;admin;Alteração (Editou);Levando em consideração o seu mecanismo de ação, s...;[]
17/11/2025 13:33:25;admin;Alteração (Editou);Qual a importância do fator X ativado?...;[]
17/11/2025 13:32:47;admin;Alteração (Editou);Qual componente da tríade de Virchow se destaca ne...;[]
17/11/2025 13:32:14;admin;Alteração (Editou);Qual das seguintes estratégias é mais eficaz para ...;[]
17/11/2025 13:31:25;admin;Alteração (Editou);Nesse caso hipotético, considerando-se a cirurgia ...;[]
17/11/2025 13:29:32;admin;Alteração (Editou);Considerando as recomendações atualizadas de Supor...;[]
17/11/2025 13:28:08;admin;Alteração (Editou);Considerando as recomendações atualizadas de Supor...;"[{""changed"": {""fields"": [""Justificativa""]}}, {""changed"": {""name"": ""alternativa"", ""object"": ""Solicitar um desfibrilador e aguardar sua chegada antes de iniciar compress\u00f5es."", ""fields"": [""Texto"", ""Eh correta""]}}, {""changed"": {""name"": ""alternativa"", ""object"": ""Acionar o servi\u00e7o de emerg\u00eancia e iniciar compress\u00f5es tor\u00e1cicas imediatamente."", ""fields"": [""Texto"", ""Eh correta""]}}]"
17/11/2025 13:24:47;admin;Alteração (Editou);Com base na avaliação inicial deste paciente, qual...;[]
17/11/2025 13:24:32;admin;Alteração (Editou);Com base na avaliação inicial deste paciente, qual...;[]
17/11/2025 13:24:18;admin;Alteração (Editou);Considerando as recomendações atualizadas de Supor...;[]
17/11/2025 13:24:03;admin;Alteração (Editou);Com base nas orientações de primeiros socorros par...;[]
17/11/2025 13:23:42;admin;Alteração (Editou);Considerando as Diretrizes da AHA para o suporte b...;[]
17/11/2025 13:23:12;admin;Alteração (Editou);Com base nas orientações de primeiros socorros par...;[]
17/11/2025 13:22:45;admin;Alteração (Editou);Considerando o desfecho da situação envolvendo obs...;[]
17/11/2025 13:22:08;admin;Alteração (Editou);Considerando as recomendações atualizadas de Supor...;[]
17/11/2025 13:21:30;admin;Alteração (Editou);Com base na avaliação inicial deste paciente, qual...;[]
17/11/2025 13:20:12;admin;Alteração (Editou);Com base no cenário apresentado, o principal desaf...;[]
17/11/2025 13:17:51;admin;Alteração (Editou);Com base nos princípios da Política Nacional de Hu...;[]
17/11/2025 13:10:56;admin;Alteração (Editou);Com base na embriologia das glândulas endócrinas e...;[]
17/11/2025 13:10:05;admin;Alteração (Editou);Considerando o hormônio citado, onde se localiza o...;[]
17/11/2025 13:09:19;admin;Alteração (Editou);Considerando o texto apresentado, avalie as afirma...;[]
17/11/2025 13:08:31;admin;Alteração (Editou);A partir do quadro clínico apresentado, qual é a c...;[]
17/11/2025 13:07:42;admin;Alteração (Editou);Considerando o hormônio citado, onde se localiza o...;[]
17/11/2025 13:06:31;admin;Alteração (Editou);Considerando o texto apresentado, avalie as afirma...;"[{""changed"": {""fields"": [""Justificativa""]}}]"
17/11/2025 13:05:21;admin;Alteração (Editou);Considerando o cenário apresentado, a principal al...;[]
17/11/2025 13:04:35;admin;Alteração (Editou);Considerando o texto apresentado, avalie as afirma...;[]
17/11/2025 13:03:40;admin;Alteração (Editou);Considerando o texto apresentado, avalie as afirma...;[]
17/11/2025 13:03:04;admin;Alteração (Editou);Assinale a alternativa que apresenta corretamente ...;[]
17/11/2025 13:02:28;admin;Alteração (Editou);Assinale a alternativa que descreve corretamente u...;[]
17/11/2025 13:00:11;admin;Alteração (Editou);Com base no papel fisiológico da calcitonina, qual...;[]
17/11/2025 12:58:33;admin;Alteração (Editou);Considerando a fisiologia da vitamina citada no ca...;[]
17/11/2025 12:57:04;admin;Alteração (Editou);Considerando o texto apresentado, avalie as afirma...;[]
17/11/2025 12:56:11;admin;Alteração (Editou);Qual transportador está provavelmente comprometido...;[]
17/11/2025 12:54:44;admin;Alteração (Editou);Considerando o texto apresentado, avalie as afirma...;[]
17/11/2025 12:53:25;admin;Alteração (Editou);Qual alternativa descreve corretamente as principa...;[]
17/11/2025 12:52:43;admin;Alteração (Editou);Qual das alternativas a seguir melhor explica os e...;[]
17/11/2025 12:52:21;admin;Alteração (Editou);Qual das alternativas a seguir melhor explica os e...;[]
17/11/2025 12:51:12;admin;Alteração (Editou);Considerando os conhecimentos sobre as característ...;[]
17/11/2025 12:50:44;admin;Alteração (Editou);Considerando a resposta neuroendócrina ao estresse...;[]
17/11/2025 12:50:09;admin;Alteração (Editou);Considerando o caso descrito, qual artéria está co...;[]
17/11/2025 12:49:27;admin;Alteração (Editou);Considerando os conhecimentos sobre as característ...;[]
17/11/2025 12:49:09;admin;Alteração (Editou);Considerando os conhecimentos sobre as característ...;[]
17/11/2025 12:47:38;admin;Alteração (Editou);Identifique a síndrome genética sugerida e o tipo ...;[]
17/11/2025 12:46:23;admin;Alteração (Editou);Considerando o texto apresentado, avalie as afirma...;[]
17/11/2025 11:36:34;admin;Alteração (Editou);Assinale a alternativa que indica corretamente o n...;"[{""changed"": {""name"": ""alternativa"", ""object"": ""N. ulnar."", ""fields"": [""Texto""]}}, {""changed"": {""name"": ""alternativa"", ""object"": ""N. musculocut\u00e2neo."", ""fields"": [""Texto""]}}, {""changed"": {""name"": ""alternativa"", ""object"": ""N. mediano."", ""fields"": [""Texto""]}}, {""changed"": {""name"": ""alternativa"", ""object"": ""N. cut\u00e2neo medial do antebra\u00e7o."", ""fields"": [""Texto""]}}, {""changed"": {""name"": ""alternativa"", ""object"": ""N. radial."", ""fields"": [""Texto""]}}]"
17/11/2025 11:35:38;admin;Alteração (Editou);Com base nas superfícies articulares descritas aci...;[]
17/11/2025 11:34:24;admin;Alteração (Editou);Considerando o contexto apresentado, assinale a al...;[]
17/11/2025 11:33:44;admin;Alteração (Editou);Assinale a alternativa que apresenta corretamente ...;"[{""changed"": {""name"": ""alternativa"", ""object"": ""Fibular longo, fibular curto e fibular terceiro."", ""fields"": [""Texto""]}}]"
17/11/2025 11:32:37;admin;Alteração (Editou);A anomalia descrita resulta mais provavelmente de ...;[]
17/11/2025 11:31:40;admin;Alteração (Editou);Considerando a origem e diferenciação do sistema m...;[]
17/11/2025 11:30:36;admin;Alteração (Editou);Considerando o texto apresentado, avalie as afirma...;[]
17/11/2025 11:30:03;admin;Alteração (Editou);Marque a alternativa que representa a causa da sur...;"[{""changed"": {""name"": ""alternativa"", ""object"": ""Obstru\u00e7\u00e3o do meato ac\u00fastico externo por corpos estranhos."", ""fields"": [""Texto""]}}, {""changed"": {""name"": ""alternativa"", ""object"": ""Infec\u00e7\u00e3o da orelha m\u00e9dia."", ""fields"": [""Texto""]}}, {""changed"": {""name"": ""alternativa"", ""object"": ""Presbiacusia."", ""fields"": [""Texto""]}}, {""changed"": {""name"": ""alternativa"", ""object"": ""Traumatismos do martelo."", ""fields"": [""Texto""]}}, {""changed"": {""name"": ""alternativa"", ""object"": ""Obstru\u00e7\u00e3o do meato ac\u00fastico externo por cerume."", ""fields"": [""Texto""]}}]"
17/11/2025 11:29:20;admin;Alteração (Editou);Considerando o texto apresentado, avalie as afirma...;"[{""changed"": {""name"": ""alternativa"", ""object"": ""As fibras lentas s\u00e3o chamadas de vermelhas, apresentam maior concentra\u00e7\u00e3o de mioglobina, elevado volume mitocondrial e s\u00e3o mais capilarizadas."", ""fields"": [""Texto""]}}, {""changed"": {""name"": ""alternativa"", ""object"": ""As fibras r\u00e1pidas s\u00e3o chamadas de brancas, predominantemente glicol\u00edticas, menos capilarizadas e com r\u00e1pida fatigabilidade."", ""fields"": [""Texto""]}}, {""changed"": {""name"": ""alternativa"", ""object"": ""As fibras lentas apresentam maior velocidade de contra\u00e7\u00e3o muscular, maior produ\u00e7\u00e3o de for\u00e7a e pot\u00eancia, sendo   fibras com alta efici\u00eancia de contra\u00e7\u00e3o."", ""fields"": [""Texto""]}}, {""changed"": {""name"": ""alternativa"", ""object"": ""As fibras r\u00e1pidas do tipo IIx possuem menor velocidade de contra\u00e7\u00e3o muscular, menor produ\u00e7\u00e3o de for\u00e7a e pot\u00eancia, apresentando baixa efici\u00eancia contr\u00e1til."", ""fields"": [""Texto""]}}, {""changed"": {""name"": ""alternativa"", ""object"": ""As fibras IIa s\u00e3o fibras intermedi\u00e1rias ou oxidativas/glicol\u00edticas r\u00e1pidas, cont\u00eam caracter\u00edsticas bioqu\u00edmicas e de fadiga intermedi\u00e1rias entre as caracter\u00edsticas das fibras de tipo IIx e I."", ""fields"": [""Texto""]}}]"
17/11/2025 11:28:27;admin;Alteração (Editou);Com base nesses achados, assinale a alternativa co...;[]
17/11/2025 11:28:02;admin;Alteração (Editou);Com base nesses achados, assinale a alternativa co...;[]
17/11/2025 11:27:39;admin;Alteração (Editou);Com base na anatomia das estruturas envolvidas no ...;"[{""changed"": {""name"": ""alternativa"", ""object"": ""O m\u00fasculo braquiorradial \u00e9 o principal m\u00fasculo envolvido na epicondilite lateral, pois tem sua origem no c\u00f4ndilo lateral."", ""fields"": [""Texto""]}}]"
17/11/2025 11:22:44;admin;Alteração (Editou);Sobre as funções das células do tecido em questão,...;[]
17/11/2025 11:22:05;admin;Alteração (Editou);Sobre as funções das células do tecido em questão,...;[]
17/11/2025 11:21:35;admin;Alteração (Editou);Com base nos achados histológicos apresentados, a ...;[]
17/11/2025 11:21:08;admin;Alteração (Editou);Baseado na história clínica, marque a alternativa ...;[]
17/11/2025 11:20:35;admin;Alteração (Editou);Qual alternativa descreve a lesão citada acima?...;[]
17/11/2025 11:19:30;admin;Alteração (Editou);Com base nos achados histológicos apresentados, a ...;[]
17/11/2025 11:17:50;admin;Alteração (Editou);Com base nesses achados, assinale a alternativa co...;[]
17/11/2025 11:16:44;admin;Alteração (Editou);Sobre as funções das células do tecido em questão,...;"[{""changed"": {""name"": ""alternativa"", ""object"": ""Os osteoblastos s\u00e3o respons\u00e1veis pela s\u00edntese e secre\u00e7\u00e3o do componente org\u00e2nico da matriz \u00f3ssea, por exemplo, col\u00e1geno tipo I."", ""fields"": [""Texto""]}}, {""changed"": {""name"": ""alternativa"", ""object"": ""Os osteoblastos apresentam baixa atividade de s\u00edntese e secre\u00e7\u00e3o, durante o processo da ossifica\u00e7\u00e3o."", ""fields"": [""Texto""]}}, {""changed"": {""name"": ""alternativa"", ""object"": ""Os osteoblastos ocupam pequenos espa\u00e7os denominados lacunas, e cada lacuna cont\u00e9m apenas um osteoblasto."", ""fields"": [""Texto""]}}, {""changed"": {""name"": ""alternativa"", ""object"": ""Os oste\u00f3citos s\u00e3o respons\u00e1veis pela reabsor\u00e7\u00e3o de tecido \u00f3sseo, desfazendo a matriz \u00f3ssea."", ""fields"": [""Texto""]}}, {""changed"": {""name"": ""alternativa"", ""object"": ""Os osteoblastos s\u00e3o respons\u00e1veis pela reabsor\u00e7\u00e3o de tecido \u00f3sseo, desfazendo a matriz \u00f3ssea."", ""fields"": [""Texto""]}}]"
17/11/2025 11:15:35;admin;Alteração (Editou);Com base nos achados histológicos apresentados, a ...;[]
17/11/2025 11:14:50;admin;Alteração (Editou);Baseado na história clínica, marque a alternativa ...;[]
17/11/2025 11:14:14;admin;Alteração (Editou);Qual alternativa descreve a lesão citada acima?...;[]
17/11/2025 11:13:43;admin;Alteração (Editou);Qual alternativa descreve a lesão citada acima?...;"[{""changed"": {""name"": ""alternativa"", ""object"": ""Nervo mediano, que percorre o bra\u00e7o sem emitir ramos motores significativos, mas \u00e9 respons\u00e1vel pela inerva\u00e7\u00e3o da maioria dos m\u00fasculos extensores do antebra\u00e7o e m\u00fasculos hipotenares."", ""fields"": [""Texto""]}}, {""changed"": {""name"": ""alternativa"", ""object"": ""Nervo ulnar, que desce medialmente ao bra\u00e7o, passa posteriormente ao epic\u00f4ndilo lateral e inerva principalmente m\u00fasculos posteriores do bra\u00e7o."", ""fields"": [""Texto""]}}]"
17/11/2025 11:12:53;admin;Alteração (Editou);Com base nessas informações, qual das opções descr...;[]
17/11/2025 11:11:53;admin;Alteração (Editou);Considerando as origens e trajetos das artérias ci...;[]
17/11/2025 11:10:55;admin;Alteração (Editou);Considerando o contexto acima, qual alternativa de...;[]
17/11/2025 11:10:17;admin;Alteração (Editou);Com base na anatomia deste grupo muscular, assinal...;[]
17/11/2025 11:09:53;admin;Alteração (Editou);Com base na anatomia deste grupo muscular, assinal...;"[{""changed"": {""name"": ""alternativa"", ""object"": ""Os m\u00fasculos adutores da coxa originam-se do \u00edsquio e inserem-se na cabe\u00e7a do f\u00eamur."", ""fields"": [""Texto""]}}]"
17/11/2025 11:09:06;admin;Alteração (Editou);Considerando os nervos responsáveis pela inervação...;"[{""changed"": {""name"": ""alternativa"", ""object"": ""O nervo gl\u00fateo superior inerva apenas o m\u00fasculo gl\u00fateo m\u00e1ximo."", ""fields"": [""Texto""]}}]"
17/11/2025 11:08:32;admin;Alteração (Editou);Considerando o texto apresentado, avalie as afirma...;[]
17/11/2025 11:06:58;admin;Alteração (Editou);A anomalia apresentada pelo recém-nascido decorre ...;[]
17/11/2025 11:06:18;admin;Alteração (Editou);A anomalia apresentada pelo recém-nascido decorre ...;[]
17/11/2025 11:05:34;admin;Alteração (Editou);A principal causa fisiopatológica desta síndrome e...;[]
17/11/2025 11:04:47;admin;Alteração (Editou);Assinale a alternativa que apresenta corretamente ...;[]
17/11/2025 11:03:58;admin;Alteração (Editou);Assinale a alternativa que identifica corretamente...;[]
17/11/2025 11:03:23;admin;Alteração (Editou);Com base nessa situação, assinale a alternativa co...;[]
17/11/2025 11:02:47;admin;Alteração (Editou);Com base nisso, assinale a alternativa que apresen...;[]
17/11/2025 11:02:21;admin;Alteração (Editou);Assinale a alternativa correta sobre a estrutura d...;[]
17/11/2025 11:01:40;admin;Alteração (Editou);Considerando os volumes e capacidades pulmonares a...;[]
17/11/2025 11:01:07;admin;Alteração (Editou);Considerando o texto apresentado, avalie as afirma...;[]
17/11/2025 11:00:27;admin;Alteração (Editou);Com base nisso, assinale a alternativa que apresen...;[]
17/11/2025 10:59:33;admin;Alteração (Editou);Com base na anatomia da bexiga urinária e suas rel...;[]
17/11/2025 10:58:56;admin;Alteração (Editou);Considerando as particularidades anatômicas dessa ...;[]
17/11/2025 10:58:12;admin;Alteração (Editou);Com base no contexto, descreva a relação anatômica...;[]
17/11/2025 10:57:38;admin;Alteração (Editou);Sobre os fatores que desviam a curva de dissociaçã...;"[{""changed"": {""name"": ""alternativa"", ""object"": ""O aumento da temperatura corporal e o aumento do pH diminuem a afinidade da hemoglobina ao oxig\u00eanio e, consequentemente diminuem a satura\u00e7\u00e3o."", ""fields"": [""Texto""]}}]"
17/11/2025 10:57:07;admin;Alteração (Editou);Assinale a opção que apresenta a relação correta e...;[]
17/11/2025 10:56:35;admin;Alteração (Editou);Considerando o contexto acima, assinale a alternat...;[]
17/11/2025 10:56:00;admin;Alteração (Editou);Considerando esse contexto, marque a alternativa q...;[]
17/11/2025 10:55:30;admin;Alteração (Editou);Qual a Pressão de filtração[P.fil] deste paciente?...;[]
17/11/2025 10:54:55;admin;Alteração (Editou);Com base nos dados clínicos e laboratoriais, qual ...;"[{""changed"": {""name"": ""alternativa"", ""object"": ""Acidose mista."", ""fields"": [""Texto""]}}]"
17/11/2025 10:54:30;admin;Alteração (Editou);Qual evento compensatório é esperado de forma pred...;[]
17/11/2025 10:53:56;admin;Alteração (Editou);Assinale a alternativa que descreve corretamente o...;[]
17/11/2025 10:53:25;admin;Alteração (Editou);Assinale a alternativa que descreve corretamente o...;[]
17/11/2025 10:52:35;admin;Alteração (Editou);Considerando o texto apresentado, avalie as afirma...;"[{""changed"": {""fields"": [""Justificativa""]}}]"
17/11/2025 10:51:43;admin;Alteração (Editou);Com base nas informações do caso e nos conheciment...;[]
17/11/2025 10:47:34;admin;Alteração (Editou);Considerando o texto apresentado, avalie as afirma...;[]
16/11/2025 20:22:27;admin;Alteração (Editou);Em relação ao tratamento farmacológico da dislipid...;"[{""changed"": {""fields"": [""Status""]}}]"
16/11/2025 20:22:03;admin;Alteração (Editou);Com base nesses achados, qual deve ser a conduta m...;"[{""changed"": {""fields"": [""Status""]}}]"
16/11/2025 20:21:38;admin;Alteração (Editou);Qual o diagnóstico mais provável?...;[]
16/11/2025 20:21:17;admin;Alteração (Editou);Qual é a conduta diagnóstica e terapêutica imediat...;"[{""changed"": {""fields"": [""Status""]}}]"
16/11/2025 20:20:57;admin;Alteração (Editou);Qual a melhor opção para o tratamento antibiótico?...;"[{""changed"": {""fields"": [""Status""]}}]"
15/11/2025 16:25:44;admin;Alteração (Editou);Qual a sua hipótese diagnóstica, exame confirmatór...;"[{""changed"": {""fields"": [""Status""]}}]"
15/11/2025 16:25:33;admin;Alteração (Editou);Qual a sua hipótese diagnóstica, exame confirmatór...;[]
15/11/2025 16:25:06;admin;Alteração (Editou);Qual a conduta a ser adotada no atendimento deste ...;"[{""changed"": {""fields"": [""Status""]}}]"
15/11/2025 16:24:08;admin;Alteração (Editou);Qual a melhor opção para o tratamento antibiótico?...;[]
15/11/2025 16:23:35;admin;Alteração (Editou);Qual terapêutica deve ser evitada para tratar a fa...;"[{""changed"": {""fields"": [""Status""]}}]"
15/11/2025 16:21:23;admin;Alteração (Editou);Qual a sua hipótese diagnóstica, exame confirmatór...;[]
15/11/2025 16:09:00;admin;Alteração (Editou);Sobre este achado, podemos afirmar :...;"[{""changed"": {""fields"": [""Enunciado""]}}]"
15/11/2025 15:47:13;admin;Alteração (Editou);O escore de Wells foi de 3 pontos. Qual a conduta ...;"[{""changed"": {""fields"": [""Texto base"", ""Enunciado""]}}]"
15/11/2025 15:45:59;admin;Alteração (Editou);. Considerando as recomendações atuais sobre profi...;"[{""changed"": {""fields"": [""Texto base"", ""Enunciado""]}}]"
15/11/2025 15:43:59;admin;Alteração (Editou);Qual das orientações abaixo está corretamente indi...;"[{""changed"": {""fields"": [""Texto base"", ""Enunciado""]}}]"
15/11/2025 15:42:19;admin;Alteração (Editou);Com base no caso clínico, assinale a alternativa I...;[]
15/11/2025 15:41:18;admin;Alteração (Editou);Com base no caso clínico, assinale a alternativa I...;"[{""changed"": {""fields"": [""Texto base"", ""Enunciado""]}}]"
15/11/2025 15:40:04;admin;Alteração (Editou);Sobre o caso, assinale a alternativa CORRETA sobre...;[]
15/11/2025 15:34:24;admin;Alteração (Editou);Realizou ECG semelhante ao apresentado em anexo. S...;[]
15/11/2025 15:34:11;admin;Alteração (Editou);Realizou ECG semelhante ao apresentado em anexo. S...;"[{""changed"": {""fields"": [""Texto base"", ""Enunciado""]}}]"
15/11/2025 15:32:44;admin;Alteração (Editou);Sobre o caso acima, assinale a alternativa CORRETA...;[]
15/11/2025 15:25:53;admin;Alteração (Editou);Qual das condutas abaixo está mais adequada para o...;[]
13/11/2025 20:49:13;admin;Alteração (Editou);Um homem de 59 anos, hipertenso e diabético, procu...;[]
13/11/2025 20:47:30;admin;Alteração (Editou);Qual das condutas abaixo está mais adequada para o...;"[{""changed"": {""fields"": [""Enunciado""]}}]"
13/11/2025 20:44:21;admin;Alteração (Editou);Sobre o caso, assinale a alternativa CORRETA sobre...;"[{""changed"": {""fields"": [""Texto base"", ""Enunciado""]}}]"
13/11/2025 20:43:14;admin;Alteração (Editou);. Qual das condutas abaixo está mais adequada para...;[]
13/11/2025 20:41:24;admin;Alteração (Editou);Sobre o tratamento da doença venosa CRÔNICA, assin...;[]
13/11/2025 20:37:05;admin;Alteração (Editou);Considerando as recomendações atuais para contrace...;[]
13/11/2025 20:36:30;admin;Alteração (Editou);. Qual das condutas abaixo está mais adequada para...;"[{""changed"": {""fields"": [""Texto base"", ""Enunciado""]}}]"
13/11/2025 20:35:44;admin;Alteração (Editou);Sobre o caso acima, assinale a alternativa CORRETA...;"[{""changed"": {""fields"": [""Texto base"", ""Enunciado""]}}]"
12/11/2025 20:42:32;admin;Alteração (Editou);Considerando o diagnóstico de adenocarcinoma gástr...;[]
12/11/2025 20:26:59;admin;Alteração (Editou);Diante da suspeita clínica de colecistite aguda, q...;[]
12/11/2025 20:26:43;admin;Alteração (Editou);Diante do achado incidental de um nódulo hepático ...;[]
12/11/2025 19:47:11;admin;Alteração (Editou);Considerando a anatomia da uretra masculina e sua ...;"[{""changed"": {""fields"": [""Status""]}}]"
12/11/2025 19:46:26;admin;Alteração (Editou);Qual o diagnóstico mais provável?...;"[{""changed"": {""fields"": [""Status""]}}]"
12/11/2025 19:44:14;admin;Alteração (Editou);Sobre o tratamento da doença venosa CRÔNICA, assin...;"[{""changed"": {""fields"": [""Status""]}}]"
12/11/2025 18:42:09;admin;Alteração (Editou);Diante da suspeita clínica de colecistite aguda, q...;[]
12/11/2025 18:04:55;admin;Alteração (Editou);Assinale a alternativa que indica corretamente o n...;"[{""changed"": {""fields"": [""Enunciado"", ""Status""]}}]"
12/11/2025 18:04:04;admin;Alteração (Editou);Com base nas superfícies articulares descritas aci...;"[{""changed"": {""fields"": [""Texto base"", ""Enunciado"", ""Status""]}}]"
12/11/2025 18:03:07;admin;Alteração (Editou);Considerando o contexto acima, assinale a alternat...;"[{""changed"": {""fields"": [""Status""]}}]"
12/11/2025 18:02:46;admin;Alteração (Editou);Considerando o contexto apresentado, assinale a al...;"[{""changed"": {""fields"": [""Status""]}}]"
12/11/2025 17:57:34;admin;Alteração (Editou);Considerando o texto apresentado, avalie as afirma...;"[{""changed"": {""fields"": [""Texto base"", ""Status""]}}, {""changed"": {""name"": ""alternativa"", ""object"": ""Os altos n\u00edveis de glicose no sangue fazem com que mais glicose chegue aos t\u00fabulos renais em quantidades menores do que aquela que pode ser reabsorvida, e toda a glicose \u00e9 reabsorvida."", ""fields"": [""Texto""]}}, {""changed"": {""name"": ""alternativa"", ""object"": ""Quando a glicose sangu\u00ednea \u00e9 mal controlada durante longos per\u00edodos no diabetes melito, os vasos sangu\u00edneos, em v\u00e1rios tecidos de todo o corpo, come\u00e7am a funcionar de forma anormal e passam por mudan\u00e7as estruturais que resultam em aporte inadequado de sangue para os tecidos."", ""fields"": [""Texto""]}}, {""changed"": {""name"": ""alternativa"", ""object"": ""A forma\u00e7\u00e3o excessiva de glicocorticoides ou de horm\u00f4nio de crescimento (acromegalia) diminui a sensibilidade de v\u00e1rios tecidos aos efeitos metab\u00f3licos da insulina e aumenta a concentra\u00e7\u00e3o de glicose plasm\u00e1tica."", ""fields"": [""Texto""]}}]"
12/11/2025 17:56:51;admin;Alteração (Editou);Considerando o cenário apresentado, a principal al...;"[{""changed"": {""fields"": [""Status""]}}]"
12/11/2025 17:56:22;admin;Alteração (Editou);Considerando o texto apresentado, avalie as afirma...;"[{""changed"": {""fields"": [""Texto base"", ""Status""]}}, {""changed"": {""name"": ""alternativa"", ""object"": ""A perda do enorme fluxo sangu\u00edneo pela placenta aumenta a resist\u00eancia vascular sist\u00eamica ao nascimento, aumentando assim a press\u00e3o a\u00f3rtica, bem como as press\u00f5es no ventr\u00edculo esquerdo e \u00e1trio esquerdo."", ""fields"": [""Texto""]}}, {""changed"": {""name"": ""alternativa"", ""object"": ""A resist\u00eancia vascular pulmonar aumenta muito em decorr\u00eancia do menor raio vascular pulmonar causado pela expans\u00e3o dos pulm\u00f5es."", ""fields"": [""Texto""]}}, {""changed"": {""name"": ""alternativa"", ""object"": ""A baixa press\u00e3o atrial direita e alta press\u00e3o atrial esquerda fazem com que o sangue tente fluir do \u00e1trio esquerdo para o \u00e1trio direito atrav\u00e9s do forame oval, levando assim ao fechamento de uma v\u00e1lvula que repousa sobre o forame oval."", ""fields"": [""Texto""]}}]"
12/11/2025 17:55:07;admin;Alteração (Editou);Assinale a alternativa que apresenta corretamente ...;"[{""changed"": {""fields"": [""Tipo questao"", ""Texto base"", ""Enunciado"", ""Status""]}}]"
12/11/2025 17:54:10;admin;Alteração (Editou);Assinale a alternativa que descreve corretamente u...;"[{""changed"": {""fields"": [""Tipo questao"", ""Texto base"", ""Enunciado"", ""Status""]}}, {""changed"": {""name"": ""alternativa"", ""object"": ""A secre\u00e7\u00e3o de GH depende de equil\u00edbrio entre GHRH e somatostatina liberadas pelo hipot\u00e1lamo."", ""fields"": [""Texto""]}}]"
12/11/2025 17:53:00;admin;Alteração (Editou);Com base no papel fisiológico da calcitonina, qual...;"[{""changed"": {""fields"": [""Tipo questao"", ""Texto base"", ""Enunciado"", ""Status""]}}]"
12/11/2025 11:02:55;admin;Alteração (Editou);Atendimentos a casos de insuficiência venosa são f...;[]
12/11/2025 08:52:29;admin;Alteração (Editou);Um homem de 64 anos, hipertenso e diabético, procu...;[]
12/11/2025 08:47:59;admin;Alteração (Editou);Um homem de 64 anos, hipertenso e diabético, procu...;[]
12/11/2025 08:47:13;admin;Alteração (Editou);Atendimentos a casos de insuficiência venosa são f...;[]
12/11/2025 08:45:48;admin;Alteração (Editou);Um homem de 64 anos, hipertenso e diabético, procu...;[]
12/11/2025 08:44:23;admin;Alteração (Editou);Qual a sua hipótese diagnóstica, exame confirmatór...;[]
12/11/2025 08:40:09;admin;Alteração (Editou);Pode-se afirmar que na continuação da investigação...;[]
12/11/2025 08:29:20;admin;Alteração (Editou);Qual deve ser o próximo passo na investigação diag...;[]
11/11/2025 17:35:24;admin;Alteração (Editou);Com base nas informações, qual fator compromete ma...;"[{""changed"": {""fields"": [""Status""]}}]"
11/11/2025 17:32:32;admin;Alteração (Editou);Considerando esses resultados e o contexto clínico...;"[{""changed"": {""fields"": [""Status""]}}]"
11/11/2025 17:28:23;admin;Alteração (Editou);Considerando o caso e os princípios da medicina ba...;"[{""changed"": {""fields"": [""Status""]}}]"
11/11/2025 16:49:09;admin;Alteração (Editou);Qual a conduta inicial mais acertada?...;"[{""changed"": {""fields"": [""Status"", ""Comentario validacao""]}}]"
11/11/2025 16:48:08;admin;Alteração (Editou);Qual é a conduta urológica mais adequada para reco...;[]
11/11/2025 16:42:26;admin;Alteração (Editou);Diante desse quadro, qual é a conduta imediata mai...;[]
11/11/2025 16:41:56;admin;Alteração (Editou);Qual é a conduta urológica mais adequada para reco...;"[{""changed"": {""fields"": [""Status"", ""Comentario validacao""]}}]"
11/11/2025 16:36:58;admin;Alteração (Editou);Qual é a conduta urológica mais adequada para reco...;[]
11/11/2025 16:31:33;admin;Alteração (Editou);Diante desse quadro, qual é a conduta imediata mai...;[]
11/11/2025 16:25:14;admin;Alteração (Editou);Assinale a alternativa CORRETA:...;[]
11/11/2025 15:56:35;admin;Alteração (Editou);Qual a conduta inicial mais acertada?...;[]
11/11/2025 15:55:34;admin;Alteração (Editou);Qual é a conduta urológica mais adequada para reco...;[]
11/11/2025 15:54:52;admin;Alteração (Editou);Diante desse quadro, qual é a conduta imediata mai...;[]
11/11/2025 15:43:42;admin;Alteração (Editou);Assinale a alternativa CORRETA:...;[]
11/11/2025 10:54:00;admin;Alteração (Editou);Assinale a alternativa CORRETA:...;[]
11/11/2025 10:53:04;admin;Alteração (Editou);Qual deve ser o próximo passo na investigação diag...;"[{""changed"": {""fields"": [""Comentario validacao""]}}]"
11/11/2025 10:52:30;admin;Alteração (Editou);Qual deve ser o próximo passo na investigação diag...;"[{""changed"": {""fields"": [""Texto base"", ""Justificativa""]}}, {""changed"": {""name"": ""alternativa"", ""object"": ""Solicitar Pun\u00e7\u00e3o aspirativa por agulha fina (PAAF) do n\u00f3dulo."", ""fields"": [""Texto""]}}, {""changed"": {""name"": ""alternativa"", ""object"": ""Solicitar Ultrassonografia cervical para avaliar caracter\u00edsticas do n\u00f3dulo."", ""fields"": [""Texto""]}}, {""changed"": {""name"": ""alternativa"", ""object"": ""Solicitar Cintilografia de tireoide."", ""fields"": [""Texto""]}}, {""changed"": {""name"": ""alternativa"", ""object"": ""Solicitar resson\u00e2ncia magn\u00e9tica de pesco\u00e7o."", ""fields"": [""Texto""]}}, {""changed"": {""name"": ""alternativa"", ""object"": ""Solicitar Tomografia computadorizada de pesco\u00e7o."", ""fields"": [""Texto""]}}]"
11/11/2025 10:51:14;admin;Alteração (Editou);Qual a conduta a ser adotada no atendimento deste ...;[]
11/11/2025 10:49:31;admin;Alteração (Editou);Qual a sua hipótese diagnóstica, exame confirmatór...;[]
11/11/2025 10:46:52;admin;Alteração (Editou);Atendimentos a casos de insuficiência venosa são f...;[]
10/11/2025 23:12:56;admin;Alteração (Editou);Supondo-se que o urologista tenha a disposição tod...;"[{""changed"": {""fields"": [""Status""]}}]"
10/11/2025 23:12:31;admin;Alteração (Editou);Marque a alternativa CORRETA:...;"[{""changed"": {""fields"": [""Status""]}}]"
10/11/2025 23:12:20;admin;Alteração (Editou);Qual a afirmativa está CORRETA?...;"[{""changed"": {""fields"": [""Status""]}}]"
10/11/2025 23:12:03;admin;Alteração (Editou);Marque a alternativa CORRETA:...;"[{""changed"": {""fields"": [""Status""]}}]"
10/11/2025 23:11:21;admin;Alteração (Editou);Diante de um possível quadro de contusão de testíc...;"[{""changed"": {""fields"": [""Status""]}}]"
10/11/2025 23:11:01;admin;Alteração (Editou);Qual a conduta inicial mais acertada?...;"[{""changed"": {""fields"": [""Status""]}}]"
10/11/2025 23:10:13;admin;Alteração (Editou);Qual é a conduta urológica mais adequada para reco...;"[{""changed"": {""fields"": [""Status""]}}]"
10/11/2025 23:09:50;admin;Alteração (Editou);Diante desse quadro, qual é a conduta imediata mai...;"[{""changed"": {""fields"": [""Status""]}}]"
10/11/2025 23:09:02;admin;Alteração (Editou);Assinale a alternativa CORRETA:...;"[{""changed"": {""fields"": [""Status"", ""Comentario validacao""]}}]"
10/11/2025 23:06:40;admin;Alteração (Editou);Pode-se dizer que a manutenção da estática dos órg...;"[{""changed"": {""fields"": [""Status"", ""Comentario validacao""]}}]"
10/11/2025 23:05:09;admin;Alteração (Editou);Com base nos achados, qual é a interpretação da ca...;"[{""changed"": {""fields"": [""Status"", ""Comentario validacao""]}}]"
10/11/2025 23:04:28;admin;Alteração (Editou);Considerando os fatores prognósticos e implicações...;"[{""changed"": {""fields"": [""Status""]}}]"
10/11/2025 23:04:04;admin;Alteração (Editou);Sobre este achado:...;"[{""changed"": {""fields"": [""Status""]}}]"
10/11/2025 23:00:20;admin;Alteração (Editou);Considerando os achados clínicos, o exame de image...;"[{""changed"": {""fields"": [""Status""]}}]"
10/11/2025 22:59:41;admin;Alteração (Editou);Considerando o texto apresentado, avalie as afirma...;"[{""changed"": {""fields"": [""Texto base"", ""Status"", ""Comentario validacao""]}}]"
10/11/2025 22:58:28;admin;Alteração (Editou);Quais afirmações estão CORRETAS?...;"[{""changed"": {""fields"": [""Status""]}}]"
10/11/2025 22:58:05;admin;Alteração (Editou);Considerando o texto apresentado, avalie as afirma...;"[{""changed"": {""fields"": [""Texto base"", ""Status""]}}]"
10/11/2025 22:57:37;admin;Alteração (Editou);Considerando o texto apresentado, avalie as afirma...;"[{""changed"": {""fields"": [""Texto base"", ""Status""]}}]"
10/11/2025 22:57:09;admin;Alteração (Editou);Considerando o texto apresentado, avalie as afirma...;"[{""changed"": {""fields"": [""Texto base"", ""Status""]}}]"
10/11/2025 22:56:41;admin;Alteração (Editou);Considerando o texto apresentado, avalie as afirma...;"[{""changed"": {""fields"": [""Texto base"", ""Status"", ""Comentario validacao""]}}]"
10/11/2025 22:56:19;admin;Alteração (Editou);Considerando o texto apresentado, avalie as afirma...;"[{""changed"": {""fields"": [""Status""]}}]"
10/11/2025 22:56:03;admin;Alteração (Editou);Considerando o texto apresentado, avalie as afirma...;"[{""changed"": {""fields"": [""Tipo questao"", ""Texto base"", ""Status"", ""Comentario validacao""]}}]"
10/11/2025 22:54:43;admin;Alteração (Editou);O hipotireoidismo pode cursar com hiperprolactinem...;"[{""changed"": {""fields"": [""Status""]}}]"
10/11/2025 22:53:48;admin;Alteração (Editou);Sobre o tratamento do hipotireoidismo, é correto a...;"[{""changed"": {""fields"": [""Status""]}}]"
10/11/2025 22:52:40;admin;Alteração (Editou);Sobre os efeitos e a segurança do uso de estatinas...;[]
10/11/2025 22:52:03;admin;Alteração (Editou);Qual fenômeno pode levar a que um macroadenoma hip...;"[{""changed"": {""fields"": [""Status""]}}]"
10/11/2025 22:51:14;admin;Alteração (Editou);Pode-se afirmar que na continuação da investigação...;"[{""changed"": {""fields"": [""Status""]}}]"
10/11/2025 22:50:33;admin;Alteração (Editou);Nesse caso, qual tratamento primário de escolha de...;"[{""changed"": {""fields"": [""Status""]}}]"
10/11/2025 22:48:32;admin;Alteração (Editou);Qual deve ser o próximo passo na investigação diag...;"[{""changed"": {""fields"": [""Status"", ""Comentario validacao""]}}]"
10/11/2025 22:45:50;admin;Alteração (Editou);Considerando as indicações de prescrição da imunog...;"[{""changed"": {""fields"": [""Status""]}}]"
10/11/2025 22:45:35;admin;Alteração (Editou);Qual exame é utilizado no adulto para confirmar o ...;"[{""changed"": {""fields"": [""Status""]}}]"
10/11/2025 22:45:11;admin;Alteração (Editou);Diante do exposto, assinale a alternativa correta:...;"[{""changed"": {""fields"": [""Status""]}}]"
10/11/2025 22:44:46;admin;Alteração (Editou);Com base nos achados clínicos e laboratoriais, qua...;"[{""changed"": {""fields"": [""Status""]}}]"
10/11/2025 22:43:49;admin;Alteração (Editou);Sobre o diagnóstico e manejo desse paciente, assin...;[]
10/11/2025 22:43:13;admin;Alteração (Editou);Qual a conduta a ser adotada no atendimento deste ...;"[{""changed"": {""fields"": [""Status"", ""Comentario validacao""]}}]"
10/11/2025 22:42:19;admin;Alteração (Editou);Qual a sua hipótese diagnóstica, exame confirmatór...;"[{""changed"": {""fields"": [""Status"", ""Comentario validacao""]}}]"
10/11/2025 22:37:08;admin;Alteração (Editou);"Enunciado:
Com base no caso clínico e nos diagnós...";"[{""changed"": {""fields"": [""Texto base"", ""Enunciado"", ""Status"", ""Comentario validacao""]}}]"
10/11/2025 22:30:03;admin;Alteração (Editou);Sobre o diagnóstico e manejo desse paciente, assin...;"[{""changed"": {""fields"": [""Status""]}}]"
10/11/2025 22:24:39;admin;Alteração (Editou);Marque a alternativa que contém características tí...;"[{""changed"": {""fields"": [""Status""]}}]"
10/11/2025 22:24:13;admin;Alteração (Editou);Qual das manifestações abaixo é típica dessa infec...;"[{""changed"": {""fields"": [""Status""]}}]"
10/11/2025 22:23:36;admin;Alteração (Editou);Assinale a alternativa que descreve uma caracterís...;"[{""changed"": {""fields"": [""Status""]}}]"
10/11/2025 22:23:06;admin;Alteração (Editou);Homem de 58 anos, hospitalizado por exacerbação de...;"[{""changed"": {""fields"": [""Status""]}}]"
10/11/2025 22:22:17;admin;Alteração (Editou);Durante o atendimento a um paciente internado na e...;"[{""changed"": {""fields"": [""Enunciado"", ""Status"", ""Comentario validacao""]}}]"
10/11/2025 22:19:00;admin;Alteração (Editou);Atendimentos a casos de insuficiência venosa são f...;"[{""changed"": {""fields"": [""Status"", ""Comentario validacao""]}}]"
10/11/2025 22:17:55;admin;Alteração (Editou);Homem de 62 anos, diabético tipo 2 há 18 anos, apr...;"[{""changed"": {""fields"": [""Status""]}}]"
10/11/2025 22:16:53;admin;Alteração (Editou);Paciente masculino de 58 anos, com histórico de In...;"[{""changed"": {""fields"": [""Enunciado"", ""Status"", ""Comentario validacao""]}}]"
10/11/2025 22:04:24;admin;Alteração (Editou);Paciente portador de Insuficiência Cardíaca com Fr...;[]
10/11/2025 22:04:24;admin;Alteração (Editou);Paciente portador de Insuficiência Cardíaca com Fr...;"[{""changed"": {""fields"": [""Status""]}}]"
10/11/2025 22:02:54;admin;Alteração (Editou);Paciente masculino, 25 anos portador de febre reum...;"[{""changed"": {""fields"": [""Status""]}}]"
10/11/2025 22:01:45;admin;Alteração (Editou);Paciente com 68 anos, sexo feminino, hipertensa, d...;"[{""changed"": {""fields"": [""Status""]}}]"
10/11/2025 22:01:17;admin;Alteração (Editou);Um homem de 59 anos, hipertenso e diabético, procu...;"[{""changed"": {""fields"": [""Status"", ""Comentario validacao""]}}]"
10/11/2025 21:59:02;admin;Alteração (Editou);Um homem de 64 anos, hipertenso e diabético, procu...;"[{""changed"": {""fields"": [""Status"", ""Comentario validacao""]}}]"
10/11/2025 21:56:01;admin;Alteração (Editou);Com base nas recomendações atuais para abordagem d...;"[{""changed"": {""fields"": [""Status""]}}]"
10/11/2025 21:55:21;admin;Alteração (Editou);Considerando o papel da Atenção Primária na promoç...;"[{""changed"": {""fields"": [""Status""]}}]"
10/11/2025 16:06:35;admin;Alteração (Editou);Considerando o caso e os princípios da medicina ba...;"[{""changed"": {""name"": ""alternativa"", ""object"": ""Realizar ambos os exames, pois rastrear doen\u00e7as assintom\u00e1ticas traz benef\u00edcios ao identificar casos precoces."", ""fields"": [""Texto""]}}, {""changed"": {""name"": ""alternativa"", ""object"": ""Adiar todos os exames at\u00e9 o surgimento de sintomas, pois o rastreamento \u00e9 reservado a pacientes sintom\u00e1ticos."", ""fields"": [""Texto""]}}]"
10/11/2025 15:53:56;admin;Alteração (Editou);Fundamentando-se nos princípios do PHTLS para o ma...;"[{""changed"": {""fields"": [""Justificativa"", ""Status"", ""Comentario validacao""]}}]"
10/11/2025 15:43:01;admin;Alteração (Editou);Considerando o caso e os princípios da medicina ba...;"[{""changed"": {""fields"": [""Status"", ""Comentario validacao""]}}]"
10/11/2025 15:06:59;admin;Alteração (Editou);Considerando os princípios da leitura crítica de a...;[]
10/11/2025 15:06:34;admin;Alteração (Editou);Considerando os princípios da leitura crítica de a...;"[{""changed"": {""fields"": [""Texto base"", ""Status""]}}]"
10/11/2025 14:57:16;admin;Alteração (Editou);Nesse caso hipotético, considerando-se a cirurgia ...;"[{""changed"": {""fields"": [""Status""]}}]"
10/11/2025 14:54:13;admin;Alteração (Editou);Qual é o mecanismo de resistência conferido pelo p...;"[{""changed"": {""fields"": [""Status""]}}, {""changed"": {""name"": ""alternativa"", ""object"": ""A produ\u00e7\u00e3o de uma nova beta-lactamase de espectro estendido (ESBL) que destr\u00f3i a meticilina."", ""fields"": [""Texto""]}}, {""changed"": {""name"": ""alternativa"", ""object"": ""A superexpress\u00e3o de bombas de efluxo que removem ativamente a meticilina de dentro da c\u00e9lula."", ""fields"": [""Texto""]}}, {""changed"": {""name"": ""alternativa"", ""object"": ""A altera\u00e7\u00e3o da permeabilidade da membrana externa, impedindo a entrada do antibi\u00f3tico."", ""fields"": [""Texto""]}}, {""changed"": {""name"": ""alternativa"", ""object"": ""A modifica\u00e7\u00e3o enzim\u00e1tica do antibi\u00f3tico (ex: acetila\u00e7\u00e3o) ap\u00f3s sua entrada no citoplasma."", ""fields"": [""Texto""]}}, {""changed"": {""name"": ""alternativa"", ""object"": ""A modifica\u00e7\u00e3o do alvo do antibi\u00f3tico, atrav\u00e9s da s\u00edntese de uma nova Prote\u00edna Ligadora de Penicilina (PBP2a) que possui baixa afinidade pela meticilina."", ""fields"": [""Texto""]}}]"
10/11/2025 14:52:15;admin;Alteração (Editou);Qual das seguintes afirmações descreve corretament...;"[{""changed"": {""fields"": [""Status""]}}]"
10/11/2025 14:51:36;admin;Alteração (Editou);Qual dos achados abaixo é mais característico da a...;"[{""changed"": {""fields"": [""Status""]}}]"
10/11/2025 14:51:00;admin;Alteração (Editou);A crepitação observada é indicativa de:...;"[{""changed"": {""fields"": [""Status""]}}]"
10/11/2025 14:50:14;admin;Alteração (Editou);Esses achados são compatíveis com:...;"[{""changed"": {""fields"": [""Justificativa"", ""Status""]}}, {""changed"": {""name"": ""alternativa"", ""object"": ""a.\tS\u00edndrome do impacto do manguito rotador"", ""fields"": [""Texto"", ""Eh correta""]}}, {""changed"": {""name"": ""alternativa"", ""object"": ""b.\tLes\u00e3o do tend\u00e3o do subescapular"", ""fields"": [""Texto"", ""Eh correta""]}}]"
10/11/2025 14:49:54;admin;Alteração (Editou);Considerando as Diretrizes da AHA para o suporte b...;[]
10/11/2025 14:49:35;admin;Alteração (Editou);Considerando as Diretrizes da AHA para o suporte b...;[]
10/11/2025 14:48:54;admin;Alteração (Editou);Com base nas orientações de primeiros socorros par...;[]
10/11/2025 14:48:24;admin;Alteração (Editou);Considerando o desfecho da situação envolvendo obs...;[]
10/11/2025 14:47:58;admin;Alteração (Editou);Considerando as recomendações atualizadas de Supor...;[]
10/11/2025 14:47:39;admin;Alteração (Editou);Qual o diagnóstico provável?...;"[{""changed"": {""fields"": [""Justificativa"", ""Status""]}}, {""changed"": {""name"": ""alternativa"", ""object"": ""b.\tLes\u00e3o do ligamento cruzado anterior"", ""fields"": [""Texto"", ""Eh correta""]}}, {""changed"": {""name"": ""alternativa"", ""object"": ""c.\tLes\u00e3o do ligamento cruzado posterior"", ""fields"": [""Texto"", ""Eh correta""]}}]"
10/11/2025 14:44:57;admin;Alteração (Editou);Nesse caso hipotético, considerando-se a cirurgia ...;[]
10/11/2025 14:44:13;admin;Alteração (Editou);Com base na avaliação inicial deste paciente, qual...;"[{""changed"": {""fields"": [""Status""]}}]"
10/11/2025 14:44:05;admin;Alteração (Editou);Com base na avaliação inicial deste paciente, qual...;[]
10/11/2025 14:44:03;admin;Alteração (Editou);Com base no quadro clínico, assinale a alternativa...;"[{""changed"": {""fields"": [""Justificativa"", ""Status""]}}, {""changed"": {""name"": ""alternativa"", ""object"": ""S\u00edndrome neuromuscular \u2192 nervo perif\u00e9rico \u2192 Tremor fisiol\u00f3gico exacerbado \u2192 Induzido por f\u00e1rmacos"", ""fields"": [""Texto"", ""Eh correta""]}}, {""changed"": {""name"": ""alternativa"", ""object"": ""S\u00edndrome extrapiramidal \u2192 g\u00e2nglios da base (subst\u00e2ncia negra/estriado) \u2192 Doen\u00e7a de Parkinson \u2192 Idiop\u00e1tica (degenera\u00e7\u00e3o dopamin\u00e9rgica)"", ""fields"": [""Texto"", ""Eh correta""]}}]"
10/11/2025 14:41:58;admin;Alteração (Editou);Assinale a alternativa que apresenta corretamente:...;"[{""changed"": {""fields"": [""Status""]}}]"
10/11/2025 14:41:08;admin;Exclusão (Apagou);Considerando os achados descritos, qual fenômeno c...;
10/11/2025 14:41:07;admin;Alteração (Editou);Assinale a alternativa que apresenta corretamente:...;"[{""changed"": {""fields"": [""Status""]}}]"
10/11/2025 14:39:59;admin;Alteração (Editou);Nesse caso hipotético, considerando-se a cirurgia ...;"[{""changed"": {""fields"": [""Enunciado""]}}, {""changed"": {""name"": ""alternativa"", ""object"": ""Manter AAS e suspender Clopidogrel 5 dias antes."", ""fields"": [""Eh correta""]}}]"
10/11/2025 14:38:58;admin;Alteração (Editou);Assinale a alternativa que apresenta corretamente:...;"[{""changed"": {""fields"": [""Status""]}}]"
10/11/2025 14:35:37;admin;Alteração (Editou);Assinale a alternativa que apresenta corretamente:...;"[{""changed"": {""fields"": [""Status""]}}]"
10/11/2025 14:33:04;admin;Alteração (Editou);Qual das seguintes estratégias é mais eficaz para ...;"[{""changed"": {""fields"": [""Status""]}}]"
10/11/2025 14:32:55;admin;Alteração (Editou);Qual das seguintes estratégias é mais eficaz para ...;[]
10/11/2025 14:29:24;admin;Alteração (Editou);Nesse caso hipotético, considerando-se a cirurgia ...;"[{""changed"": {""fields"": [""Enunciado""]}}]"
10/11/2025 14:26:30;admin;Alteração (Editou);Considerando a técnica correta para o procedimento...;"[{""changed"": {""fields"": [""Justificativa"", ""Status""]}}, {""changed"": {""name"": ""alternativa"", ""object"": ""Solicitar ao paciente que realize pequenos goles de \u00e1gua para facilitar a progress\u00e3o."", ""fields"": [""Texto"", ""Eh correta""]}}, {""changed"": {""name"": ""alternativa"", ""object"": ""Lubrificar a extremidade da sonda com anest\u00e9sico t\u00f3pico e introduzi-la em uma narina."", ""fields"": [""Texto"", ""Eh correta""]}}]"
10/11/2025 14:24:24;admin;Alteração (Editou);Considerando a técnica asséptica e a anatomia masc...;"[{""changed"": {""fields"": [""Status""]}}]"
10/11/2025 14:23:46;admin;Alteração (Editou);Considerando o protocolo de atendimento pré-hospit...;"[{""changed"": {""fields"": [""Justificativa"", ""Status""]}}, {""changed"": {""name"": ""alternativa"", ""object"": ""B) A asser\u00e7\u00e3o I \u00e9 uma proposi\u00e7\u00e3o verdadeira, e a II \u00e9 uma proposi\u00e7\u00e3o falsa."", ""fields"": [""Texto"", ""Eh correta""]}}, {""changed"": {""name"": ""alternativa"", ""object"": ""C) As asser\u00e7\u00f5es I e II s\u00e3o proposi\u00e7\u00f5es verdadeiras, mas a II n\u00e3o \u00e9 uma justificativa correta da I."", ""fields"": [""Texto"", ""Eh correta""]}}]"
10/11/2025 14:22:38;admin;Alteração (Editou);Nesse caso hipotético, considerando-se a cirurgia ...;"[{""changed"": {""name"": ""alternativa"", ""object"": ""Suspender o Atenolol e a Bromoprida."", ""fields"": [""Texto""]}}, {""changed"": {""name"": ""alternativa"", ""object"": ""Suspender AAS e Clopidogrel 5 dias antes."", ""fields"": [""Texto""]}}, {""changed"": {""name"": ""alternativa"", ""object"": ""Manter os antiagregantes plaquet\u00e1rios."", ""fields"": [""Texto""]}}, {""changed"": {""name"": ""alternativa"", ""object"": ""Manter AAS e suspender Clopidogrel 5 dias antes."", ""fields"": [""Texto""]}}, {""changed"": {""name"": ""alternativa"", ""object"": ""Manter Clopidogrel e suspender AAS 5 dias antes."", ""fields"": [""Texto""]}}]"
10/11/2025 14:19:50;admin;Alteração (Editou);Fundamentando-se nos princípios do PHTLS para o ma...;"[{""changed"": {""fields"": [""Status"", ""Comentario validacao""]}}]"
10/11/2025 14:16:32;admin;Alteração (Editou);Considerando o cenário apresentado e a estabilizaç...;"[{""changed"": {""fields"": [""Status""]}}]"
10/11/2025 14:15:17;admin;Alteração (Editou);A efetividade da Linha de Cuidado em Saúde Mental ...;[]
10/11/2025 14:14:34;admin;Alteração (Editou);É correto o que se afirma em:...;"[{""changed"": {""fields"": [""Status""]}}]"
10/11/2025 14:14:06;admin;Alteração (Editou);A efetividade da Linha de Cuidado em Saúde Mental ...;"[{""changed"": {""fields"": [""Enunciado"", ""Proposicao dois""]}}, {""changed"": {""name"": ""alternativa"", ""object"": ""As asser\u00e7\u00f5es I e II s\u00e3o proposi\u00e7\u00f5es verdadeiras, e a II \u00e9 uma justificativa correta da I."", ""fields"": [""Texto""]}}, {""changed"": {""name"": ""alternativa"", ""object"": ""As asser\u00e7\u00f5es I e II s\u00e3o proposi\u00e7\u00f5es verdadeiras, mas a II n\u00e3o \u00e9 uma justificativa correta da I."", ""fields"": [""Texto""]}}, {""changed"": {""name"": ""alternativa"", ""object"": ""A asser\u00e7\u00e3o I \u00e9 uma proposi\u00e7\u00e3o verdadeira, e a II \u00e9 uma proposi\u00e7\u00e3o falsa."", ""fields"": [""Texto""]}}, {""changed"": {""name"": ""alternativa"", ""object"": ""A asser\u00e7\u00e3o I \u00e9 uma proposi\u00e7\u00e3o falsa, e a II \u00e9 uma proposi\u00e7\u00e3o verdadeira."", ""fields"": [""Texto""]}}, {""changed"": {""name"": ""alternativa"", ""object"": ""As asser\u00e7\u00f5es I e II s\u00e3o proposi\u00e7\u00f5es falsas."", ""fields"": [""Texto""]}}]"
10/11/2025 14:13:08;admin;Alteração (Editou);Considerando o contexto apresentado, e com base no...;"[{""changed"": {""fields"": [""Status""]}}]"
10/11/2025 14:12:19;admin;Alteração (Editou);Considerando as dimensões de atuação da Política N...;"[{""changed"": {""fields"": [""Status""]}}]"
10/11/2025 14:10:42;admin;Alteração (Editou);Considerando as dimensões de atuação da Política N...;"[{""changed"": {""fields"": [""Texto base""]}}]"
10/11/2025 14:00:48;admin;Alteração (Editou);Com base no cenário apresentado, qual representa a...;[]
10/11/2025 14:00:33;admin;Alteração (Editou);Considerando o texto apresentado, avalie as afirma...;"[{""changed"": {""fields"": [""Status""]}}]"
10/11/2025 14:00:24;admin;Alteração (Editou);Considerando o contexto apresentado, e com base no...;"[{""changed"": {""name"": ""alternativa"", ""object"": ""A Linha de Cuidado deve articular a\u00e7\u00f5es interprofissionais em todos os n\u00edveis de aten\u00e7\u00e3o, indo al\u00e9m da defini\u00e7\u00e3o de portas de entrada e fluxos de refer\u00eancia."", ""fields"": [""Texto""]}}, {""changed"": {""name"": ""alternativa"", ""object"": ""A APS, como coordenadora do cuidado deve realizar estratifica\u00e7\u00e3o de risco, seguimento cl\u00ednico cont\u00ednuo e retorno organizado de usu\u00e1rios, garantindo longitudinalidade e integralidade."", ""fields"": [""Texto""]}}, {""changed"": {""name"": ""alternativa"", ""object"": ""O componente especializado da rede tem papel central na gest\u00e3o de fluxos de refer\u00eancia, sendo o ponto de ordena\u00e7\u00e3o do itiner\u00e1rio terap\u00eautico em condi\u00e7\u00f5es cr\u00f4nicas."", ""fields"": [""Texto""]}}, {""changed"": {""name"": ""alternativa"", ""object"": ""A fragmenta\u00e7\u00e3o do cuidado decorre, entre outros fatores, da invers\u00e3o do papel da APS \u2014 quando ela atua apenas como encaminhadora e n\u00e3o como coordenadora da rede assistencial."", ""fields"": [""Texto""]}}]"
10/11/2025 13:59:28;admin;Alteração (Editou);Considerando o contexto apresentado, e com base no...;"[{""deleted"": {""name"": ""alternativa"", ""object"": ""Todas as afirmativas est\u00e3o corretas.""}}]"
10/11/2025 13:58:28;admin;Alteração (Editou);Considerando o texto apresentado, avalie as afirma...;"[{""changed"": {""fields"": [""Status""]}}]"
10/11/2025 13:51:45;admin;Alteração (Editou);O evento descrito exemplifica um padrão de transmi...;"[{""changed"": {""fields"": [""Status""]}}]"
10/11/2025 13:50:33;admin;Alteração (Editou);O evento descrito exemplifica um padrão de transmi...;"[{""changed"": {""name"": ""alternativa"", ""object"": ""As asser\u00e7\u00f5es I e II s\u00e3o proposi\u00e7\u00f5es verdadeiras, e a II \u00e9 uma justificativa correta da I."", ""fields"": [""Texto""]}}, {""changed"": {""name"": ""alternativa"", ""object"": ""As asser\u00e7\u00f5es I e II s\u00e3o proposi\u00e7\u00f5es verdadeiras, mas a II n\u00e3o \u00e9 uma justificativa correta da I."", ""fields"": [""Texto""]}}, {""changed"": {""name"": ""alternativa"", ""object"": ""A asser\u00e7\u00e3o I \u00e9 uma proposi\u00e7\u00e3o verdadeira, e a II \u00e9 uma proposi\u00e7\u00e3o falsa."", ""fields"": [""Texto""]}}, {""changed"": {""name"": ""alternativa"", ""object"": ""A asser\u00e7\u00e3o I \u00e9 uma proposi\u00e7\u00e3o falsa, e a II \u00e9 uma proposi\u00e7\u00e3o verdadeira."", ""fields"": [""Texto""]}}, {""changed"": {""name"": ""alternativa"", ""object"": ""As asser\u00e7\u00f5es I e II s\u00e3o proposi\u00e7\u00f5es falsas."", ""fields"": [""Texto""]}}]"
10/11/2025 13:36:13;admin;Alteração (Editou);Considerando o contexto apresentado, e com base no...;[]
10/11/2025 12:48:52;admin;Alteração (Editou);Considerando o texto apresentado, avalie as afirma...;"[{""changed"": {""fields"": [""Tipo questao"", ""Status""]}}]"
10/11/2025 12:47:59;admin;Alteração (Editou);Considerando o texto apresentado, avalie as afirma...;"[{""changed"": {""fields"": [""Tipo questao"", ""Status""]}}]"
10/11/2025 12:47:08;admin;Alteração (Editou);Considerando o texto apresentado, avalie as afirma...;"[{""changed"": {""fields"": [""Tipo questao"", ""Status""]}}]"
10/11/2025 12:45:46;admin;Alteração (Editou);Considerando o texto apresentado, avalie as afirma...;"[{""changed"": {""fields"": [""Status""]}}]"
10/11/2025 12:44:49;admin;Alteração (Editou);Com base nessas características histológicas e de ...;"[{""changed"": {""fields"": [""Status""]}}]"
10/11/2025 12:43:46;admin;Alteração (Editou);Qual é a principal consequência funcional da perda...;"[{""changed"": {""fields"": [""Status""]}}]"
10/11/2025 12:43:12;admin;Alteração (Editou);No contexto do monitoramento de terapias sistêmica...;"[{""changed"": {""fields"": [""Status""]}}]"
10/11/2025 12:42:41;admin;Alteração (Editou);"Qual é a probabilidade de que um irmão seja um ""ma...";"[{""changed"": {""fields"": [""Status""]}}]"
10/11/2025 12:38:23;admin;Alteração (Editou);Qual mecanismo de hipersensibilidade de Gell & Coo...;"[{""changed"": {""fields"": [""Status""]}}]"
10/11/2025 12:37:51;admin;Alteração (Editou);Qual mecanismo imunológico explica a lesão cardíac...;"[{""changed"": {""fields"": [""Status""]}}]"
10/11/2025 12:36:50;admin;Alteração (Editou);Considerando o perfil clínico e as comorbidades do...;"[{""changed"": {""fields"": [""Status""]}}]"
10/11/2025 12:36:16;admin;Alteração (Editou);Considerando o diagnóstico de transtorno depressiv...;"[{""changed"": {""fields"": [""Status""]}}]"
10/11/2025 12:35:41;admin;Alteração (Editou);Considerando o protocolo farmacológico para o mane...;"[{""changed"": {""fields"": [""Status""]}}]"
10/11/2025 12:35:30;admin;Alteração (Editou);Qual o diagnóstico mais provável?...;"[{""changed"": {""fields"": [""Status""]}}]"
10/11/2025 12:34:40;admin;Alteração (Editou);Poder-se -ia pensar em:...;"[{""changed"": {""fields"": [""Status""]}}]"
10/11/2025 12:32:27;admin;Alteração (Editou);Quanto aos sintomas apresentados pela paciente, é ...;"[{""changed"": {""fields"": [""Status"", ""Comentario validacao""]}}]"
10/11/2025 12:31:53;admin;Alteração (Editou);Considerando o quadro clínico apresentado e a indi...;"[{""changed"": {""fields"": [""Status""]}}]"
10/11/2025 12:31:21;admin;Alteração (Editou);Com base no quadro clínico e laboratorial apresent...;"[{""changed"": {""fields"": [""Status""]}}]"
10/11/2025 12:30:44;admin;Alteração (Editou);Considerando o quadro clínico e laboratorial apres...;"[{""changed"": {""fields"": [""Status"", ""Comentario validacao""]}}]"
10/11/2025 12:29:23;admin;Alteração (Editou);Considerando o quadro clínico-laboratorial apresen...;"[{""changed"": {""fields"": [""Status""]}}]"
10/11/2025 12:27:05;admin;Alteração (Editou);Qual é o diagnóstico mais provável?...;"[{""changed"": {""fields"": [""Status""]}}]"
10/11/2025 12:26:28;admin;Alteração (Editou);Qual dos sinais é mais sugestivo de violência físi...;"[{""changed"": {""fields"": [""Status""]}}]"
10/11/2025 12:25:43;admin;Alteração (Editou);Assinale a alternativa que indica hipótese diagnós...;"[{""changed"": {""fields"": [""Status""]}}]"
10/11/2025 12:25:12;admin;Alteração (Editou);Marque qual é a recomendação para uma criança aos ...;"[{""changed"": {""fields"": [""Status""]}}]"
10/11/2025 12:24:30;admin;Alteração (Editou);Com base nos princípios que orientam a Rede de Ate...;"[{""changed"": {""fields"": [""Status""]}}]"
10/11/2025 12:23:56;admin;Alteração (Editou);Em relação ao diagnóstico de Transtorno de Estress...;"[{""changed"": {""fields"": [""Status"", ""Comentario validacao""]}}]"
10/11/2025 12:23:22;admin;Alteração (Editou);Qual conduta é obrigatória para o profissional de ...;"[{""changed"": {""fields"": [""Status""]}}]"
10/11/2025 12:22:53;admin;Alteração (Editou);Qual o tratamento ambulatorial mais adequado?...;"[{""changed"": {""fields"": [""Status""]}}]"
10/11/2025 12:22:25;admin;Alteração (Editou);De acordo com o caso clínico acima, assinale a alt...;"[{""changed"": {""fields"": [""Status"", ""Comentario validacao""]}}]"
10/11/2025 12:21:53;admin;Alteração (Editou);Considerando o quadro clínico e histórico materno ...;"[{""changed"": {""fields"": [""Status"", ""Comentario validacao""]}}]"
10/11/2025 12:21:52;admin;Exclusão (Apagou);Qual o nome desta manobra?...;
10/11/2025 12:21:23;admin;Exclusão (Apagou);Diante do quadro clínico apresentado, qual seria o...;
10/11/2025 12:20:52;admin;Exclusão (Apagou);Visando diminuir a sua incidência, que medida pode...;
10/11/2025 12:20:52;admin;Alteração (Editou);Com base nas informações apresentadas, qual a inte...;"[{""changed"": {""fields"": [""Status"", ""Comentario validacao""]}}]"
10/11/2025 12:20:25;admin;Alteração (Editou);Qual a principal hipótese de acometimento do bebê ...;[]
10/11/2025 12:20:24;admin;Alteração (Editou);Qual a principal hipótese de acometimento do bebê ...;[]
10/11/2025 12:20:22;admin;Alteração (Editou);Qual a principal hipótese de acometimento do bebê ...;"[{""changed"": {""fields"": [""Status""]}}]"
10/11/2025 12:20:18;admin;Exclusão (Apagou);Qual a alternativa correta?...;
10/11/2025 12:20:05;admin;Alteração (Editou);Considerando o quadro clínico, exames laboratoriai...;"[{""changed"": {""fields"": [""Status"", ""Comentario validacao""]}}]"
10/11/2025 12:19:52;admin;Exclusão (Apagou);Considerando o texto apresentado, avalie as afirma...;
10/11/2025 12:19:18;admin;Exclusão (Apagou);Considerando o texto apresentado, avalie as afirma...;
10/11/2025 12:19:16;admin;Alteração (Editou);Considerando o caso apresentado, qual é a medida m...;"[{""changed"": {""fields"": [""Status"", ""Comentario validacao""]}}]"
10/11/2025 12:18:52;admin;Alteração (Editou);Segundo as diretrizes nacionais e internacionais, ...;"[{""changed"": {""fields"": [""Status"", ""Comentario validacao""]}}]"
10/11/2025 12:18:11;admin;Alteração (Editou);Com base nesse quadro clínico, qual é o diagnóstic...;"[{""changed"": {""fields"": [""Status""]}}]"
10/11/2025 12:16:01;admin;Exclusão (Apagou);onde devemos posicionar o coxim para melhor visual...;
10/11/2025 12:13:16;admin;Alteração (Editou);Qual o nome desta manobra?...;"[{""changed"": {""fields"": [""Status"", ""Comentario validacao""]}}]"
10/11/2025 12:11:05;admin;Alteração (Editou);Diante do quadro clínico apresentado, qual seria o...;"[{""changed"": {""fields"": [""Status"", ""Comentario validacao""]}}]"
10/11/2025 12:07:07;admin;Alteração (Editou);Visando diminuir a sua incidência, que medida pode...;"[{""changed"": {""fields"": [""Status"", ""Comentario validacao""]}}]"
10/11/2025 12:03:36;admin;Alteração (Editou);Considerando as definições internacionais para cri...;"[{""changed"": {""fields"": [""Status"", ""Comentario validacao""]}}]"
10/11/2025 12:03:11;admin;Alteração (Editou);O quadro clínico é compatível com:...;[]
10/11/2025 12:03:11;admin;Alteração (Editou);O quadro clínico é compatível com:...;"[{""changed"": {""fields"": [""Status"", ""Comentario validacao""]}}]"
10/11/2025 12:02:12;admin;Alteração (Editou);Sobre as complicações do transtorno por uso de sub...;"[{""changed"": {""fields"": [""Status""]}}]"
10/11/2025 12:01:31;admin;Alteração (Editou);Analisando-se as alternativas de tratamento nesse ...;"[{""changed"": {""fields"": [""Status"", ""Comentario validacao""]}}]"
10/11/2025 12:01:07;admin;Alteração (Editou);Considerando a citação acima e os fundamentos étic...;[]
10/11/2025 12:01:07;admin;Alteração (Editou);Considerando a citação acima e os fundamentos étic...;"[{""changed"": {""fields"": [""Status"", ""Comentario validacao""]}}]"
10/11/2025 12:00:49;admin;Alteração (Editou);Assinale a alternativa que apresenta o diagnóstico...;[]
10/11/2025 12:00:49;admin;Alteração (Editou);Assinale a alternativa que apresenta o diagnóstico...;"[{""changed"": {""fields"": [""Status"", ""Comentario validacao""]}}]"
10/11/2025 12:00:25;admin;Alteração (Editou);Qual a hipótese diagnóstica mais provável no caso ...;"[{""changed"": {""fields"": [""Status"", ""Comentario validacao""]}}]"
10/11/2025 12:00:09;admin;Alteração (Editou);Considerando a classificação internacional vigente...;[]
10/11/2025 11:59:55;admin;Alteração (Editou);A melhor conduta, no momento, é:...;"[{""changed"": {""fields"": [""Status"", ""Comentario validacao""]}}]"
10/11/2025 11:59:29;admin;Alteração (Editou);Com base nesses dados, assinale a alternativa corr...;"[{""changed"": {""fields"": [""Status"", ""Comentario validacao""]}}]"
10/11/2025 11:59:26;admin;Alteração (Editou);Qual a alternativa correta?...;"[{""changed"": {""fields"": [""Status"", ""Comentario validacao""]}}]"
10/11/2025 11:59:11;admin;Alteração (Editou);Qual das assertivas abaixo Maria deve receber, con...;[]
10/11/2025 11:59:11;admin;Alteração (Editou);Qual das assertivas abaixo Maria deve receber, con...;"[{""changed"": {""fields"": [""Status"", ""Comentario validacao""]}}]"
10/11/2025 11:58:56;admin;Alteração (Editou);O paciente do caso apresentado preenche critérios ...;[]
10/11/2025 11:58:44;admin;Alteração (Editou);Considerando a faixa etária do paciente e o padrão...;[]
10/11/2025 11:58:44;admin;Alteração (Editou);Considerando a faixa etária do paciente e o padrão...;"[{""changed"": {""fields"": [""Status"", ""Comentario validacao""]}}]"
10/11/2025 11:58:26;admin;Alteração (Editou);Considerando a fisiopatologia e as diretrizes de t...;[]
10/11/2025 11:58:25;admin;Alteração (Editou);Considerando a fisiopatologia e as diretrizes de t...;[]
10/11/2025 11:58:25;admin;Alteração (Editou);Considerando a fisiopatologia e as diretrizes de t...;"[{""changed"": {""fields"": [""Status"", ""Comentario validacao""]}}]"
10/11/2025 11:58:08;admin;Alteração (Editou);Com base no caso descrito, analise as afirmativas ...;"[{""changed"": {""fields"": [""Status"", ""Comentario validacao""]}}]"
10/11/2025 11:57:55;admin;Alteração (Editou);Assinale a alternativa correta sobre as medidas de...;[]
10/11/2025 11:57:55;admin;Alteração (Editou);Assinale a alternativa correta sobre as medidas de...;"[{""changed"": {""fields"": [""Status"", ""Comentario validacao""]}}]"
10/11/2025 11:57:41;admin;Alteração (Editou);Qual das opções abaixo representa o tratamento ade...;"[{""changed"": {""fields"": [""Status"", ""Comentario validacao""]}}]"
10/11/2025 11:57:27;admin;Alteração (Editou);Com base no cartão vacinal do paciente e nas indic...;"[{""changed"": {""fields"": [""Status"", ""Comentario validacao""]}}]"
10/11/2025 11:57:11;admin;Alteração (Editou);O paciente do caso apresentado preenche critérios ...;"[{""changed"": {""fields"": [""Status"", ""Comentario validacao""]}}]"
10/11/2025 11:55:13;admin;Alteração (Editou);Considerando a classificação internacional vigente...;[]
10/11/2025 11:55:13;admin;Alteração (Editou);Considerando a classificação internacional vigente...;"[{""changed"": {""fields"": [""Status"", ""Comentario validacao""]}}]"
10/11/2025 11:54:57;admin;Alteração (Editou);Com base nesse quadro clínico, qual é o diagnóstic...;"[{""changed"": {""fields"": [""Status""]}}]"
10/11/2025 11:54:44;admin;Alteração (Editou);Com base nesse quadro clínico, qual é o diagnóstic...;"[{""changed"": {""fields"": [""Comentario validacao""]}}]"
10/11/2025 11:54:17;admin;Alteração (Editou);Em relação aos programas de rastreamento populacio...;"[{""changed"": {""fields"": [""Status"", ""Comentario validacao""]}}]"
10/11/2025 11:53:49;admin;Alteração (Editou);De acordo com o quadro apresentado pela paciente e...;[]
10/11/2025 11:53:48;admin;Alteração (Editou);De acordo com o quadro apresentado pela paciente e...;"[{""changed"": {""fields"": [""Status"", ""Comentario validacao""]}}]"
10/11/2025 11:53:18;admin;Alteração (Editou);De acordo com as informações do caso, analise as a...;"[{""changed"": {""fields"": [""Status"", ""Comentario validacao""]}}]"
10/11/2025 11:52:50;admin;Alteração (Editou);Considerando o texto apresentado, avalie as afirma...;"[{""changed"": {""fields"": [""Status"", ""Comentario validacao""]}}]"
10/11/2025 11:52:28;admin;Alteração (Editou);Considerando APENAS as informações claramente expl...;"[{""changed"": {""fields"": [""Status"", ""Comentario validacao""]}}]"
10/11/2025 11:51:39;admin;Alteração (Editou);De acordo com os conceitos de Duncan sobre o ciclo...;[]
10/11/2025 11:51:38;admin;Alteração (Editou);De acordo com os conceitos de Duncan sobre o ciclo...;"[{""changed"": {""fields"": [""Status"", ""Comentario validacao""]}}]"
10/11/2025 11:46:23;admin;Alteração (Editou);8º Período;[]
10/11/2025 11:41:53;admin;Alteração (Editou);Considerando o texto apresentado, avalie as afirma...;"[{""changed"": {""fields"": [""Status"", ""Comentario validacao""]}}]"
10/11/2025 11:32:47;admin;Alteração (Editou);Onde devemos posicionar o coxim para melhor visual...;"[{""changed"": {""fields"": [""Status"", ""Comentario validacao""]}}]"
10/11/2025 11:26:13;admin;Alteração (Editou);Qual o nome desta manobra?...;"[{""changed"": {""fields"": [""Status"", ""Comentario validacao""]}}]"
10/11/2025 11:20:20;admin;Alteração (Editou);Considerando o texto apresentado, avalie as afirma...;"[{""changed"": {""fields"": [""Status"", ""Comentario validacao""]}}]"
10/11/2025 11:15:07;admin;Alteração (Editou);Considerando o texto apresentado, avalie as afirma...;"[{""changed"": {""fields"": [""Status"", ""Comentario validacao""]}}]"
10/11/2025 11:01:07;admin;Alteração (Editou);Considerando o texto apresentado, avalie as afirma...;"[{""changed"": {""fields"": [""Status"", ""Comentario validacao""]}}]"
10/11/2025 10:48:17;admin;Alteração (Editou);Considerando o texto apresentado, avalie as afirma...;"[{""changed"": {""fields"": [""Status"", ""Comentario validacao""]}}]"
10/11/2025 10:45:38;admin;Alteração (Editou);Considerando o texto apresentado, avalie as afirma...;"[{""changed"": {""fields"": [""Status"", ""Comentario validacao""]}}]"
10/11/2025 10:39:40;admin;Alteração (Editou);Considerando o texto apresentado, avalie as afirma...;"[{""changed"": {""fields"": [""Status"", ""Comentario validacao""]}}]"
10/11/2025 09:52:44;admin;Alteração (Editou);Considerando o contexto apresentado, e com base no...;"[{""changed"": {""name"": ""alternativa"", ""object"": ""II. A APS, como coordenadora do cuidado deve realizar estratifica\u00e7\u00e3o de risco, seguimento cl\u00ednico cont\u00ednuo e retorno organizado de usu\u00e1rios, garantindo longitudinalidade e integralidade."", ""fields"": [""Texto""]}}]"
10/11/2025 09:40:00;admin;Alteração (Editou);Assinale a alternativa que contem três característ...;[]
10/11/2025 09:38:39;admin;Alteração (Editou);Assinale a alternativa com as manobras semiológica...;"[{""changed"": {""fields"": [""Texto base""]}}]"
10/11/2025 09:35:30;admin;Alteração (Editou);Durante o exame cardíaco, para melhor auscultar o ...;[]
10/11/2025 09:35:21;admin;Alteração (Editou);O ictus cordis deve ser avaliado preferencialmente...;[]
10/11/2025 09:35:12;admin;Alteração (Editou);Qual dado do exame físico seria mais esperado ness...;[]
10/11/2025 09:35:02;admin;Alteração (Editou);Considerando o achado de B3 audível no foco mitral...;[]
10/11/2025 09:34:47;admin;Alteração (Editou);Qual dado do exame físico seria mais esperado ness...;[]
10/11/2025 09:34:37;admin;Alteração (Editou);Qual dos diagnósticos semiológicos é mais provável...;[]
10/11/2025 09:34:20;admin;Alteração (Editou);Considerando os achados semiológicos clássicos da ...;[]
10/11/2025 09:33:45;admin;Alteração (Editou);Assinale a alternativa com as manobras semiológica...;[]
10/11/2025 09:32:48;admin;Alteração (Editou);Considerando os achados semiológicos clássicos da ...;[]
10/11/2025 09:31:55;admin;Alteração (Editou);Assinale a alternativa com as manobras semiológica...;[]
10/11/2025 09:31:03;admin;Alteração (Editou);Considerando os princípios da leitura crítica de a...;[]
10/11/2025 09:29:07;admin;Alteração (Editou);Assinale a alternativa com as manobras semiológica...;[]
10/11/2025 09:25:53;admin;Alteração (Editou);Quais seriam os achados de exame físico/exames com...;"[{""changed"": {""fields"": [""Status""]}}]"
10/11/2025 09:25:13;admin;Alteração (Editou);Assinale a alternativa com as manobras semiológica...;"[{""changed"": {""fields"": [""Texto base""]}}]"
10/11/2025 09:21:25;admin;Alteração (Editou);Considerando o caso acima, qual alternativa melhor...;[]
10/11/2025 09:20:45;admin;Alteração (Editou);Considerando o caso acima, qual alternativa melhor...;[]
10/11/2025 09:19:26;admin;Alteração (Editou);Quais seriam os achados de exame físico/exames com...;[]
10/11/2025 09:17:38;admin;Alteração (Editou);Considerando os achados semiológicos clássicos da ...;[]
10/11/2025 09:16:44;admin;Alteração (Editou);Assinale a alternativa com as manobras semiológica...;[]
10/11/2025 09:07:41;admin;Alteração (Editou);Assinale a alternativa com as manobras semiológica...;[]
10/11/2025 09:05:56;admin;Alteração (Editou);Assinale a alternativa que contem três característ...;[]
10/11/2025 09:05:27;admin;Alteração (Editou);Quais seriam os achados de exame físico/exames com...;[]
10/11/2025 08:55:00;admin;Alteração (Editou);Qual a estratégia mais eficaz para prevenção no pe...;[]
10/11/2025 08:48:35;admin;Alteração (Editou);Nesse caso hipotético, considerando-se a cirurgia ...;[]
07/11/2025 15:06:13;admin;Alteração (Editou);PNEUMO (A-B) (6º Período);"[{""changed"": {""fields"": [""Numero questoes prova""]}}]"
07/11/2025 12:26:43;admin;Alteração (Editou);Considerando o contexto apresentado, e com base no...;[]
07/11/2025 12:25:14;admin;Alteração (Editou);Considerando o contexto apresentado, e com base no...;"[{""changed"": {""fields"": [""Texto base"", ""Enunciado""]}}, {""changed"": {""name"": ""alternativa"", ""object"": ""II.A APS, como coordenadora do cuidado deve realizar estratifica\u00e7\u00e3o de risco, seguimento cl\u00ednico cont\u00ednuo e retorno organizado de usu\u00e1rios, garantindo longitudinalidade e integralidade."", ""fields"": [""Texto""]}}]"
07/11/2025 12:15:52;admin;Alteração (Editou);Considerando o texto apresentado, avalie as afirma...;"[{""changed"": {""fields"": [""Tipo questao""]}}, {""changed"": {""name"": ""alternativa"", ""object"": ""I. A Linha de Cuidado deve articular a\u00e7\u00f5es interprofissionais em todos os n\u00edveis de aten\u00e7\u00e3o, indo al\u00e9m da defini\u00e7\u00e3o de portas de entrada e fluxos de refer\u00eancia."", ""fields"": [""Texto"", ""Eh correta""]}}, {""changed"": {""name"": ""alternativa"", ""object"": ""II.\tA APS, como coordenadora do cuidado deve realizar estratifica\u00e7\u00e3o de risco, seguimento cl\u00ednico cont\u00ednuo e retorno organizado de usu\u00e1rios, garantindo longitudinalidade e integralidade."", ""fields"": [""Texto"", ""Eh correta""]}}, {""changed"": {""name"": ""alternativa"", ""object"": ""III.\tO componente especializado da rede tem papel central na gest\u00e3o de fluxos de refer\u00eancia, sendo o ponto de ordena\u00e7\u00e3o do itiner\u00e1rio terap\u00eautico em condi\u00e7\u00f5es cr\u00f4nicas."", ""fields"": [""Texto""]}}, {""changed"": {""name"": ""alternativa"", ""object"": ""IV.\tA fragmenta\u00e7\u00e3o do cuidado decorre, entre outros fatores, da invers\u00e3o do papel da APS \u2014 quando ela atua apenas como encaminhadora e n\u00e3o como coordenadora da rede assistencial."", ""fields"": [""Texto""]}}]"
07/11/2025 12:06:41;admin;Alteração (Editou);Sobre este achado:...;[]
07/11/2025 11:56:44;admin;Alteração (Editou);Sobre este achado, podemos afirmar:...;[]
07/11/2025 11:27:13;admin;Alteração (Editou);Considerando os critérios de Berlim para o diagnós...;"[{""changed"": {""fields"": [""Status""]}}]"
06/11/2025 23:24:46;admin;Alteração (Editou);Quais seriam os achados de exame físico/exames com...;[]
06/11/2025 23:22:29;admin;Alteração (Editou);Nesse caso hipotético, considerando-se a cirurgia ...;"[{""changed"": {""fields"": [""Status"", ""Comentario validacao""]}}]"
06/11/2025 18:09:39;admin;Alteração (Editou);Considerando o texto apresentado, avalie as afirma...;"[{""changed"": {""fields"": [""Texto base"", ""Status""]}}, {""changed"": {""name"": ""alternativa"", ""object"": ""A di\u00e1stase ocorre devido ao afastamento dos m\u00fasculos transverso do abdome da linha alba."", ""fields"": [""Texto""]}}, {""changed"": {""name"": ""alternativa"", ""object"": ""Os m\u00fasculos reto do abdome s\u00e3o pares, situados lateralmente \u00e0 linha alba, e est\u00e3o envolvidos por uma bainha fibrosa composta por duas l\u00e2minas aponeur\u00f3ticas (anterior e posterior)."", ""fields"": [""Texto""]}}, {""changed"": {""name"": ""alternativa"", ""object"": ""A di\u00e1stase dos retos est\u00e1 frequentemente associada \u00e0 fraqueza da parede abdominal e pode ser observada em condi\u00e7\u00f5es de aumento de press\u00e3o intra-abdominal, como gesta\u00e7\u00e3o e obesidade."", ""fields"": [""Texto""]}}, {""changed"": {""name"": ""alternativa"", ""object"": ""Os m\u00fasculos reto do abdome \u00e9 um m\u00fasculo classificado como polig\u00e1strico."", ""fields"": [""Texto""]}}]"
06/11/2025 18:08:22;admin;Alteração (Editou);Assinale a alternativa que identifica corretamente...;"[{""changed"": {""fields"": [""Enunciado"", ""Status""]}}]"
06/11/2025 18:04:00;admin;Alteração (Editou);Com base nessa situação, assinale a alternativa co...;"[{""changed"": {""fields"": [""Status""]}}]"
06/11/2025 18:03:12;admin;Alteração (Editou);Com base nisso, assinale a alternativa que apresen...;"[{""changed"": {""fields"": [""Enunciado"", ""Status""]}}]"
06/11/2025 18:02:17;admin;Alteração (Editou);Com base nas informações do caso e nos conheciment...;"[{""changed"": {""fields"": [""Enunciado"", ""Status""]}}]"
06/11/2025 12:15:40;admin;Alteração (Editou);Nesse caso hipotético, considerando-se a cirurgia ...;[]
06/11/2025 12:15:10;admin;Alteração (Editou);Nesse caso hipotético, considerando-se a cirurgia ...;[]
06/11/2025 12:12:01;admin;Alteração (Editou);Considerando os princípios que norteiam as Linhas ...;"[{""changed"": {""fields"": [""Status""]}}, {""changed"": {""name"": ""alternativa"", ""object"": ""Foco na aten\u00e7\u00e3o terci\u00e1ria e de alta complexidade."", ""fields"": [""Texto""]}}]"
06/11/2025 12:11:31;admin;Alteração (Editou);Considerando o texto apresentado, avalie as afirma...;"[{""changed"": {""fields"": [""Tipo questao""]}}]"
06/11/2025 12:06:21;admin;Alteração (Editou);Nesse caso hipotético, considerando-se a cirurgia ...;[]
06/11/2025 12:03:32;admin;Alteração (Editou);Qual a estratégia mais eficaz para prevenção no pe...;[]
06/11/2025 12:02:59;admin;Alteração (Editou);Nesse caso hipotético, considerando-se a cirurgia ...;[]
06/11/2025 12:02:35;admin;Alteração (Editou);Qual a estratégia mais eficaz para prevenção no pe...;"[{""changed"": {""fields"": [""Status"", ""Comentario validacao""]}}]"
06/11/2025 11:54:34;admin;Alteração (Editou);Nesse caso hipotético, considerando-se a cirurgia ...;[]
06/11/2025 11:35:45;admin;Alteração (Editou);O evento descrito exemplifica um padrão de transmi...;[]
06/11/2025 11:33:48;admin;Alteração (Editou);Nesse caso hipotético, considerando-se a cirurgia ...;[]
06/11/2025 11:27:21;admin;Alteração (Editou);Durante o exame cardíaco, para melhor auscultar o ...;"[{""changed"": {""fields"": [""Status""]}}]"
06/11/2025 11:26:44;admin;Alteração (Editou);Durante o exame cardíaco, para melhor auscultar o ...;[]
06/11/2025 11:24:08;admin;Alteração (Editou);Durante o exame cardíaco, para melhor auscultar o ...;"[{""changed"": {""fields"": [""Texto base"", ""Enunciado""]}}, {""changed"": {""name"": ""alternativa"", ""object"": ""2\u00ba espa\u00e7o intercostal direito, paraesternal."", ""fields"": [""Texto""]}}, {""changed"": {""name"": ""alternativa"", ""object"": ""2\u00ba espa\u00e7o intercostal esquerdo, paraesternal."", ""fields"": [""Texto""]}}, {""changed"": {""name"": ""alternativa"", ""object"": ""4\u00ba espa\u00e7o intercostal esquerdo, linha paraesternal."", ""fields"": [""Texto""]}}, {""changed"": {""name"": ""alternativa"", ""object"": ""5\u00ba espa\u00e7o intercostal esquerdo, linha hemiclavicular."", ""fields"": [""Texto""]}}, {""changed"": {""name"": ""alternativa"", ""object"": ""6\u00ba espa\u00e7o intercostal direito, linha axilar anterior."", ""fields"": [""Texto""]}}]"
06/11/2025 11:20:27;admin;Alteração (Editou);O ictus cordis deve ser avaliado preferencialmente...;"[{""changed"": {""fields"": [""Status""]}}]"
06/11/2025 11:20:00;admin;Alteração (Editou);O ictus cordis deve ser avaliado preferencialmente...;"[{""changed"": {""fields"": [""Texto base""]}}, {""changed"": {""name"": ""alternativa"", ""object"": ""Inspe\u00e7\u00e3o do prec\u00f3rdio em dec\u00fabito dorsal."", ""fields"": [""Texto""]}}, {""changed"": {""name"": ""alternativa"", ""object"": ""Palpa\u00e7\u00e3o no 2\u00ba espa\u00e7o intercostal direito."", ""fields"": [""Texto""]}}, {""changed"": {""name"": ""alternativa"", ""object"": ""Palpa\u00e7\u00e3o no 5\u00ba EIC esquerdo, com polpa digital, paciente semi-inclinado."", ""fields"": [""Texto""]}}, {""changed"": {""name"": ""alternativa"", ""object"": ""Percuss\u00e3o do hemit\u00f3rax esquerdo."", ""fields"": [""Texto""]}}, {""changed"": {""name"": ""alternativa"", ""object"": ""Ausculta com camp\u00e2nula do estetosc\u00f3pio."", ""fields"": [""Texto""]}}]"
06/11/2025 11:14:39;admin;Alteração (Editou);Considerando o achado de B3 audível no foco mitral...;[]
06/11/2025 11:13:58;admin;Alteração (Editou);O ictus cordis deve ser avaliado preferencialmente...;"[{""changed"": {""fields"": [""Enunciado""]}}]"
06/11/2025 11:13:34;admin;Alteração (Editou);Considerando o achado de B3 audível no foco mitral...;"[{""changed"": {""fields"": [""Status""]}}]"
06/11/2025 11:13:28;admin;Alteração (Editou);Considerando o achado de B3 audível no foco mitral...;"[{""changed"": {""fields"": [""Texto base""]}}]"
06/11/2025 11:12:46;admin;Alteração (Editou);Considerando o achado de B3 audível no foco mitral...;"[{""changed"": {""fields"": [""Enunciado""]}}, {""changed"": {""name"": ""alternativa"", ""object"": ""Normal para a idade."", ""fields"": [""Texto""]}}, {""changed"": {""name"": ""alternativa"", ""object"": ""Sinal de estenose mitral."", ""fields"": [""Texto""]}}, {""changed"": {""name"": ""alternativa"", ""object"": ""Indicativo de sopro inocente."", ""fields"": [""Texto""]}}, {""changed"": {""name"": ""alternativa"", ""object"": ""Sugestivo de disfun\u00e7\u00e3o ventricular esquerda."", ""fields"": [""Texto""]}}, {""changed"": {""name"": ""alternativa"", ""object"": ""Encontrado exclusivamente em atletas."", ""fields"": [""Texto""]}}]"
06/11/2025 11:09:56;admin;Alteração (Editou);Qual dado do exame físico seria mais esperado ness...;"[{""changed"": {""fields"": [""Status""]}}]"
06/11/2025 11:09:46;admin;Alteração (Editou);Qual dado do exame físico seria mais esperado ness...;"[{""changed"": {""fields"": [""Texto base""]}}, {""changed"": {""name"": ""alternativa"", ""object"": ""Estertores difusos bilaterais."", ""fields"": [""Texto""]}}, {""changed"": {""name"": ""alternativa"", ""object"": ""Sinal de Levine positivo."", ""fields"": [""Texto""]}}, {""changed"": {""name"": ""alternativa"", ""object"": ""Ro\u00e7ar peric\u00e1rdico."", ""fields"": [""Texto""]}}, {""changed"": {""name"": ""alternativa"", ""object"": ""Atrito pleural."", ""fields"": [""Texto""]}}, {""changed"": {""name"": ""alternativa"", ""object"": ""Desvio traqueal."", ""fields"": [""Texto""]}}]"
06/11/2025 11:08:08;admin;Alteração (Editou);Qual dos diagnósticos semiológicos é mais provável...;"[{""changed"": {""fields"": [""Texto base"", ""Status""]}}, {""changed"": {""name"": ""alternativa"", ""object"": ""Dor isqu\u00eamica."", ""fields"": [""Texto""]}}, {""changed"": {""name"": ""alternativa"", ""object"": ""Dor peric\u00e1rdica."", ""fields"": [""Texto""]}}, {""changed"": {""name"": ""alternativa"", ""object"": ""Dor pleur\u00edtica."", ""fields"": [""Texto""]}}, {""changed"": {""name"": ""alternativa"", ""object"": ""Refluxo gastroesof\u00e1gico."", ""fields"": [""Texto""]}}, {""changed"": {""name"": ""alternativa"", ""object"": ""Angina variante."", ""fields"": [""Texto""]}}]"
06/11/2025 11:06:45;admin;Alteração (Editou);Considerando o caso acima, qual alternativa melhor...;"[{""changed"": {""fields"": [""Status""]}}]"
06/11/2025 11:06:17;admin;Alteração (Editou);Considerando o caso acima, qual alternativa melhor...;"[{""changed"": {""fields"": [""Texto base""]}}, {""changed"": {""name"": ""alternativa"", ""object"": ""Dor neurop\u00e1tica \u2013 neuropatia compressiva do nervo tibial."", ""fields"": [""Texto""]}}, {""changed"": {""name"": ""alternativa"", ""object"": ""Claudica\u00e7\u00e3o intermitente \u2013 insufici\u00eancia arterial cr\u00f4nica."", ""fields"": [""Texto""]}}, {""changed"": {""name"": ""alternativa"", ""object"": ""Dor surda \u2013 trombose venosa profunda."", ""fields"": [""Texto""]}}, {""changed"": {""name"": ""alternativa"", ""object"": ""Dor nocipl\u00e1stica \u2013 s\u00edndrome do dedo azul."", ""fields"": [""Texto""]}}, {""changed"": {""name"": ""alternativa"", ""object"": ""Dor de origem inflamat\u00f3ria."", ""fields"": [""Texto""]}}]"
06/11/2025 11:04:08;admin;Alteração (Editou);Quais seriam os achados de exame físico/exames com...;[]
06/11/2025 11:03:36;admin;Alteração (Editou);Quais seriam os achados de exame físico/exames com...;[]
06/11/2025 11:03:17;admin;Alteração (Editou);Quais seriam os achados de exame físico/exames com...;"[{""changed"": {""name"": ""alternativa"", ""object"": ""Empastamento de panturrilhas e sinal de Homans positivo."", ""fields"": [""Texto""]}}]"
06/11/2025 11:02:54;admin;Alteração (Editou);Quais seriam os achados de exame físico/exames com...;"[{""changed"": {""fields"": [""Texto base"", ""Enunciado""]}}, {""changed"": {""name"": ""alternativa"", ""object"": ""\u00cdndice tornozelo-braquial de 1,0 e pulsos tibiais posteriores cheios e sim\u00e9tricos."", ""fields"": [""Texto""]}}, {""changed"": {""name"": ""alternativa"", ""object"": ""Empastamento de panturrilhas e sinal de Homans positivo;"", ""fields"": [""Texto""]}}, {""changed"": {""name"": ""alternativa"", ""object"": ""Teste de isquemia provocada negativo e sinal do cacifo positivo."", ""fields"": [""Texto""]}}, {""changed"": {""name"": ""alternativa"", ""object"": ""Manobra de Buerger (palidez plantar) positiva \u00e0 direita e pulsos distais reduzidos."", ""fields"": [""Texto""]}}, {""changed"": {""name"": ""alternativa"", ""object"": ""Manobra de Homans."", ""fields"": [""Texto""]}}]"
06/11/2025 10:58:41;admin;Alteração (Editou);Assinale a alternativa que contem três característ...;"[{""changed"": {""fields"": [""Status"", ""Comentario validacao""]}}]"
06/11/2025 10:57:07;admin;Alteração (Editou);Assinale a alternativa que contem três característ...;"[{""changed"": {""name"": ""alternativa"", ""object"": ""Dor que piora \u00e0 deambula\u00e7\u00e3o, rarefa\u00e7\u00e3o de pelos e presen\u00e7a de eritrocianose."", ""fields"": [""Texto""]}}, {""changed"": {""name"": ""alternativa"", ""object"": ""\u00dalcera mal\u00e9olo medial, dermatite de estase, presen\u00e7a de veias varicosas."", ""fields"": [""Texto""]}}, {""changed"": {""name"": ""alternativa"", ""object"": ""Sensa\u00e7\u00e3o de peso em MMII, cianose, parestesias."", ""fields"": [""Texto""]}}]"
06/11/2025 10:56:29;admin;Alteração (Editou);Assinale a alternativa com as manobras semiológica...;"[{""changed"": {""fields"": [""Texto base"", ""Justificativa"", ""Status""]}}, {""changed"": {""name"": ""alternativa"", ""object"": ""Flex\u00e3o dorsal for\u00e7ada do p\u00e9 e manobra de Olow."", ""fields"": [""Texto""]}}]"
06/11/2025 10:51:00;admin;Alteração (Editou);Assinale a alternativa que contem três característ...;[]
06/11/2025 10:50:55;admin;Alteração (Editou);Assinale a alternativa que contem três característ...;[]
06/11/2025 10:42:45;admin;Alteração (Editou);(SEMIO-07) Quais seriam os achados de exame físico...;[]
06/11/2025 10:32:27;admin;Alteração (Editou);Considerando os achados semiológicos clássicos da ...;"[{""changed"": {""fields"": [""Status""]}}]"
06/11/2025 10:32:06;admin;Alteração (Editou);Considerando os achados semiológicos clássicos da ...;"[{""changed"": {""fields"": [""Texto base""]}}, {""changed"": {""name"": ""alternativa"", ""object"": ""Altera\u00e7\u00f5es tr\u00f3ficas como rarefa\u00e7\u00e3o de pelos, atrofia de pele e subcut\u00e2neo s\u00e3o raras em quadros de insufici\u00eancia arterial cr\u00f4nica;"", ""fields"": [""Texto""]}}, {""changed"": {""name"": ""alternativa"", ""object"": ""O edema linf\u00e1tico \u00e9 vespertino, mole e depress\u00edvel, predominando do lado acometido;"", ""fields"": [""Texto""]}}, {""changed"": {""name"": ""alternativa"", ""object"": ""Fen\u00f4meno de Raynaud se caracteriza por espasmo vascular, deflagrado por frio ou estresse, em geral trif\u00e1sico: palidez inicial (vasoespasmo), seguido de cianose e rubor (reperfus\u00e3o);"", ""fields"": [""Texto""]}}, {""changed"": {""name"": ""alternativa"", ""object"": ""A gangrena seca tem limites mal definidos, em geral acompanhada de secre\u00e7\u00e3o serossanguinolenta ou purulenta, com forte mau cheiro, dor e pele de consist\u00eancia el\u00e1stica."", ""fields"": [""Texto""]}}]"
06/11/2025 10:30:44;admin;Alteração (Editou);Assinale a alternativa com as manobras semiológica...;[]
06/11/2025 10:30:14;admin;Alteração (Editou);Assinale a alternativa com as manobras semiológica...;"[{""changed"": {""name"": ""alternativa"", ""object"": ""Flex\u00e3o dorsal for\u00e7ada do p\u00e9 e manobra de Olow;"", ""fields"": [""Texto""]}}, {""changed"": {""name"": ""alternativa"", ""object"": ""Manobra de Osler e flex\u00e3o plantar do p\u00e9."", ""fields"": [""Texto""]}}, {""changed"": {""name"": ""alternativa"", ""object"": ""Eleva\u00e7\u00e3o dos membros e palpa\u00e7\u00e3o do pulso tibial posterior."", ""fields"": [""Texto""]}}, {""changed"": {""name"": ""alternativa"", ""object"": ""Manobra de Denecke-Payr e manobra da marcha."", ""fields"": [""Texto""]}}, {""changed"": {""name"": ""alternativa"", ""object"": ""Compress\u00e3o do tr\u00edceps sural e teste de Trendelenburg."", ""fields"": [""Texto""]}}]"
06/11/2025 10:29:44;admin;Alteração (Editou);Assinale a alternativa com as manobras semiológica...;"[{""changed"": {""fields"": [""Texto base""]}}, {""changed"": {""name"": ""alternativa"", ""object"": ""b)\tManobra de Osler e flex\u00e3o plantar do p\u00e9."", ""fields"": [""Texto""]}}, {""changed"": {""name"": ""alternativa"", ""object"": ""c)\tEleva\u00e7\u00e3o dos membros e palpa\u00e7\u00e3o do pulso tibial posterior."", ""fields"": [""Texto""]}}]"
06/11/2025 10:26:26;admin;Alteração (Editou);Assinale a alternativa que contem três característ...;[]
06/11/2025 10:17:38;admin;Alteração (Editou);Assinale a alternativa que contem três característ...;"[{""changed"": {""fields"": [""Texto base""]}}, {""changed"": {""name"": ""alternativa"", ""object"": ""Dor que piora \u00e0 deambula\u00e7\u00e3o, rarefa\u00e7\u00e3o de pelos e presen\u00e7a de eritrocianose;"", ""fields"": [""Texto""]}}, {""changed"": {""name"": ""alternativa"", ""object"": ""\u00dalcera mal\u00e9olo medial, dermatite de estase, presen\u00e7a de veias varicosas;"", ""fields"": [""Texto""]}}, {""changed"": {""name"": ""alternativa"", ""object"": ""Sensa\u00e7\u00e3o de peso em MMII, cianose, parestesias;"", ""fields"": [""Texto""]}}, {""changed"": {""name"": ""alternativa"", ""object"": ""\u00dalceras plantares, gangrena, presen\u00e7a de veias varicosas."", ""fields"": [""Texto""]}}]"
06/11/2025 10:13:11;admin;Alteração (Editou);Considerando os princípios que norteiam as Linhas ...;[]
06/11/2025 10:10:29;admin;Alteração (Editou);Considerando os princípios que norteiam as Linhas ...;"[{""changed"": {""name"": ""alternativa"", ""object"": ""Foco exclusivo na aten\u00e7\u00e3o terci\u00e1ria e de alta complexidade."", ""fields"": [""Texto""]}}]"
06/11/2025 10:04:53;admin;Alteração (Editou);Considerando os princípios que norteiam as Linhas ...;"[{""changed"": {""name"": ""alternativa"", ""object"": ""Foco na aten\u00e7\u00e3o terci\u00e1ria e de alta complexidade."", ""fields"": [""Texto""]}}]"
06/11/2025 10:04:04;admin;Alteração (Editou);Considerando os princípios que norteiam as Linhas ...;"[{""changed"": {""name"": ""alternativa"", ""object"": ""Separa\u00e7\u00e3o r\u00edgida entre as a\u00e7\u00f5es de promo\u00e7\u00e3o, preven\u00e7\u00e3o e tratamento."", ""fields"": [""Texto"", ""Eh correta""]}}, {""changed"": {""name"": ""alternativa"", ""object"": ""Articula\u00e7\u00e3o entre diferentes pontos de aten\u00e7\u00e3o e a continuidade do cuidado."", ""fields"": [""Texto"", ""Eh correta""]}}]"
06/11/2025 10:02:50;admin;Alteração (Editou);Considerando os princípios que norteiam as Linhas ...;"[{""changed"": {""name"": ""alternativa"", ""object"": ""Foco exclusivo na aten\u00e7\u00e3o terci\u00e1ria e de alta complexidade."", ""fields"": [""Texto""]}}, {""changed"": {""name"": ""alternativa"", ""object"": ""Articula\u00e7\u00e3o entre diferentes pontos de aten\u00e7\u00e3o e a continuidade do cuidado."", ""fields"": [""Texto""]}}, {""changed"": {""name"": ""alternativa"", ""object"": ""\u00canfase na medicaliza\u00e7\u00e3o e na prescri\u00e7\u00e3o de f\u00e1rmacos como \u00fanica abordagem."", ""fields"": [""Texto""]}}, {""changed"": {""name"": ""alternativa"", ""object"": ""Prioriza\u00e7\u00e3o de um modelo de aten\u00e7\u00e3o centrado na figura do m\u00e9dico especialista."", ""fields"": [""Texto""]}}, {""changed"": {""name"": ""alternativa"", ""object"": ""Separa\u00e7\u00e3o r\u00edgida entre as a\u00e7\u00f5es de promo\u00e7\u00e3o, preven\u00e7\u00e3o e tratamento."", ""fields"": [""Texto""]}}]"
06/11/2025 09:59:09;admin;Alteração (Editou);Considerando o texto apresentado, avalie as afirma...;[]
06/11/2025 09:58:37;admin;Alteração (Editou);Considerando o texto apresentado, avalie as afirma...;"[{""changed"": {""fields"": [""Texto base""]}}]"
06/11/2025 09:48:15;admin;Alteração (Editou);I. A efetividade da Linha de Cuidado em Saúde Ment...;"[{""changed"": {""fields"": [""Texto base"", ""Status""]}}]"
06/11/2025 09:45:42;admin;Alteração (Editou);Considerando a conduta da médica, a função central...;"[{""changed"": {""fields"": [""Status""]}}]"
06/11/2025 09:44:18;admin;Alteração (Editou);Considerando a conduta da médica, a função central...;"[{""changed"": {""fields"": [""Justificativa""]}}]"
06/11/2025 09:42:48;admin;Alteração (Editou);Considerando a conduta da médica, a função central...;"[{""changed"": {""fields"": [""Texto base""]}}, {""changed"": {""name"": ""alternativa"", ""object"": ""Autorizar automaticamente a solicita\u00e7\u00e3o da m\u00e9dica, respeitando a autonomia do profissional da aten\u00e7\u00e3o prim\u00e1ria."", ""fields"": [""Texto"", ""Eh correta""]}}, {""changed"": {""name"": ""alternativa"", ""object"": ""Organizar o fluxo assistencial, garantindo o acesso do paciente ao servi\u00e7o especializado de forma equ\u00e2nime e ordenada."", ""fields"": [""Texto"", ""Eh correta""]}}]"
06/11/2025 09:17:03;admin;Alteração (Editou);Considerando os princípios que norteiam as Linhas ...;[]
06/11/2025 09:15:50;admin;Alteração (Editou);Considerando as dimensões de atuação da Política N...;"[{""changed"": {""fields"": [""Status"", ""Comentario validacao""]}}]"
06/11/2025 08:03:44;admin;Alteração (Editou);Com base no cenário apresentado, qual representa a...;"[{""changed"": {""fields"": [""Status""]}}]"
05/11/2025 14:59:09;admin;Alteração (Editou);Considerando as dimensões de atuação da Política N...;"[{""changed"": {""fields"": [""Texto base""]}}]"
05/11/2025 14:58:17;admin;Alteração (Editou);Com base no cenário apresentado, qual representa a...;"[{""changed"": {""fields"": [""Texto base""]}}]"
05/11/2025 14:57:03;admin;Alteração (Editou);Considerando os princípios que norteiam as Linhas ...;"[{""changed"": {""fields"": [""Texto base""]}}]"
05/11/2025 14:53:14;admin;Alteração (Editou);Qual a estratégia mais eficaz para prevenção no pe...;[]
05/11/2025 14:48:27;admin;Alteração (Editou);Assinale a afirmativa que mostre o diagnóstico ma...;"[{""changed"": {""fields"": [""Status""]}}]"
05/11/2025 14:47:08;admin;Alteração (Editou);Qual a estratégia mais eficaz para prevenção no pe...;[]
05/11/2025 14:25:16;admin;Alteração (Editou);Qual a estratégia mais eficaz para prevenção no pe...;"[{""changed"": {""fields"": [""Comentario validacao""]}}, {""changed"": {""name"": ""alternativa"", ""object"": ""Estimular mobiliza\u00e7\u00e3o ativa e deambula\u00e7\u00e3o."", ""fields"": [""Texto""]}}]"
05/11/2025 14:21:31;admin;Alteração (Editou);Qual a estratégia mais eficaz para prevenção no pe...;[]
05/11/2025 14:16:08;admin;Alteração (Editou);Nesse caso hipotético, considerando-se a cirurgia ...;[]
05/11/2025 14:12:22;admin;Alteração (Editou);Quais das seguintes sentenças abaixo é verdadeira?...;"[{""changed"": {""fields"": [""Status""]}}]"
05/11/2025 14:11:57;admin;Alteração (Editou);Quais das seguintes sentenças abaixo é verdadeira?...;"[{""changed"": {""name"": ""alternativa"", ""object"": ""Geralmente os testes de fun\u00e7\u00e3o pulmonar no pr\u00e9-operat\u00f3rio para cirurgias p\u00e9lvicas previnem complica\u00e7\u00f5es pulmonares ap\u00f3s a cirurgia."", ""fields"": [""Texto""]}}, {""changed"": {""name"": ""alternativa"", ""object"": ""Deve-se geralmente se considerar a realiza\u00e7\u00e3o dos testes de fun\u00e7\u00e3o pulmonar no pr\u00e9-operat\u00f3rio de pacientes que se submeter\u00e3o a cirurgia de colecistectomia aberta por se tratar de uma cirurgia no andar superior do abdome."", ""fields"": [""Texto""]}}, {""changed"": {""name"": ""alternativa"", ""object"": ""Para a maioria das cirurgias de ressec\u00e7\u00f5es pulmonares os testes de fun\u00e7\u00e3o pulmonar no pr\u00e9-operat\u00f3rio n\u00e3o t\u00eam utilidade na preven\u00e7\u00e3o de complica\u00e7\u00f5es."", ""fields"": [""Texto""]}}, {""changed"": {""name"": ""alternativa"", ""object"": ""Um m\u00e9todo f\u00e1cil e barato para determinar o estado funcional cardiopulmonar para opera\u00e7\u00e3o n\u00e3o card\u00edaca \u00e9 a capacidade ou incapacidade de o paciente subir escadas."", ""fields"": [""Texto""]}}, {""changed"": {""name"": ""alternativa"", ""object"": ""As recomenda\u00e7\u00f5es gerais s\u00e3o para que se espere pelo menos 2 anos ap\u00f3s a ocorr\u00eancia de um infarto agudo do mioc\u00e1rdio para que o paciente possa ser operado."", ""fields"": [""Texto""]}}]"
05/11/2025 14:07:04;admin;Alteração (Editou);Levando em consideração o seu mecanismo de ação, s...;"[{""changed"": {""fields"": [""Status""]}}]"
05/11/2025 14:04:53;admin;Alteração (Editou);Qual a importância do fator X ativado?...;"[{""changed"": {""fields"": [""Status""]}}]"
05/11/2025 14:03:26;admin;Alteração (Editou);Qual componente da tríade de Virchow se destaca ne...;[]
05/11/2025 14:03:06;admin;Alteração (Editou);Qual componente da tríade de Virchow se destaca ne...;"[{""changed"": {""fields"": [""Status""]}}]"
05/11/2025 06:35:04;admin;Alteração (Editou);PNEUMO (A-B) (6º Período);"[{""changed"": {""fields"": [""Numero questoes prova""]}}]"
04/11/2025 16:43:33;admin;Alteração (Editou);Diante das disposições da Resolução CFM nº 2.336/2...;[]
04/11/2025 16:43:14;admin;Alteração (Editou);Com base nos princípios éticos e legais que regem ...;[]
04/11/2025 16:42:47;admin;Alteração (Editou);Com base no Código de Ética Médica (Resolução CFM ...;[]
04/11/2025 16:41:42;admin;Alteração (Editou);Com base nas normas éticas do Conselho Federal de ...;[]
04/11/2025 16:34:27;admin;Alteração (Editou);Considerando o quadro clínico agudo e o histórico ...;[]
04/11/2025 16:34:09;admin;Alteração (Editou);Considerando as propriedades dos glicocorticoides,...;[]
04/11/2025 16:33:53;admin;Alteração (Editou);Considerando a abordagem da analgesia multimodal e...;[]
04/11/2025 16:33:33;admin;Alteração (Editou);Com base no quadro clínico e nas diretrizes farmac...;[]
04/11/2025 16:33:04;admin;Alteração (Editou);Considerando o perfil clínico e metabólico do paci...;[]
04/11/2025 16:32:41;admin;Alteração (Editou);Considerando o cenário clínico apresentado e as di...;[]
04/11/2025 16:32:15;admin;Alteração (Editou);Considerando o perfil clínico e farmacoterapêutico...;"[{""changed"": {""fields"": [""Status""]}}]"
04/11/2025 16:31:06;admin;Alteração (Editou);Considerando a abordagem da analgesia multimodal e...;[]
04/11/2025 16:30:50;admin;Alteração (Editou);Considerando as propriedades dos glicocorticoides,...;[]
04/11/2025 16:30:33;admin;Alteração (Editou);Considerando o quadro clínico agudo e o histórico ...;"[{""changed"": {""fields"": [""Status""]}}]"
04/11/2025 16:30:25;admin;Alteração (Editou);Considerando o quadro clínico agudo e o histórico ...;"[{""changed"": {""fields"": [""Justificativa""]}}]"
04/11/2025 16:28:36;admin;Alteração (Editou);Considerando o quadro clínico agudo e o histórico ...;"[{""changed"": {""name"": ""alternativa"", ""object"": ""Indicar a suspens\u00e3o definitiva de AINEs e iniciar o uso de um agente biol\u00f3gico (anti-TNF-alfa) para controle da inflama\u00e7\u00e3o."", ""fields"": [""Texto"", ""Eh correta""]}}, {""changed"": {""name"": ""alternativa"", ""object"": ""Suspender o AINE, tratar a complica\u00e7\u00e3o digestiva e, ap\u00f3s estabiliza\u00e7\u00e3o, reintroduzir um inibidor seletivo da COX-2 associado a um inibidor da bomba de pr\u00f3tons."", ""fields"": [""Texto"", ""Eh correta""]}}]"
04/11/2025 16:24:19;admin;Alteração (Editou);Considerando as propriedades dos glicocorticoides,...;"[{""changed"": {""fields"": [""Status""]}}]"
04/11/2025 16:19:05;admin;Alteração (Editou);Considerando o perfil clínico e farmacoterapêutico...;[]
04/11/2025 16:16:48;admin;Alteração (Editou);Considerando a abordagem da analgesia multimodal e...;"[{""changed"": {""fields"": [""Justificativa"", ""Status""]}}]"
04/11/2025 16:14:44;admin;Alteração (Editou);Considerando a abordagem da analgesia multimodal e...;"[{""changed"": {""name"": ""alternativa"", ""object"": ""Prescrever dipirona, tramadol, cetoprofeno e bromoprida, em hor\u00e1rios fixos e alternados."", ""fields"": [""Texto"", ""Eh correta""]}}, {""changed"": {""name"": ""alternativa"", ""object"": ""Prescrever paracetamol, tenoxicam e dimenidrinato, associando tramadol apenas se dor refrat\u00e1ria."", ""fields"": [""Texto"", ""Eh correta""]}}]"
04/11/2025 16:10:40;admin;Alteração (Editou);Considerando o perfil clínico e metabólico do paci...;"[{""changed"": {""fields"": [""Status""]}}]"
04/11/2025 16:09:07;admin;Alteração (Editou);Considerando o perfil clínico e metabólico do paci...;"[{""changed"": {""fields"": [""Justificativa""]}}]"
04/11/2025 16:05:20;admin;Alteração (Editou);Considerando o perfil clínico e metabólico do paci...;"[{""changed"": {""name"": ""alternativa"", ""object"": ""Iniciar terapia com um bloqueador alfa-1-adren\u00e9rgico em monoterapia."", ""fields"": [""Texto"", ""Eh correta""]}}, {""changed"": {""name"": ""alternativa"", ""object"": ""Iniciar terapia combinada com um inibidor da enzima conversora de angiotensina e um bloqueador de canal de c\u00e1lcio di-hidropirid\u00ednico."", ""fields"": [""Texto"", ""Eh correta""]}}]"
04/11/2025 16:03:16;admin;Alteração (Editou);Com base no quadro clínico e nas diretrizes farmac...;"[{""changed"": {""fields"": [""Status""]}}]"
04/11/2025 16:01:22;admin;Alteração (Editou);Considerando o perfil clínico e metabólico do paci...;[]
04/11/2025 15:54:22;admin;Alteração (Editou);Considerando o cenário clínico apresentado e as di...;"[{""changed"": {""fields"": [""Status""]}}]"
04/11/2025 15:23:56;admin;Alteração (Editou);Com base nos princípios éticos e legais que regem ...;"[{""changed"": {""fields"": [""Texto base"", ""Enunciado"", ""Status""]}}]"
04/11/2025 15:22:47;admin;Alteração (Editou);Diante das disposições da Resolução CFM nº 2.336/2...;"[{""changed"": {""fields"": [""Texto base"", ""Enunciado"", ""Status""]}}]"
04/11/2025 15:21:30;admin;Alteração (Editou);Com base no Código de Ética Médica (Resolução CFM ...;"[{""changed"": {""fields"": [""Status""]}}]"
04/11/2025 15:20:38;admin;Alteração (Editou);Com base no Código de Ética Médica (Resolução CFM ...;"[{""changed"": {""fields"": [""Texto base"", ""Enunciado""]}}]"
04/11/2025 15:18:58;admin;Alteração (Editou);Com base nas normas éticas do Conselho Federal de ...;"[{""changed"": {""fields"": [""Texto base"", ""Enunciado"", ""Status""]}}]"
04/11/2025 15:13:39;admin;Alteração (Editou);Com base nas orientações de primeiros socorros par...;"[{""changed"": {""fields"": [""Justificativa""]}}]"
04/11/2025 15:12:49;admin;Alteração (Editou);Considerando as Diretrizes da AHA para o suporte b...;"[{""changed"": {""fields"": [""Status""]}}]"
04/11/2025 15:09:17;admin;Alteração (Editou);Com base nas orientações de primeiros socorros par...;"[{""changed"": {""fields"": [""Status""]}}]"
04/11/2025 15:05:42;admin;Alteração (Editou);Considerando o desfecho da situação envolvendo obs...;[]
04/11/2025 15:04:19;admin;Alteração (Editou);Com base nas orientações de primeiros socorros par...;[]
04/11/2025 15:03:37;admin;Alteração (Editou);Com base nas orientações de primeiros socorros par...;[]
04/11/2025 15:03:18;admin;Alteração (Editou);Considerando o desfecho da situação envolvendo obs...;"[{""changed"": {""fields"": [""Status""]}}]"
04/11/2025 15:00:21;admin;Alteração (Editou);Com base na observação da cena, explique o achado ...;"[{""changed"": {""fields"": [""Status"", ""Comentario validacao""]}}]"
04/11/2025 14:19:00;admin;Alteração (Editou);Considerando as recomendações atualizadas de Supor...;"[{""changed"": {""fields"": [""Status""]}}]"
04/11/2025 14:16:17;admin;Alteração (Editou);Considerando o texto apresentado, avalie as afirma...;[]
04/11/2025 14:07:58;admin;Alteração (Editou);Considerando o texto apresentado, avalie as afirma...;[]
04/11/2025 14:06:50;admin;Alteração (Editou);Considerando o texto apresentado, avalie as afirma...;[]
04/11/2025 14:03:57;admin;Alteração (Editou);Considerando o texto apresentado, avalie as afirma...;[]
04/11/2025 14:02:21;admin;Alteração (Editou);Considerando o texto apresentado, avalie as afirma...;[]
04/11/2025 13:52:33;admin;Alteração (Editou);Considerando o texto apresentado, avalie as afirma...;[]
04/11/2025 13:41:12;admin;Alteração (Editou);Considerando o texto apresentado, avalie as afirma...;[]
04/11/2025 13:20:45;admin;Alteração (Editou);O evento descrito exemplifica um padrão de transmi...;[]
04/11/2025 13:14:28;admin;Alteração (Editou);Diante dessa situação, a análise integrada dos sis...;"[{""changed"": {""fields"": [""Status""]}}]"
04/11/2025 13:10:00;admin;Alteração (Editou);Considerando os conceitos epidemiológicos e os mét...;"[{""changed"": {""fields"": [""Status""]}}]"
04/11/2025 13:07:18;admin;Alteração (Editou);Considerando o texto apresentado, avalie as afirma...;"[{""changed"": {""fields"": [""Status""]}}]"
04/11/2025 11:59:35;admin;Alteração (Editou);Qual o diagnóstico mais provável?...;[]
04/11/2025 11:59:07;admin;Alteração (Editou);Qual é o diagnóstico mais provável?...;[]
04/11/2025 11:58:51;admin;Alteração (Editou);Qual é o diagnóstico mais provável?...;[]
04/11/2025 10:47:54;admin;Alteração (Editou);Com base nos conhecimentos de anatomia da parede a...;[]
03/11/2025 17:19:35;admin;Alteração (Editou);O princípio doutrinário do Sistema Único de Saúde ...;[]
03/11/2025 17:18:36;admin;Alteração (Editou);Com base nos dados apresentados, qual é a conduta ...;[]
03/11/2025 17:18:04;admin;Alteração (Editou);Diante desse quadro, qual é a conduta mais adequad...;[]
03/11/2025 17:17:36;admin;Alteração (Editou);Diante desse quadro, qual é a conduta mais adequad...;[]
03/11/2025 17:14:55;admin;Alteração (Editou);Considerando o caso descrito e as diretrizes para ...;[]
03/11/2025 17:14:27;admin;Alteração (Editou);Sobre a entrevista psiquiátrico podemos afirmar:...;[]
03/11/2025 17:13:24;admin;Alteração (Editou);Considerando os objetivos terapêuticos estabelecid...;[]
03/11/2025 15:09:43;admin;Alteração (Editou);Diante do exposto, e considerando as estratégias d...;"[{""changed"": {""fields"": [""Status""]}}]"
03/11/2025 15:09:26;admin;Alteração (Editou);Diante do exposto, e considerando as estratégias d...;"[{""changed"": {""name"": ""alternativa"", ""object"": ""Recomendar o uso de protetor solar como medida de preven\u00e7\u00e3o prim\u00e1ria, priorizando orienta\u00e7\u00f5es sobre exposi\u00e7\u00e3o solar segura neste momento da consulta. As sorologias para rastreamento de doen\u00e7as sexualmente transmiss\u00edveis e o exame citopatol\u00f3gico do colo do \u00fatero poder\u00e3o ser realizados em outro momento, pois n\u00e3o configuram prioridade nesta situa\u00e7\u00e3o."", ""fields"": [""Texto""]}}, {""changed"": {""name"": ""alternativa"", ""object"": ""Solicitar apenas exames de sorologias para HIV e s\u00edfilis como rastreamento de rotina, independentemente de fatores de risco. Quanto ao exame ginecol\u00f3gico, este dever\u00e1 ser realizado apenas em mulheres sintom\u00e1ticas ou com fatores de risco."", ""fields"": [""Texto""]}}, {""changed"": {""name"": ""alternativa"", ""object"": ""Iniciar rastreamento com exame citopatol\u00f3gico do colo uterino, anualmente, com o papanicolau, enquanto sua USF ainda n\u00e3o disp\u00f5e de HPV - DNA; e ap\u00f3s dois exames anuais consecutivos normais, o rastreio dever\u00e1 ter periodicidade trienal. Al\u00e9m de solicitar teste de rastreio para HIV, s\u00edfilis, hepatite B e C."", ""fields"": [""Texto""]}}, {""changed"": {""name"": ""alternativa"", ""object"": ""Iniciar rastreamento com exame citopatol\u00f3gico do colo uterino, repetindo anualmente at\u00e9 os 40 anos, sem necessidade de investigar doen\u00e7as sexualmente transmiss\u00edveis na aus\u00eancia de sintomas."", ""fields"": [""Texto""]}}]"
03/11/2025 15:08:56;admin;Alteração (Editou);Considerando o caso descrito e as diretrizes para ...;"[{""changed"": {""fields"": [""Status""]}}]"
03/11/2025 15:08:32;admin;Alteração (Editou);A conduta adotada pela equipe está mais diretament...;"[{""changed"": {""name"": ""alternativa"", ""object"": ""Equidade."", ""fields"": [""Texto""]}}, {""changed"": {""name"": ""alternativa"", ""object"": ""Integralidade."", ""fields"": [""Texto""]}}, {""changed"": {""name"": ""alternativa"", ""object"": ""Longitudinalidade."", ""fields"": [""Texto""]}}, {""changed"": {""name"": ""alternativa"", ""object"": ""Orienta\u00e7\u00e3o comunit\u00e1ria."", ""fields"": [""Texto""]}}]"
03/11/2025 15:07:49;admin;Alteração (Editou);De acordo com o Protocolo Clínico e Diretrizes Ter...;"[{""changed"": {""name"": ""alternativa"", ""object"": ""Lamivudina (3TC) + Tenofovir (TDF) + Efavirenz (EFV)"", ""fields"": [""Texto""]}}, {""changed"": {""name"": ""alternativa"", ""object"": ""Lamivudina (3TC) + Zidovudina (AZT) + Dolutegravir (DTG)"", ""fields"": [""Texto""]}}, {""changed"": {""name"": ""alternativa"", ""object"": ""Lamivudina (3TC) + Tenofovir (TDF) + Dolutegravir (DTG)"", ""fields"": [""Texto""]}}, {""changed"": {""name"": ""alternativa"", ""object"": ""Lamivudina (3TC) + Tenofovir (TDF) + Atazanavir (ATV/r)"", ""fields"": [""Texto""]}}]"
03/11/2025 14:42:13;admin;Alteração (Editou);Qual a conduta inicial mais apropriada para estabi...;"[{""changed"": {""fields"": [""Status""]}}]"
03/11/2025 14:40:52;admin;Alteração (Editou);Sobre a entrevista psiquiátrico podemos afirmar:...;[]
03/11/2025 14:37:38;admin;Alteração (Editou);Sobre esses transtornos podemos afirmar:...;"[{""changed"": {""fields"": [""Texto base""]}}]"
03/11/2025 14:37:09;admin;Alteração (Editou);Qual a possível hipótese diagnóstica:...;[]
03/11/2025 14:36:22;admin;Alteração (Editou);Sobre a psicogeriatria podemos afirmar:...;"[{""changed"": {""fields"": [""Texto base""]}}, {""changed"": {""name"": ""alternativa"", ""object"": ""Idosos tem um alto risco de cometer su\u00edcidio para tal \u00e9 importante que no quadro depressivo eles sejam polimedicados, pois assim a a\u00e7\u00e3o da medica\u00e7\u00e3o ser\u00e1 mais r\u00e1pida e ele ir\u00e1 melhorar reduzindo o risco de su\u00edcidio."", ""fields"": [""Texto""]}}, {""changed"": {""name"": ""alternativa"", ""object"": ""Ao atender o idoso em psicogeriatria \u00e9 importante observar as condi\u00e7\u00f5es cl\u00ednicas e solicitar alguns exames, sendo a exce\u00e7\u00e3o TSH e T4 livre, visto que em idosos n\u00e3o h\u00e1 possibilidade de desenvolvimento de hipotireoidismo."", ""fields"": [""Texto""]}}, {""changed"": {""name"": ""alternativa"", ""object"": ""A fisiopatologia do delirium n\u00e3o tem um explica\u00e7\u00e3o exata, todavia se tem conhecimento que h\u00e1 uma redu\u00e7\u00e3o da a\u00e7\u00e3o colin\u00e9rgica em Sistema Reticular Ativador Ascendente, portanto uma das conclu\u00e7\u00f5es que podemos afirmar \u00e9 que f\u00e1rmacos com a\u00e7\u00e3o anticolin\u00e9rgicos n\u00e3o s\u00e3o medica\u00e7\u00f5es adequadas para serem usados em idosos."", ""fields"": [""Texto""]}}, {""changed"": {""name"": ""alternativa"", ""object"": ""A dem\u00eancia \u00e9 uma patologia comum em idosos, sendo a mais frequente a doen\u00e7a de Alzheimer, doen\u00e7a iirevers\u00edvel que acomete principalmente g\u00e2nglios da base, comprometenda fun\u00e7\u00f5es corticais e sub-corticais."", ""fields"": [""Texto""]}}]"
03/11/2025 14:34:10;admin;Alteração (Editou);Sobre esses transtornos podemos afirmar:...;"[{""changed"": {""fields"": [""Status""]}}]"
03/11/2025 14:33:53;admin;Alteração (Editou);Sobre a entrevista psiquiátrico podemos afirmar:...;"[{""changed"": {""fields"": [""Texto base"", ""Status""]}}, {""changed"": {""name"": ""alternativa"", ""object"": ""A entrevista psiqui\u00e1trica \u00e9 uma das partes do exame cl\u00ednico, parte essa considerada objetiva, na qual obtemos informa\u00e7\u00f5es sobre o paciente ao longo de sua hist\u00f3ria e da hist\u00f3ria de sua doen\u00e7a atual."", ""fields"": [""Texto""]}}, {""changed"": {""name"": ""alternativa"", ""object"": ""A entrevista psiqui\u00e1trica \u00e9 caracterizada por ser esmiu\u00e7ada, perguntas diretas s\u00e3o suficientes para se obter informa\u00e7\u00f5es a cerca do transtorno mental."", ""fields"": [""Texto""]}}, {""changed"": {""name"": ""alternativa"", ""object"": ""O tom de voz, a forma como se faz a pergunta e se coloca ao entrevistado \u00e9 importante, contudo o que mais interessa o conte\u00fado da informa\u00e7\u00e3o passada pelo entrevistado."", ""fields"": [""Texto""]}}, {""changed"": {""name"": ""alternativa"", ""object"": ""Cordialidade \u00e9 um dos crit\u00e9rios que se tem como importante para manter um bom vinculo e coletar a maior quantidade de informa\u00e7\u00f5es poss\u00edveis."", ""fields"": [""Texto""]}}]"
03/11/2025 14:30:30;admin;Alteração (Editou);Sobre esses transtornos podemos afirmar:...;[]
03/11/2025 14:28:56;admin;Alteração (Editou);Sobre esse tema, infere-se que:...;[]
03/11/2025 14:28:30;admin;Alteração (Editou);Sobre esse tema, infere-se que:...;"[{""changed"": {""name"": ""alternativa"", ""object"": ""Os Conselhos de Sa\u00fade s\u00e3o \u00f3rg\u00e3os vinculados apenas ao Poder Executivo, n\u00e3o havendo participa\u00e7\u00e3o da sociedade civil em sua composi\u00e7\u00e3o."", ""fields"": [""Texto""]}}]"
03/11/2025 14:23:28;admin;Alteração (Editou);Sobre esses transtornos podemos afirmar:...;"[{""changed"": {""fields"": [""Status""]}}]"
03/11/2025 14:22:02;admin;Alteração (Editou);Sobre a psicogeriatria podemos afirmar:...;[]
03/11/2025 14:19:36;admin;Alteração (Editou);Qual a possível hipótese diagnóstica:...;[]
03/11/2025 14:19:25;admin;Alteração (Editou);Sobre a síndrome da dependência química podemos af...;[]
03/11/2025 14:18:12;admin;Alteração (Editou);Diante do exposto, e considerando as estratégias d...;"[{""changed"": {""fields"": [""Status""]}}]"
03/11/2025 14:17:31;admin;Alteração (Editou);Diante desse quadro, qual é a conduta mais adequad...;"[{""changed"": {""fields"": [""Status""]}}]"
03/11/2025 14:16:53;admin;Alteração (Editou);Com base nos dados apresentados, qual é a conduta ...;"[{""changed"": {""fields"": [""Status""]}}]"
03/11/2025 14:16:19;admin;Alteração (Editou);O princípio doutrinário do Sistema Único de Saúde ...;"[{""changed"": {""fields"": [""Status""]}}]"
03/11/2025 14:11:53;admin;Alteração (Editou);Com base nesses achados clínicos e nos perfis hemo...;"[{""changed"": {""fields"": [""Status""]}}]"
03/11/2025 14:10:33;admin;Alteração (Editou);Considerando os achados clínicos e as recomendaçõe...;"[{""changed"": {""fields"": [""Status""]}}]"
03/11/2025 14:07:26;admin;Alteração (Editou);Com base nos achados clínicos e fundoscópicos, qua...;"[{""changed"": {""fields"": [""Status""]}}]"
03/11/2025 14:07:00;admin;Alteração (Editou);Com base nos achados clínicos e fundoscópicos, qua...;"[{""changed"": {""fields"": [""Status""]}}]"
03/11/2025 14:04:42;admin;Alteração (Editou);Com base nesses achados, qual é a hipótese etiológ...;"[{""changed"": {""fields"": [""Status""]}}]"
03/11/2025 13:59:30;admin;Alteração (Editou);Qual a conduta inicial mais apropriada para estabi...;"[{""changed"": {""fields"": [""Status""]}}]"
03/11/2025 13:58:44;admin;Alteração (Editou);Considerando os objetivos terapêuticos estabelecid...;"[{""changed"": {""fields"": [""Status""]}}]"
03/11/2025 13:58:21;admin;Alteração (Editou);Considerando as diretrizes atuais para o manejo do...;[]
03/11/2025 13:55:24;admin;Alteração (Editou);Considerando o quadro clínico sugestivo de herniaç...;[]
03/11/2025 13:54:43;admin;Alteração (Editou);Diante da deterioração neurológica aguda e da hipe...;"[{""changed"": {""fields"": [""Status""]}}]"
03/11/2025 13:54:00;admin;Alteração (Editou);Considerando o quadro de hipertensão intracraniana...;"[{""changed"": {""fields"": [""Status""]}}]"
03/11/2025 13:53:21;admin;Alteração (Editou);Diante deste cenário, qual é a próxima conduta far...;"[{""changed"": {""fields"": [""Status""]}}]"
03/11/2025 13:52:45;admin;Alteração (Editou);Considerando as diretrizes atuais para o manejo do...;"[{""changed"": {""fields"": [""Status""]}}]"
03/11/2025 13:51:25;admin;Alteração (Editou);Com base nos sinais de falência respiratória imine...;"[{""changed"": {""fields"": [""Status""]}}]"
03/11/2025 13:49:31;admin;Alteração (Editou);Considerando o volume de líquido ascítico removido...;"[{""changed"": {""fields"": [""Status""]}}]"
31/10/2025 14:39:44;admin;Alteração (Editou);Qual a possível hipótese diagnóstica:...;[]
31/10/2025 14:39:35;admin;Alteração (Editou);Qual a possível hipótese diagnóstica:...;"[{""changed"": {""fields"": [""Texto base""]}}]"
31/10/2025 14:11:08;admin;Alteração (Editou);Qual a conduta mais adequada neste caso?...;[]
31/10/2025 14:09:14;admin;Alteração (Editou);Qual a conduta inicial mais apropriada para estabi...;"[{""changed"": {""fields"": [""Status""]}}]"
31/10/2025 14:08:29;admin;Alteração (Editou);Com base na avaliação neurológica de João e na apl...;"[{""changed"": {""fields"": [""Status""]}}]"
31/10/2025 14:07:44;admin;Alteração (Editou);Considerando o quadro clínico e a necessidade de u...;[]
31/10/2025 14:07:31;admin;Alteração (Editou);Considerando o quadro clínico e a necessidade de u...;"[{""changed"": {""fields"": [""Status""]}}]"
31/10/2025 14:06:47;admin;Alteração (Editou);Após a drenagem cirúrgica do abscesso glúteo de Ma...;[]
31/10/2025 14:06:38;admin;Alteração (Editou);Após a drenagem cirúrgica do abscesso glúteo de Ma...;"[{""changed"": {""fields"": [""Status""]}}]"
31/10/2025 14:06:00;admin;Alteração (Editou);Diante do achado incidental de um nódulo hepático ...;"[{""changed"": {""fields"": [""Status""]}}]"
31/10/2025 14:05:32;admin;Alteração (Editou);Diante do achado incidental de um nódulo hepático ...;"[{""changed"": {""name"": ""alternativa"", ""object"": ""Encaminhar a paciente diretamente para avalia\u00e7\u00e3o cir\u00fargica com vistas \u00e0 hepatectomia segmentar, devido ao potencial de malignidade de qualquer n\u00f3dulo."", ""fields"": [""Texto""]}}]"
31/10/2025 14:03:54;admin;Alteração (Editou);Diante da suspeita clínica de colecistite aguda, q...;"[{""changed"": {""fields"": [""Status""]}}]"
31/10/2025 14:03:10;admin;Alteração (Editou);Considerando o diagnóstico de adenocarcinoma gástr...;"[{""changed"": {""fields"": [""Status""]}}]"
31/10/2025 14:01:58;admin;Alteração (Editou);Diante do diagnóstico de colangiocarcinoma hilar ,...;"[{""changed"": {""fields"": [""Status""]}}]"
31/10/2025 14:00:32;admin;Alteração (Editou);Diante do quadro clínico de Roberto, qual a hipóte...;"[{""changed"": {""fields"": [""Status""]}}]"
31/10/2025 13:59:38;admin;Alteração (Editou);Diante do diagnóstico de pseudocisto pancreático s...;"[{""changed"": {""fields"": [""Status""]}}]"
31/10/2025 13:57:02;admin;Alteração (Editou);Com base no quadro clínico e radiológico, qual é o...;[]
31/10/2025 11:10:29;admin;Alteração (Editou);Com base no quadro clínico e radiológico, qual é o...;"[{""changed"": {""fields"": [""Imagem""]}}]"
31/10/2025 11:05:16;admin;Alteração (Editou);Considerando os achados clínicos e as recomendaçõe...;[]
31/10/2025 11:04:13;admin;Exclusão (Apagou);É correto o que se afirma em:...;
31/10/2025 08:15:29;admin;Alteração (Editou);Qual é a conduta inicial mais adequada?...;[]
31/10/2025 08:14:12;admin;Alteração (Editou);Considerando o quadro clínico e laboratorial descr...;[]
31/10/2025 08:12:23;admin;Alteração (Editou);Com base nesses achados clínicos e nos perfis hemo...;[]
31/10/2025 08:11:45;admin;Alteração (Editou);Com base no quadro clínico e nos achados eletrocar...;[]
31/10/2025 08:08:56;admin;Alteração (Editou);Com base no quadro clínico e nos achados eletrocar...;"[{""changed"": {""fields"": [""Imagem""]}}]"
30/10/2025 19:32:03;admin;Alteração (Editou);Com base nos dados clínicos e laboratoriais, qual ...;"[{""changed"": {""fields"": [""Justificativa"", ""Status""]}}]"
30/10/2025 19:29:19;admin;Alteração (Editou);Assinale a alternativa correta sobre a estrutura d...;"[{""changed"": {""fields"": [""Tipo questao"", ""Justificativa"", ""Status""]}}, {""changed"": {""name"": ""alternativa"", ""object"": ""Cada rim \u00e9 irrigado por uma \u00fanica art\u00e9ria segmentar, que se divide apenas em ramos interlobares e arqueados antes de alcan\u00e7ar os n\u00e9frons."", ""fields"": [""Texto""]}}, {""changed"": {""name"": ""alternativa"", ""object"": ""A art\u00e9ria renal direita surge da art\u00e9ria mesent\u00e9rica superior e dirige-se superiormente para penetrar o hilo renal posterior."", ""fields"": [""Texto""]}}]"
30/10/2025 19:25:56;admin;Alteração (Editou);Assinale a alternativa correta sobre a estrutura d...;"[{""changed"": {""name"": ""alternativa"", ""object"": ""A art\u00e9ria renal divide-se em: superior, anterossuperior, anteroinferior, inferior e posterior, que s\u00e3o art\u00e9rias funcionais independentes, com pouca ou nenhuma anastomose entre si."", ""fields"": [""Texto"", ""Eh correta""]}}, {""changed"": {""name"": ""alternativa"", ""object"": ""A art\u00e9ria renal direita surge da art\u00e9ria mesent\u00e9rica superior e dirige-se superiormente para penetrar o hilo renal posterior."", ""fields"": [""Texto"", ""Eh correta""]}}]"
30/10/2025 19:25:18;admin;Alteração (Editou);Assinale a alternativa correta sobre a estrutura d...;"[{""changed"": {""fields"": [""Texto base"", ""Enunciado""]}}, {""changed"": {""name"": ""alternativa"", ""object"": ""A art\u00e9ria renal divide-se em: superior, anterossuperior, anteroinferior, inferior e posterior, que s\u00e3o art\u00e9rias funcionais independentes, com pouca ou nenhuma anastomose entre si."", ""fields"": [""Texto""]}}]"
30/10/2025 19:13:54;admin;Alteração (Editou);Com base nesses achados clínicos e nos perfis hemo...;[]
30/10/2025 19:08:45;admin;Alteração (Editou);Considerando esse contexto, marque a alternativa q...;"[{""changed"": {""fields"": [""Tipo questao"", ""Texto base"", ""Enunciado"", ""Justificativa"", ""Status""]}}]"
30/10/2025 19:02:43;admin;Alteração (Editou);Qual a Pressão de filtração[P.fil] deste paciente?...;"[{""changed"": {""fields"": [""Tipo questao"", ""Texto base"", ""Enunciado"", ""Status""]}}]"
30/10/2025 19:01:23;admin;Alteração (Editou);Com base nos dados clínicos e laboratoriais, qual ...;"[{""changed"": {""fields"": [""Tipo questao"", ""Texto base"", ""Enunciado""]}}]"
30/10/2025 18:51:03;admin;Alteração (Editou);Qual evento compensatório é esperado de forma pred...;"[{""changed"": {""fields"": [""Tipo questao"", ""Texto base"", ""Enunciado"", ""Justificativa"", ""Status""]}}]"
30/10/2025 18:33:13;admin;Alteração (Editou);Com base no contexto, descreva a relação anatômica...;"[{""changed"": {""fields"": [""Texto base"", ""Enunciado"", ""Justificativa"", ""Status""]}}]"
30/10/2025 18:30:49;admin;Alteração (Editou);Assinale a alternativa que descreve corretamente o...;"[{""changed"": {""fields"": [""Tipo questao"", ""Texto base"", ""Enunciado"", ""Justificativa"", ""Status""]}}]"
30/10/2025 18:27:40;admin;Alteração (Editou);Considerando o texto apresentado, avalie as afirma...;"[{""changed"": {""fields"": [""Texto base"", ""Status""]}}, {""changed"": {""name"": ""alternativa"", ""object"": ""A mucosa olfat\u00f3ria localiza-se na regi\u00e3o superior da cavidade nasal, associada principalmente \u00e0 concha nasal superior."", ""fields"": [""Texto""]}}, {""changed"": {""name"": ""alternativa"", ""object"": ""A concha nasal inferior \u00e9 a principal respons\u00e1vel pela fun\u00e7\u00e3o olfat\u00f3ria, pois cont\u00e9m a maior \u00e1rea de mucosa respirat\u00f3ria."", ""fields"": [""Texto""]}}, {""changed"": {""name"": ""alternativa"", ""object"": ""As conchas nasais m\u00e9dia e inferior est\u00e3o envolvidas com a fun\u00e7\u00e3o respirat\u00f3ria para o tratamento do ar inspirado."", ""fields"": [""Texto""]}}, {""changed"": {""name"": ""alternativa"", ""object"": ""A bolha etmoidal \u00e9 o local onde sentimos o odor, portanto a mucosa olfat\u00f3ria se encontra na conha nasal m\u00e9dia."", ""fields"": [""Texto""]}}]"
30/10/2025 18:26:37;admin;Alteração (Editou);Qual alternativa descreve a lesão citada acima?...;"[{""changed"": {""fields"": [""Enunciado"", ""Justificativa"", ""Status""]}}]"
30/10/2025 18:23:41;admin;Alteração (Editou);Considerando a anatomia dos nervos e músculos do b...;"[{""changed"": {""name"": ""alternativa"", ""object"": ""Nervo mediano, que percorre o bra\u00e7o sem emitir ramos motores significativos, mas \u00e9 respons\u00e1vel pela inerva\u00e7\u00e3o da maioria dos m\u00fasculos extensores do antebra\u00e7o e m\u00fasculos hipotenares"", ""fields"": [""Texto"", ""Eh correta""]}}, {""changed"": {""name"": ""alternativa"", ""object"": ""Nervo musculocut\u00e2neo, respons\u00e1vel pela inerva\u00e7\u00e3o dos m\u00fasculos coracobraquial, b\u00edceps braquial e braquial, que atuam na flex\u00e3o do antebra\u00e7o."", ""fields"": [""Texto"", ""Eh correta""]}}]"
30/10/2025 18:14:57;admin;Alteração (Editou);Considerando as origens e trajetos das artérias ci...;"[{""changed"": {""fields"": [""Enunciado"", ""Status""]}}, {""changed"": {""name"": ""alternativa"", ""object"": ""O arco palmar profundo e o superficial s\u00e3o formados exclusivamente pela art\u00e9ria ulnar e suas ramifica\u00e7\u00f5es digitais."", ""fields"": [""Texto""]}}]"
30/10/2025 18:08:55;admin;Alteração (Editou);Considerando o contexto acima, qual alternativa de...;"[{""changed"": {""fields"": [""Enunciado"", ""Status""]}}]"
30/10/2025 18:06:11;admin;Alteração (Editou);Com base na anatomia deste grupo muscular, assinal...;"[{""changed"": {""fields"": [""Enunciado"", ""Status""]}}]"
30/10/2025 18:03:22;admin;Alteração (Editou);Considerando os nervos responsáveis pela inervação...;"[{""changed"": {""fields"": [""Enunciado"", ""Status""]}}]"
30/10/2025 18:01:28;admin;Alteração (Editou);Considerando os conhecimentos anatômicos sobre a u...;"[{""changed"": {""fields"": [""Status"", ""Comentario validacao""]}}]"
30/10/2025 17:25:38;admin;Alteração (Editou);Considerando o texto apresentado, avalie as afirma...;"[{""changed"": {""fields"": [""Status""]}}]"
30/10/2025 10:04:47;admin;Exclusão (Apagou);Sobre o caso, marque a assertiva correta:...;
30/10/2025 09:57:28;admin;Alteração (Editou);Considerando o quadro clínico e as recomendações a...;"[{""changed"": {""fields"": [""Status""]}}]"
30/10/2025 09:56:44;admin;Alteração (Editou);Considerando o quadro clínico e os achados laborat...;"[{""changed"": {""fields"": [""Status""]}}]"
30/10/2025 09:55:50;admin;Alteração (Editou);Considerando as recomendações atuais da American T...;"[{""changed"": {""fields"": [""Status""]}}]"
30/10/2025 09:53:29;admin;Alteração (Editou);Considerando o caso clínico e as recomendações atu...;"[{""changed"": {""fields"": [""Status""]}}]"
30/10/2025 09:48:39;admin;Alteração (Editou);Com base nos achados clínicos e laboratoriais, qua...;"[{""changed"": {""fields"": [""Status""]}}]"
30/10/2025 09:48:10;admin;Alteração (Editou);Com base no quadro clínico e epidemiológico, qual ...;"[{""changed"": {""fields"": [""Status""]}}]"
30/10/2025 09:47:45;admin;Alteração (Editou);Com base nesses achados, qual é a hipótese etiológ...;"[{""changed"": {""fields"": [""Status""]}}]"
30/10/2025 09:47:08;admin;Alteração (Editou);Com base nos achados clínicos e fundoscópicos, qua...;"[{""changed"": {""fields"": [""Status""]}}]"
30/10/2025 09:45:56;admin;Alteração (Editou);Com base nos dados clínicos e laboratoriais aprese...;"[{""changed"": {""fields"": [""Status""]}}]"
30/10/2025 09:45:06;admin;Alteração (Editou);Com base no quadro clínico e radiológico, qual é o...;"[{""changed"": {""fields"": [""Status""]}}]"
30/10/2025 09:44:24;admin;Alteração (Editou);Considerando o quadro clínico e laboratorial descr...;"[{""changed"": {""fields"": [""Status""]}}]"
30/10/2025 09:43:14;admin;Alteração (Editou);Diante da hipótese clínica de asma leve, qual deve...;"[{""changed"": {""fields"": [""Status""]}}]"
30/10/2025 09:42:30;admin;Alteração (Editou);Qual é a conduta inicial mais adequada?...;"[{""changed"": {""fields"": [""Status""]}}]"
30/10/2025 09:41:38;admin;Alteração (Editou);Considerando os achados clínicos, endoscópicos e h...;"[{""changed"": {""fields"": [""Status""]}}]"
30/10/2025 09:40:29;admin;Alteração (Editou);Considerando os achados clínicos e as recomendaçõe...;"[{""changed"": {""fields"": [""Status""]}}]"
30/10/2025 09:38:42;admin;Alteração (Editou);Com base no quadro clínico e nos achados eletrocar...;"[{""changed"": {""fields"": [""Status""]}}]"
30/10/2025 09:23:43;admin;Alteração (Editou);Com base nos dados clínicos e laboratoriais, qual ...;"[{""changed"": {""fields"": [""Justificativa"", ""Status""]}}]"
30/10/2025 09:18:21;admin;Alteração (Editou);Com base nos dados clínicos e laboratoriais, qual ...;"[{""changed"": {""name"": ""alternativa"", ""object"": ""Glomerulonefrite rapidamente progressiva; iniciar pulsoterapia com metilprednisolona e encaminhar \u00e0 bi\u00f3psia renal de urg\u00eancia."", ""fields"": [""Texto"", ""Eh correta""]}}, {""changed"": {""name"": ""alternativa"", ""object"": ""Insufici\u00eancia renal cr\u00f4nica est\u00e1gio 4 por nefropatia hipertensiva e diab\u00e9tica; controlar press\u00e3o arterial, corrigir dist\u00farbios metab\u00f3licos e preparar para terapia renal substitutiva."", ""fields"": [""Texto"", ""Eh correta""]}}]"
30/10/2025 09:15:11;admin;Alteração (Editou);Considerando o quadro clínico, as comorbidades e a...;"[{""changed"": {""fields"": [""Status""]}}]"
30/10/2025 09:14:15;admin;Alteração (Editou);Com base nesses achados clínicos e nos perfis hemo...;"[{""changed"": {""fields"": [""Status""]}}]"
30/10/2025 09:11:29;admin;Alteração (Editou);Considerando o quadro clínico e a suspeita de Sínd...;"[{""changed"": {""fields"": [""Status""]}}]"
30/10/2025 09:08:20;admin;Alteração (Editou);Considerando os objetivos terapêuticos estabelecid...;[]
30/10/2025 09:08:05;admin;Alteração (Editou);Diante deste cenário, qual é a conduta terapêutica...;[]
30/10/2025 09:07:53;admin;Alteração (Editou);Com base na estratificação de risco para TEP agudo...;[]
30/10/2025 09:07:28;admin;Alteração (Editou);Considerando o cenário descrito e o resultado do e...;[]
30/10/2025 09:07:08;admin;Alteração (Editou);Com base na evolução clínica e terapêutica descrit...;[]
30/10/2025 09:06:50;admin;Alteração (Editou);Considerando o quadro clínico sugestivo de herniaç...;[]
30/10/2025 09:06:15;admin;Alteração (Editou);Considerando o cenário descrito e o resultado do e...;[]
30/10/2025 09:05:00;admin;Alteração (Editou);Considerando o quadro clínico sugestivo de herniaç...;[]
30/10/2025 09:04:16;admin;Alteração (Editou);Com base na evolução clínica e terapêutica descrit...;[]
30/10/2025 09:03:23;admin;Alteração (Editou);Considerando o cenário descrito e o resultado do e...;"[{""changed"": {""fields"": [""Justificativa""]}}, {""changed"": {""name"": ""alternativa"", ""object"": ""Iniciar anticoagula\u00e7\u00e3o plena, tratando o quadro como embolia pulmonar confirmada."", ""fields"": [""Texto""]}}]"
30/10/2025 09:01:56;admin;Alteração (Editou);Considerando o cenário descrito e o resultado do e...;"[{""changed"": {""name"": ""alternativa"", ""object"": ""Iniciar anticoagula\u00e7\u00e3o plena, tratando o quadro como embolia pulmonar confirmada.Solicitar uma angiotomografia computadorizada de t\u00f3rax para confirma\u00e7\u00e3o diagn\u00f3stica."", ""fields"": [""Texto"", ""Eh correta""]}}, {""changed"": {""name"": ""alternativa"", ""object"": ""Solicitar uma angiotomografia computadorizada de t\u00f3rax para confirma\u00e7\u00e3o diagn\u00f3stica."", ""fields"": [""Texto"", ""Eh correta""]}}]"
30/10/2025 09:00:09;admin;Alteração (Editou);Considerando os objetivos terapêuticos estabelecid...;"[{""changed"": {""fields"": [""Status""]}}]"
30/10/2025 08:59:23;admin;Alteração (Editou);Diante deste cenário, qual é a conduta terapêutica...;"[{""changed"": {""fields"": [""Status""]}}]"
30/10/2025 08:58:49;admin;Alteração (Editou);Com base na estratificação de risco para TEP agudo...;"[{""changed"": {""fields"": [""Status""]}}]"
30/10/2025 08:57:59;admin;Alteração (Editou);Considerando o cenário descrito e o resultado do e...;"[{""changed"": {""fields"": [""Status""]}}]"
30/10/2025 08:57:19;admin;Alteração (Editou);Com base na evolução clínica e terapêutica descrit...;"[{""changed"": {""fields"": [""Status""]}}]"
30/10/2025 08:56:41;admin;Alteração (Editou);Considerando o quadro clínico sugestivo de herniaç...;"[{""changed"": {""fields"": [""Status""]}}]"
30/10/2025 08:55:54;admin;Alteração (Editou);Sobre a síndrome da dependência química podemos af...;"[{""changed"": {""fields"": [""Status""]}}]"
30/10/2025 08:55:21;admin;Alteração (Editou);Qual a possível hipótese diagnóstica:...;"[{""changed"": {""fields"": [""Status""]}}]"
30/10/2025 08:53:44;admin;Alteração (Editou);Sobre a psicogeriatria podemos afirmar:...;"[{""changed"": {""fields"": [""Status""]}}]"
30/10/2025 08:52:40;admin;Alteração (Editou);Sobre a entrevista psiquiátrico podemos afirmar:...;"[{""changed"": {""fields"": [""Status""]}}]"
30/10/2025 08:49:32;admin;Alteração (Editou);Considerando os fundamentos da PNPS e suas diretri...;"[{""changed"": {""fields"": [""Status""]}}]"
30/10/2025 08:48:50;admin;Alteração (Editou);Sobre esse tema, infere-se que:...;"[{""changed"": {""fields"": [""Status""]}}]"
30/10/2025 08:48:15;admin;Alteração (Editou);Sobre esses transtornos podemos afirmar:...;"[{""changed"": {""fields"": [""Status""]}}]"
30/10/2025 08:47:27;admin;Alteração (Editou);Sobre os grupos operativos em saúde, sua principal...;"[{""changed"": {""fields"": [""Status""]}}]"
30/10/2025 08:46:05;admin;Alteração (Editou);O princípio doutrinário do Sistema Único de Saúde ...;"[{""changed"": {""fields"": [""Status""]}}]"
30/10/2025 08:45:21;admin;Alteração (Editou);No âmbito da Estratégia Saúde da Família (ESF), o ...;[]
30/10/2025 08:44:11;admin;Alteração (Editou);Um dos passos fundamentais listados no Guia é:...;[]
30/10/2025 08:43:08;admin;Alteração (Editou);No âmbito da Estratégia Saúde da Família (ESF), o ...;"[{""changed"": {""fields"": [""Status""]}}]"
30/10/2025 08:42:04;admin;Alteração (Editou);Um dos passos fundamentais listados no Guia é:...;"[{""changed"": {""fields"": [""Status""]}}]"
30/10/2025 08:41:11;admin;Alteração (Editou);Com base nessas informações, é correto afirmar que...;"[{""changed"": {""fields"": [""Status""]}}]"
30/10/2025 08:39:46;admin;Alteração (Editou);Com base nesses dados, o número necessário para tr...;"[{""changed"": {""fields"": [""Status""]}}]"
30/10/2025 08:37:28;admin;Alteração (Editou);O elemento metodológico comprometido nesse estudo ...;"[{""changed"": {""fields"": [""Status""]}}]"
30/10/2025 08:36:37;admin;Alteração (Editou);Sobre as atribuições institucionais no contexto da...;"[{""changed"": {""fields"": [""Status""]}}]"
30/10/2025 08:32:30;admin;Alteração (Editou);Com base nos dados apresentados, qual é a conduta ...;"[{""changed"": {""fields"": [""Status""]}}]"
30/10/2025 08:30:11;admin;Alteração (Editou);Considerando o quadro de insuficiência respiratóri...;"[{""changed"": {""fields"": [""Status""]}}]"
30/10/2025 08:29:31;admin;Alteração (Editou);Com base no quadro clínico apresentado, qual a int...;"[{""changed"": {""fields"": [""Status""]}}]"
30/10/2025 08:28:44;admin;Alteração (Editou);Considerando o caso e os protocolos atuais para sí...;"[{""changed"": {""fields"": [""Status""]}}]"
30/10/2025 08:28:02;admin;Alteração (Editou);Em relação ao manejo desta paciente, qual das segu...;"[{""changed"": {""fields"": [""Status""]}}]"
30/10/2025 08:27:23;admin;Alteração (Editou);Qual a conduta mais adequada neste caso?...;[]
30/10/2025 08:26:46;admin;Alteração (Editou);Com base neste quadro, qual das seguintes alternat...;"[{""changed"": {""fields"": [""Status""]}}]"
30/10/2025 08:25:54;admin;Alteração (Editou);Com base no quadro clínico descrito, qual é o agen...;"[{""changed"": {""fields"": [""Status""]}}]"
30/10/2025 08:25:07;admin;Alteração (Editou);Considerando o quadro clínico e laboratorial descr...;[]
30/10/2025 08:24:27;admin;Alteração (Editou);Considerando o quadro clínico e laboratorial descr...;"[{""changed"": {""fields"": [""Status""]}}]"
30/10/2025 08:23:10;admin;Alteração (Editou);Diante do diagnóstico de infecção do trato urinári...;"[{""changed"": {""fields"": [""Status""]}}]"
30/10/2025 08:22:23;admin;Alteração (Editou);Considerando a suspeita clínica, qual a hipótese d...;"[{""changed"": {""fields"": [""Status""]}}]"
30/10/2025 08:21:46;admin;Alteração (Editou);Qual dos dispositivos abaixo é capaz de fornecer a...;"[{""changed"": {""fields"": [""Status""]}}]"
30/10/2025 08:21:04;admin;Alteração (Editou);Qual das situações abaixo indica a necessidade de ...;"[{""changed"": {""fields"": [""Status""]}}]"
30/10/2025 08:20:02;admin;Alteração (Editou);Com relação à sequência rápida de intubação (SRI) ...;"[{""changed"": {""fields"": [""Status""]}}]"
30/10/2025 07:47:07;admin;Alteração (Editou);Considerando os volumes e capacidades pulmonares a...;"[{""changed"": {""fields"": [""Status""]}}]"
30/10/2025 07:44:03;admin;Alteração (Editou);Com base nessas informações, qual das opções descr...;"[{""changed"": {""fields"": [""Justificativa"", ""Status""]}}]"
30/10/2025 07:34:14;admin;Alteração (Editou);Considerando o texto apresentado, avalie as afirma...;"[{""changed"": {""fields"": [""Status""]}}]"
30/10/2025 07:27:44;admin;Alteração (Editou);Considerando o texto apresentado, avalie as afirma...;"[{""changed"": {""fields"": [""Status""]}}]"
30/10/2025 07:27:00;admin;Alteração (Editou);A partir do quadro clínico apresentado, qual é a c...;"[{""changed"": {""fields"": [""Status""]}}]"
30/10/2025 07:26:09;admin;Alteração (Editou);Considerando o texto apresentado, avalie as afirma...;"[{""changed"": {""fields"": [""Status""]}}]"
30/10/2025 07:25:04;admin;Alteração (Editou);Identifique a síndrome genética sugerida e o tipo ...;"[{""changed"": {""fields"": [""Status""]}}]"
30/10/2025 07:23:20;admin;Alteração (Editou);Considerando o hormônio citado, onde se localiza o...;"[{""changed"": {""fields"": [""Enunciado"", ""Justificativa"", ""Status""]}}]"
30/10/2025 06:59:39;admin;Alteração (Editou);Considerando as estruturas anatômicas da cavidade ...;"[{""changed"": {""fields"": [""Status"", ""Comentario validacao""]}}]"
30/10/2025 06:58:28;admin;Alteração (Editou);Com base nos conhecimentos de anatomia da parede a...;"[{""changed"": {""fields"": [""Status"", ""Comentario validacao""]}}]"
30/10/2025 06:41:56;admin;Alteração (Editou);Considerando os conhecimentos sobre as característ...;"[{""changed"": {""fields"": [""Enunciado"", ""Status""]}}]"
30/10/2025 06:40:22;admin;Alteração (Editou);Considerando o caso descrito, qual artéria está co...;"[{""changed"": {""fields"": [""Enunciado"", ""Status""]}}]"
30/10/2025 06:36:45;admin;Alteração (Editou);Considerando a resposta neuroendócrina ao estresse...;"[{""changed"": {""fields"": [""Tipo questao"", ""Texto base"", ""Justificativa"", ""Status""]}}, {""changed"": {""name"": ""alternativa"", ""object"": ""Apresenta supress\u00e3o da via da gliconeog\u00eanese hep\u00e1tica devido \u00e0 a\u00e7\u00e3o predominante da insulina no f\u00edgado."", ""fields"": [""Texto"", ""Eh correta""]}}, {""changed"": {""name"": ""alternativa"", ""object"": ""Apresenta eleva\u00e7\u00e3o de cortisol e glucagon, que promovem a gliconeog\u00eanese hep\u00e1tica e a prote\u00f3lise muscular."", ""fields"": [""Texto"", ""Eh correta""]}}]"
30/10/2025 06:32:38;admin;Alteração (Editou);Qual das alternativas a seguir melhor explica os e...;"[{""changed"": {""fields"": [""Tipo questao"", ""Texto base"", ""Enunciado"", ""Status""]}}]"
30/10/2025 06:30:18;admin;Alteração (Editou);Qual alternativa descreve corretamente as principa...;"[{""changed"": {""fields"": [""Tipo questao"", ""Texto base"", ""Enunciado"", ""Status""]}}]"
30/10/2025 06:26:27;admin;Alteração (Editou);Considerando o texto apresentado, avalie as afirma...;"[{""changed"": {""fields"": [""Texto base"", ""Justificativa"", ""Status""]}}, {""added"": {""name"": ""alternativa"", ""object"": ""O reflexo intr\u00ednseco da defeca\u00e7\u00e3o \u00e9 conduzido por fibras parassimp\u00e1ticas do plexo mioent\u00e9rico, que desencadeiam movimentos perist\u00e1lticos no c\u00f3lon descendente, sigmoide e reto, ao mesmo tempo em que promovem o relaxamento do esf\u00edncter anal interno.""}}, {""changed"": {""name"": ""alternativa"", ""object"": ""O reflexo da defeca\u00e7\u00e3o intr\u00ednseco mioent\u00e9rico \u00e9 mediado pelas fibras parassimp\u00e1ticas que iniciam as contra\u00e7\u00f5es perist\u00e1lticas no c\u00f3lon descendente, sigmoide e reto, e relaxa o esf\u00edncter anal interno."", ""fields"": [""Texto""]}}, {""changed"": {""name"": ""alternativa"", ""object"": ""O reflexo de defeca\u00e7\u00e3o parassimp\u00e1tico \u00e9 um reflexo extr\u00ednseco que aumenta bastante as ondas perist\u00e1lticas e relaxa o esf\u00edncter anal interno."", ""fields"": [""Texto""]}}]"
30/10/2025 06:23:05;admin;Alteração (Editou);Qual transportador está provavelmente comprometido...;"[{""changed"": {""fields"": [""Enunciado"", ""Justificativa"", ""Status""]}}]"
30/10/2025 05:21:50;admin;Alteração (Editou);Qual a conduta mais adequada neste caso?...;"[{""changed"": {""fields"": [""Status""]}}]"
30/10/2025 05:20:19;admin;Alteração (Editou);Qual a conduta mais adequada neste caso?...;"[{""changed"": {""fields"": [""Status"", ""Comentario validacao""]}}]"
30/10/2025 05:12:56;admin;Alteração (Editou);Qual a conduta mais adequada neste caso?...;"[{""changed"": {""fields"": [""Status""]}}]"
30/10/2025 05:12:04;admin;Alteração (Editou);Diante do exposto, e considerando as estratégias d...;"[{""changed"": {""fields"": [""Status""]}}]"
30/10/2025 05:11:40;admin;Alteração (Editou);Considerando o contexto da Atenção Primária, as di...;"[{""changed"": {""fields"": [""Status""]}}]"
30/10/2025 05:10:48;admin;Alteração (Editou);De acordo com o Protocolo Clínico e Diretrizes Ter...;"[{""changed"": {""fields"": [""Status""]}}]"
30/10/2025 05:10:06;admin;Alteração (Editou);Considerando a abordagem centrada na pessoa, a imp...;"[{""changed"": {""fields"": [""Status""]}}]"
30/10/2025 05:09:24;admin;Alteração (Editou);Considerando os princípios da entrevista motivacio...;"[{""changed"": {""fields"": [""Status""]}}]"
30/10/2025 05:08:11;admin;Alteração (Editou);Considerando os princípios da Atenção Primária à S...;"[{""changed"": {""fields"": [""Status""]}}]"
30/10/2025 05:07:35;admin;Alteração (Editou);A conduta adotada pela equipe está mais diretament...;"[{""changed"": {""fields"": [""Status""]}}]"
30/10/2025 05:06:50;admin;Alteração (Editou);Qual conjunto de exames, dentre as alternativas, e...;"[{""changed"": {""fields"": [""Status""]}}]"
30/10/2025 05:06:03;admin;Alteração (Editou);Considerando o contexto da Atenção Primária à Saúd...;"[{""changed"": {""fields"": [""Status""]}}]"
30/10/2025 05:05:17;admin;Alteração (Editou);Considerando os princípios do MCCP, a comunicação ...;"[{""changed"": {""fields"": [""Status""]}}]"
30/10/2025 05:04:34;admin;Alteração (Editou);Assinale a alternativa que descreve o número mínim...;"[{""changed"": {""fields"": [""Status""]}}]"
30/10/2025 05:03:08;admin;Alteração (Editou);Considerando as diretrizes atuais para o manejo do...;"[{""changed"": {""fields"": [""Status""]}}]"
30/10/2025 05:02:24;admin;Alteração (Editou);Além de reforçar a adesão ao tratamento, na perspe...;"[{""changed"": {""fields"": [""Status""]}}]"
30/10/2025 05:01:12;admin;Alteração (Editou);Considerando as diretrizes para manejo da hiperten...;"[{""changed"": {""fields"": [""Status""]}}]"
30/10/2025 05:00:21;admin;Alteração (Editou);Considerando os princípios da Política Nacional de...;"[{""changed"": {""fields"": [""Status""]}}]"
30/10/2025 04:59:16;admin;Alteração (Editou);Considerando os princípios da territorialização na...;"[{""changed"": {""fields"": [""Status""]}}]"
30/10/2025 04:58:34;admin;Alteração (Editou);Considerando o caso descrito e as diretrizes para ...;"[{""changed"": {""fields"": [""Status""]}}]"
30/10/2025 04:57:27;admin;Alteração (Editou);Considerando as diretrizes de infecção urinária na...;"[{""changed"": {""fields"": [""Status""]}}]"
30/10/2025 04:56:33;admin;Alteração (Editou);Diante desse quadro clínico, qual é a hipótese dia...;"[{""changed"": {""fields"": [""Status""]}}]"
30/10/2025 04:55:16;admin;Alteração (Editou);Considerando as diretrizes para manejo da depressã...;"[{""changed"": {""fields"": [""Status""]}}]"
30/10/2025 04:54:17;admin;Alteração (Editou);Considerando as diretrizes para manejo da candidía...;"[{""changed"": {""fields"": [""Status""]}}]"
30/10/2025 04:53:21;admin;Alteração (Editou);Considerando as diretrizes para atenção domiciliar...;"[{""changed"": {""fields"": [""Status""]}}]"
30/10/2025 04:51:54;admin;Alteração (Editou);Considerando as diretrizes para manejo das Infecçã...;"[{""changed"": {""fields"": [""Status""]}}]"
30/10/2025 04:49:28;admin;Alteração (Editou);Considerando as diretrizes para alimentação comple...;"[{""changed"": {""fields"": [""Status""]}}]"
29/10/2025 19:45:58;admin;Alteração (Editou);Considerando o texto apresentado, avalie as afirma...;"[{""changed"": {""fields"": [""Texto base"", ""Justificativa"", ""Status""]}}, {""changed"": {""name"": ""alternativa"", ""object"": ""No p\u00e2ncreas, a ativa\u00e7\u00e3o da tripsina \u00e9 evitada por fatores inibit\u00f3rios, como mecanismo de prote\u00e7\u00e3o contra autodigest\u00e3o."", ""fields"": [""Texto""]}}]"
29/10/2025 19:42:22;admin;Alteração (Editou);Considerando a fisiologia da vitamina citada no ca...;"[{""changed"": {""fields"": [""Enunciado"", ""Status""]}}]"
29/10/2025 19:40:53;admin;Alteração (Editou);Com base na anatomia da bexiga urinária e suas rel...;"[{""changed"": {""fields"": [""Tipo questao"", ""Texto base"", ""Enunciado"", ""Justificativa"", ""Status""]}}, {""changed"": {""name"": ""alternativa"", ""object"": ""O colo da bexiga est\u00e1 localizado superiormente ao corpo e \u00e0 base da bexiga e \u00e9 fixado ao assoalho p\u00e9lvico pelos ligamentos umbilicais mediais."", ""fields"": [""Eh correta""]}}, {""changed"": {""name"": ""alternativa"", ""object"": ""O colo da bexiga se situa inferiormente, \u00e9 fixado pelo ligamento puboprost\u00e1tico (no homem) ou pubovesical (na mulher), e em homens est\u00e1 em contato direto com a pr\u00f3stata."", ""fields"": [""Eh correta""]}}]"
29/10/2025 19:33:09;admin;Alteração (Editou);Considerando o contexto acima, assinale a alternat...;"[{""changed"": {""fields"": [""Tipo questao"", ""Texto base"", ""Enunciado"", ""Justificativa"", ""Status""]}}]"
29/10/2025 19:29:11;admin;Alteração (Editou);Considerando as particularidades anatômicas dessa ...;"[{""changed"": {""fields"": [""Status""]}}]"
29/10/2025 19:18:54;admin;Alteração (Editou);Sobre os fatores que desviam a curva de dissociaçã...;"[{""changed"": {""fields"": [""Status""]}}, {""changed"": {""name"": ""alternativa"", ""object"": ""A diminui\u00e7\u00e3o do pH e o aumento da temperatura aumentam a afinidade da hemoglobina ao oxig\u00eanio e, consequentemente diminuem a satura\u00e7\u00e3o."", ""fields"": [""Texto""]}}, {""changed"": {""name"": ""alternativa"", ""object"": ""A diminui\u00e7\u00e3o do pH e o aumento da temperatura diminuem a afinidade da hemoglobina ao oxig\u00eanio e, consequentemente diminuem a satura\u00e7\u00e3o."", ""fields"": [""Texto""]}}, {""changed"": {""name"": ""alternativa"", ""object"": ""O aumento da temperatura corporal e o aumento do pH diminuem a afinidade da hemoglobina ao oxig\u00eanio e, consequentemente diminuem a satura\u00e7\u00e3o"", ""fields"": [""Texto""]}}, {""changed"": {""name"": ""alternativa"", ""object"": ""O aumento da PCO2 plasm\u00e1tica e o aumento da concentra\u00e7\u00e3o do 2,3BPG aumentam a afinidade da hemoglobina ao oxig\u00eanio e, consequentemente diminuem a satura\u00e7\u00e3o."", ""fields"": [""Texto""]}}, {""changed"": {""name"": ""alternativa"", ""object"": ""A diminui\u00e7\u00e3o da PCO2 plasm\u00e1tica e a diminui\u00e7\u00e3o da concentra\u00e7\u00e3o do 2,3BPG aumentam a afinidade da hemoglobina ao oxig\u00eanio e, consequentemente diminuem a satura\u00e7\u00e3o."", ""fields"": [""Texto""]}}]"
29/10/2025 19:16:43;admin;Alteração (Editou);Assinale a opção que apresenta a relação correta e...;"[{""changed"": {""fields"": [""Status""]}}]"
29/10/2025 19:16:33;admin;Alteração (Editou);Assinale a opção que apresenta a relação correta e...;"[{""changed"": {""fields"": [""Status""]}}]"
29/10/2025 19:16:13;admin;Alteração (Editou);Assinale a opção que apresenta a relação correta e...;[]
29/10/2025 19:15:52;admin;Alteração (Editou);Assinale a opção que apresenta a relação correta e...;"[{""changed"": {""fields"": [""Enunciado"", ""Status""]}}, {""changed"": {""name"": ""alternativa"", ""object"": ""O aumento da resist\u00eancia das arter\u00edolas aferentes diminui a press\u00e3o hidrost\u00e1tica glomerular e a TFG."", ""fields"": [""Texto""]}}, {""changed"": {""name"": ""alternativa"", ""object"": ""A diminui\u00e7\u00e3o da resist\u00eancia das arter\u00edolas aferentes diminui a press\u00e3o hidrost\u00e1tica glomerular e a TFG."", ""fields"": [""Texto""]}}, {""changed"": {""name"": ""alternativa"", ""object"": ""O aumento da resist\u00eancia das arter\u00edolas eferentes (constri\u00e7\u00e3o leve) diminui a press\u00e3o hidrost\u00e1tica glomerular e n\u00e3o modifica a TFG."", ""fields"": [""Texto""]}}, {""changed"": {""name"": ""alternativa"", ""object"": ""O aumento ou diminui\u00e7\u00e3o da resist\u00eancia das arter\u00edolas eferentes n\u00e3o interfere na press\u00e3o hidrost\u00e1tica glomerular e n\u00e3o modifica a TFG."", ""fields"": [""Texto""]}}, {""changed"": {""name"": ""alternativa"", ""object"": ""O aumento da resist\u00eancia da arter\u00edola eferente (constri\u00e7\u00e3o grave) diminui a press\u00e3o coloidosm\u00f3tica plasm\u00e1tica e aumenta a TFG."", ""fields"": [""Texto""]}}]"
29/10/2025 19:11:12;admin;Alteração (Editou);Considerando o texto apresentado, avalie as afirma...;"[{""changed"": {""fields"": [""Texto base"", ""Justificativa"", ""Status""]}}, {""added"": {""name"": ""alternativa"", ""object"": ""Na miastenia grave a intera\u00e7\u00e3o da acetilcolina com os receptores nicot\u00ednicos gera um potencial de placa motora de alta magnitude, o qual \u00e9 suficiente para desencadear a abertura dos canais de s\u00f3dio dependentes de voltagem e, consequentemente, iniciar o potencial de a\u00e7\u00e3o.""}}, {""changed"": {""name"": ""alternativa"", ""object"": ""Na miastenia grave a liga\u00e7\u00e3o da acetilcolina aos receptores nicot\u00ednicos causa amplitude elevada do potencial da placa motora sendo capaz de promover a abertura dos canais de s\u00f3dio dependentes de voltagem e disparar o potencial de a\u00e7\u00e3o."", ""fields"": [""Texto""]}}, {""changed"": {""name"": ""alternativa"", ""object"": ""Na miastenia grave a amplitude reduzida do potencial da placa motora n\u00e3o atinge o limiar excitat\u00f3rio da fibra muscular e n\u00e3o promove a abertura dos canais de s\u00f3dio dependentes de voltagem, incapaz de causar contra\u00e7\u00e3o muscular."", ""fields"": [""Texto""]}}, {""changed"": {""name"": ""alternativa"", ""object"": ""Na miastenia grave o potencial da placa motora \u00e9 uma altera\u00e7\u00e3o do potencial local negativa, no lado interno da membrana da fibra muscular da placa motora e se propaga por toda a fibra muscular esquel\u00e9tica."", ""fields"": [""Texto""]}}]"
29/10/2025 18:59:52;admin;Alteração (Editou);Medicina de Família e Comunidade (Estágio Curricular Obrigatório);"[{""changed"": {""fields"": [""Numero questoes prova""]}}]"
29/10/2025 18:57:10;admin;Alteração (Editou);Clínica Médica (Estágio Curricular Obrigatório);"[{""changed"": {""fields"": [""Numero questoes prova""]}}]"
29/10/2025 18:30:06;admin;Alteração (Editou);Considerando as recomendações do Ministério da Saú...;"[{""changed"": {""fields"": [""Status""]}}, {""changed"": {""name"": ""alternativa"", ""object"": ""B) Hemograma, glicemia, tipagem sangu\u00ednea, VDRL, HIV, HBsAg, sorologias para toxoplasmose e rub\u00e9ola; iniciar vacina\u00e7\u00e3o com dT e influenza."", ""fields"": [""Eh correta""]}}]"
29/10/2025 18:27:58;admin;Alteração (Editou);Considerando as boas práticas de assistência ao pa...;[]
29/10/2025 18:23:32;admin;Alteração (Editou);Considerando o quadro clínico e os achados da ultr...;"[{""changed"": {""fields"": [""Justificativa""]}}]"
29/10/2025 18:23:31;admin;Alteração (Editou);Marque a alternativa que representa a causa da sur...;"[{""changed"": {""fields"": [""Tipo questao"", ""Texto base"", ""Enunciado"", ""Justificativa"", ""Status"", ""Comentario validacao""]}}]"
29/10/2025 18:21:30;admin;Alteração (Editou);Considerando o quadro clínico e os achados da ultr...;"[{""changed"": {""name"": ""alternativa"", ""object"": ""Prescrever anticoncepcional hormonal combinado para regulariza\u00e7\u00e3o do ciclo menstrual."", ""fields"": [""Texto"", ""Eh correta""]}}, {""changed"": {""name"": ""alternativa"", ""object"": ""Solicitar histeroscopia diagn\u00f3stica com bi\u00f3psia endometrial para avalia\u00e7\u00e3o histopatol\u00f3gica."", ""fields"": [""Texto"", ""Eh correta""]}}]"
29/10/2025 18:16:47;admin;Alteração (Editou);Diante desse quadro, qual é a conduta mais adequad...;"[{""changed"": {""fields"": [""Status""]}}, {""changed"": {""name"": ""alternativa"", ""object"": ""B) Internar a paciente, iniciar sulfato de magn\u00e9sio e anti-hipertensivo parenteral, com interrup\u00e7\u00e3o da gesta\u00e7\u00e3o ap\u00f3s estabiliza\u00e7\u00e3o materna."", ""fields"": [""Eh correta""]}}]"
29/10/2025 18:15:16;admin;Alteração (Editou);Considerando o quadro clínico, qual dos seguintes ...;"[{""changed"": {""fields"": [""Status""]}}, {""changed"": {""name"": ""alternativa"", ""object"": ""B) Iteratividade"", ""fields"": [""Eh correta""]}}]"
29/10/2025 18:15:10;admin;Exclusão (Apagou);Com base nas características dos tipos de fibras m...;
29/10/2025 18:13:39;admin;Alteração (Editou);A gestante não apresenta sintomas e tem IMC pré-ge...;"[{""changed"": {""fields"": [""Status""]}}, {""changed"": {""name"": ""alternativa"", ""object"": ""C) Diagn\u00f3stico de diabetes mellitus gestacional; iniciar orienta\u00e7\u00e3o diet\u00e9tica e atividade f\u00edsica."", ""fields"": [""Eh correta""]}}]"
29/10/2025 18:12:24;admin;Alteração (Editou);Diante desse quadro, qual é o diagnóstico e condut...;"[{""changed"": {""fields"": [""Status""]}}, {""changed"": {""name"": ""alternativa"", ""object"": ""A) Diagn\u00f3stico de amniorrexe prematura; internar, iniciar antibioticoterapia profil\u00e1tica e vigil\u00e2ncia materno-fetal."", ""fields"": [""Eh correta""]}}]"
29/10/2025 18:10:53;admin;Alteração (Editou);Diante desse quadro clínico, qual é o diagnóstico ...;"[{""changed"": {""fields"": [""Status""]}}, {""changed"": {""name"": ""alternativa"", ""object"": ""C) Amea\u00e7a de abortamento; indicar repouso relativo e acompanhamento expectante."", ""fields"": [""Eh correta""]}}]"
29/10/2025 18:10:16;admin;Exclusão (Apagou);Considerando o texto apresentado, avalie as afirma...;
29/10/2025 18:08:42;admin;Alteração (Editou);Diante desse quadro, qual é a conduta mais adequad...;"[{""changed"": {""fields"": [""Status""]}}, {""changed"": {""name"": ""alternativa"", ""object"": ""C) Tratamento medicamentoso com metotrexato, por se tratar de gesta\u00e7\u00e3o ect\u00f3pica \u00edntegra com crit\u00e9rios para conduta conservadora."", ""fields"": [""Eh correta""]}}]"
29/10/2025 18:07:46;admin;Alteração (Editou);Considerando o texto apresentado, avalie as afirma...;[]
29/10/2025 18:07:20;admin;Alteração (Editou);Considerando o texto apresentado, avalie as afirma...;"[{""changed"": {""fields"": [""Texto base"", ""Status""]}}]"
29/10/2025 18:06:07;admin;Alteração (Editou);Com base na anatomia das estruturas envolvidas no ...;"[{""changed"": {""fields"": [""Tipo questao"", ""Justificativa"", ""Status"", ""Comentario validacao""]}}, {""changed"": {""name"": ""alternativa"", ""object"": ""A epicondilite lateral envolve os tend\u00f5es dos m\u00fasculos extensores e supinadores originados no epic\u00f4ndilo lateral do \u00famero, inervados pelo nervo radial."", ""fields"": [""Texto"", ""Eh correta""]}}, {""changed"": {""name"": ""alternativa"", ""object"": ""A epicondilite lateral est\u00e1 relacionada \u00e0 inflama\u00e7\u00e3o dos m\u00fasculos flexores do antebra\u00e7o, originados no epic\u00f4ndilo lateral."", ""fields"": [""Texto"", ""Eh correta""]}}]"
29/10/2025 18:05:09;admin;Alteração (Editou);Considerando as boas práticas de assistência ao pa...;"[{""changed"": {""fields"": [""Status""]}}]"
29/10/2025 18:04:28;admin;Alteração (Editou);Considerando as boas práticas de assistência ao pa...;"[{""changed"": {""name"": ""alternativa"", ""object"": ""C) Estimular deambula\u00e7\u00e3o e posi\u00e7\u00f5es verticalizadas, com monitoriza\u00e7\u00e3o fetal intermitente."", ""fields"": [""Eh correta""]}}]"
29/10/2025 18:04:24;admin;Alteração (Editou);Com base nesses achados, assinale a alternativa co...;"[{""changed"": {""fields"": [""Tipo questao"", ""Texto base"", ""Enunciado"", ""Justificativa"", ""Status"", ""Comentario validacao""]}}, {""changed"": {""name"": ""alternativa"", ""object"": ""O nervo mediano inerva a maioria dos m\u00fasculos do compartimento anterior do antebra\u00e7o, tais como: pronador redondo, flexor radial do carpo, palmar longo e flexor superficial dos dedos"", ""fields"": [""Texto"", ""Eh correta""]}}, {""changed"": {""name"": ""alternativa"", ""object"": ""O nervo ulnar \u00e9 o principal respons\u00e1vel pela inerva\u00e7\u00e3o dos m\u00fasculos flexores do punho e dos dedos e passa entre as cabe\u00e7as do pronador redondo"", ""fields"": [""Texto""]}}, {""changed"": {""name"": ""alternativa"", ""object"": ""O nervo musculocut\u00e2neo fornece a inerva\u00e7\u00e3o para o pronador redondo e o flexor radial do carpo."", ""fields"": [""Texto"", ""Eh correta""]}}, {""changed"": {""name"": ""alternativa"", ""object"": ""O nervo radial inerva os m\u00fasculos flexores superficiais e profundos dos dedos"", ""fields"": [""Texto""]}}]"
29/10/2025 18:00:34;admin;Alteração (Editou);Com base no quadro clínico e nos exames propedêuti...;"[{""changed"": {""fields"": [""Status""]}}]"
29/10/2025 17:59:26;admin;Alteração (Editou);Com base no quadro clínico e nos exames propedêuti...;"[{""changed"": {""fields"": [""Justificativa""]}}]"
29/10/2025 17:55:23;admin;Alteração (Editou);Com base no quadro clínico e nos exames propedêuti...;"[{""changed"": {""name"": ""alternativa"", ""object"": ""Solicitar cultura de secre\u00e7\u00e3o vaginal para confirma\u00e7\u00e3o etiol\u00f3gica antes de iniciar a terapia."", ""fields"": [""Texto"", ""Eh correta""]}}, {""changed"": {""name"": ""alternativa"", ""object"": ""Diagnosticar vaginose bacteriana e prescrever metronidazol 500 mg 12/12 h via oral por 7 dias."", ""fields"": [""Texto"", ""Eh correta""]}}]"
29/10/2025 17:53:20;admin;Alteração (Editou);Considerando o quadro clínico apresentado, a condu...;"[{""changed"": {""fields"": [""Status""]}}]"
29/10/2025 17:51:22;admin;Alteração (Editou);Com base na anatomia das estruturas envolvidas no ...;"[{""changed"": {""fields"": [""Texto base"", ""Enunciado"", ""Justificativa"", ""Comentario validacao""]}}]"
29/10/2025 17:47:57;admin;Alteração (Editou);Com base no diagnóstico clínico e na avaliação de ...;"[{""changed"": {""fields"": [""Status""]}}]"
29/10/2025 17:43:10;admin;Alteração (Editou);Sobre as funções das células do tecido em questão,...;"[{""changed"": {""fields"": [""Enunciado"", ""Status""]}}]"
29/10/2025 17:41:11;admin;Alteração (Editou);Com base nos achados histológicos apresentados, a ...;"[{""changed"": {""fields"": [""Status""]}}]"
29/10/2025 17:40:26;admin;Alteração (Editou);Baseado na história clínica, marque a alternativa ...;"[{""changed"": {""fields"": [""Texto base"", ""Enunciado"", ""Status""]}}]"
29/10/2025 11:57:59;admin;Alteração (Editou);Considerando o perfil da paciente, qual conduta re...;"[{""changed"": {""fields"": [""Status""]}}]"
29/10/2025 11:54:36;admin;Alteração (Editou);Considerando o quadro clínico e os achados da ultr...;"[{""changed"": {""fields"": [""Status""]}}]"
29/10/2025 11:53:43;admin;Alteração (Editou);Com base nos achados apresentados, qual é a condut...;"[{""changed"": {""fields"": [""Status""]}}]"
29/10/2025 11:52:28;admin;Alteração (Editou);Considerando o quadro clínico apresentado e os obj...;"[{""changed"": {""fields"": [""Status""]}}]"
28/10/2025 17:27:57;admin;Alteração (Editou);Que interação é esta mencionada no texto?...;"[{""changed"": {""fields"": [""Status"", ""Comentario validacao""]}}]"
28/10/2025 17:25:56;admin;Alteração (Editou);Qual classe de imunoglobulina é a principal respon...;"[{""changed"": {""fields"": [""Status""]}}]"
28/10/2025 17:24:33;admin;Alteração (Editou);Com base na descrição histopatológica, qual padrão...;"[{""changed"": {""fields"": [""Status"", ""Comentario validacao""]}}]"
28/10/2025 17:11:21;admin;Alteração (Editou);Qual é o mecanismo pelo qual os macrófagos, sob a ...;"[{""changed"": {""fields"": [""Status"", ""Comentario validacao""]}}]"
28/10/2025 17:08:12;admin;Alteração (Editou);A incapacidade de provar a etiologia desta doença,...;"[{""changed"": {""fields"": [""Status"", ""Comentario validacao""]}}]"
28/10/2025 17:01:18;admin;Alteração (Editou);Qual componente estrutural é o principal responsáv...;"[{""changed"": {""fields"": [""Status"", ""Comentario validacao""]}}]"
28/10/2025 16:50:38;admin;Alteração (Editou);Qual componente estrutural é o principal responsáv...;[]
27/10/2025 14:26:45;admin;Alteração (Editou);Com base na embriologia das glândulas endócrinas e...;"[{""changed"": {""fields"": [""Status"", ""Comentario validacao""]}}]"
27/10/2025 14:25:28;admin;Alteração (Editou);A anomalia apresentada pelo recém-nascido decorre ...;"[{""changed"": {""fields"": [""Status"", ""Comentario validacao""]}}]"
27/10/2025 14:23:15;admin;Alteração (Editou);A principal causa fisiopatológica desta síndrome e...;"[{""changed"": {""fields"": [""Enunciado"", ""Status"", ""Comentario validacao""]}}]"
27/10/2025 14:20:51;admin;Alteração (Editou);Considerando o texto apresentado, avalie as afirma...;"[{""changed"": {""fields"": [""Status"", ""Comentario validacao""]}}]"
27/10/2025 14:14:48;admin;Alteração (Editou);APSC 3 (3º Período);"[{""changed"": {""fields"": [""Nome""]}}]"
27/10/2025 14:11:25;admin;Alteração (Editou);Considerando o texto apresentado, avalie as afirma...;"[{""changed"": {""fields"": [""Texto base"", ""Status""]}}]"
27/10/2025 14:08:57;admin;Alteração (Editou);Assinale a alternativa que apresenta corretamente ...;"[{""changed"": {""fields"": [""Enunciado"", ""Status"", ""Comentario validacao""]}}]"
27/10/2025 06:06:35;admin;Alteração (Editou);Considerando as informações apresentadas e os conh...;"[{""changed"": {""fields"": [""Status"", ""Comentario validacao""]}}]"
27/10/2025 06:01:27;admin;Alteração (Editou);Com base nos conhecimentos sobre os ossos e articu...;"[{""changed"": {""fields"": [""Status"", ""Comentario validacao""]}}]"
27/10/2025 05:47:49;admin;Alteração (Editou);Considerando o contexto acima, assinale a alternat...;"[{""changed"": {""fields"": [""Enunciado"", ""Status"", ""Comentario validacao""]}}]"
27/10/2025 05:41:49;admin;Alteração (Editou);Considerando o contexto apresentado, assinale a al...;"[{""changed"": {""fields"": [""Enunciado"", ""Status"", ""Comentario validacao""]}}]"
27/10/2025 05:32:05;admin;Alteração (Editou);Assinale a alternativa que apresenta corretamente ...;"[{""changed"": {""fields"": [""Enunciado"", ""Status"", ""Comentario validacao""]}}]"
27/10/2025 05:26:54;admin;Alteração (Editou);A anomalia descrita resulta mais provavelmente de ...;"[{""changed"": {""fields"": [""Status""]}}]"
27/10/2025 05:25:40;admin;Alteração (Editou);Considerando a origem e diferenciação do sistema m...;"[{""changed"": {""fields"": [""Status""]}}]"
27/10/2025 05:12:46;admin;Alteração (Editou);Considerando a origem e diferenciação do sistema m...;"[{""changed"": {""fields"": [""Comentario validacao""]}}]"
24/10/2025 14:13:06;admin;Alteração (Editou);Que interação é esta mencionada no texto?...;[]
24/10/2025 14:11:35;admin;Alteração (Editou);Que interação é esta mencionada no texto?...;"[{""changed"": {""fields"": [""Texto base"", ""Enunciado""]}}]"
24/10/2025 14:08:27;admin;Alteração (Editou);Qual classe de imunoglobulina é a principal respon...;"[{""changed"": {""fields"": [""Enunciado""]}}]"
24/10/2025 10:53:27;admin;Alteração (Editou);Qual componente estrutural é o principal responsáv...;"[{""changed"": {""name"": ""alternativa"", ""object"": ""C) O Lipopolissacar\u00eddeo (LPS)."", ""fields"": [""Texto""]}}]"
24/10/2025 10:48:38;admin;Alteração (Editou);Qual componente estrutural é o principal responsáv...;"[{""changed"": {""fields"": [""Enunciado""]}}]"
24/10/2025 10:26:17;admin;Exclusão (Apagou);Diante do exposto, e considerando as estratégias d...;
24/10/2025 10:26:17;admin;Exclusão (Apagou);Considerando o contexto da Atenção Primária, as di...;
24/10/2025 10:26:17;admin;Exclusão (Apagou);De acordo com o Protocolo Clínico e Diretrizes Ter...;
23/10/2025 20:30:36;admin;Exclusão (Apagou);Maque a correta:...;
23/10/2025 20:30:36;admin;Exclusão (Apagou);Diante do que foi proposto todas estão corretas, E...;
23/10/2025 20:29:19;admin;Adição (Criou);DERMATO (C-D) (6º Período);"[{""added"": {}}]"
23/10/2025 20:28:51;admin;Exclusão (Apagou);Reposições;
23/10/2025 20:28:36;admin;Adição (Criou);ENDOCRINO (C-D) (6º Período);"[{""added"": {}}]"
23/10/2025 20:28:17;admin;Adição (Criou);DIP (C-D) (6º Período);"[{""added"": {}}]"
23/10/2025 20:27:55;admin;Adição (Criou);GASTRO (C-D) (6º Período);"[{""added"": {}}]"
23/10/2025 20:27:22;admin;Alteração (Editou);Patologia (A-B-C-D) (6º Período);"[{""changed"": {""fields"": [""Nome""]}}]"
23/10/2025 20:27:10;admin;Alteração (Editou);INOVA (A-B-C-D) (6º Período);"[{""changed"": {""fields"": [""Nome""]}}]"
23/10/2025 20:26:57;admin;Alteração (Editou);Imaginologia (A-B-C-D) (6º Período);"[{""changed"": {""fields"": [""Nome""]}}]"
23/10/2025 20:26:35;admin;Alteração (Editou);URO (A-B) (6º Período);"[{""changed"": {""fields"": [""Nome""]}}]"
23/10/2025 20:26:21;admin;Alteração (Editou);PNEUMO (A-B) (6º Período);"[{""changed"": {""fields"": [""Nome""]}}]"
23/10/2025 20:26:04;admin;Alteração (Editou);NEFRO (A-B) (6º Período);"[{""changed"": {""fields"": [""Nome""]}}]"
23/10/2025 20:25:51;admin;Alteração (Editou);CARDIO (A-B) (6º Período);"[{""changed"": {""fields"": [""Nome""]}}]"
23/10/2025 20:25:20;admin;Alteração (Editou);APSC 6 (A-B-C-D) (6º Período);"[{""changed"": {""fields"": [""Nome""]}}]"
23/10/2025 20:24:33;admin;Alteração (Editou);SMULHER 2 (A-B-C-D) (6º Período);"[{""changed"": {""fields"": [""Nome""]}}]"
23/10/2025 20:23:38;admin;Alteração (Editou);6º Período;"[{""changed"": {""fields"": [""Nome""]}}]"
23/10/2025 20:23:29;admin;Exclusão (Apagou);6º Período C;
23/10/2025 20:23:04;admin;Adição (Criou);Fluídos Corporais e Hemodinâmica (C) (2º Período);"[{""added"": {}}]"
23/10/2025 20:22:01;admin;Exclusão (Apagou);2º Período C;
23/10/2025 20:21:48;admin;Alteração (Editou);2º Período;"[{""changed"": {""fields"": [""Nome""]}}]"
23/10/2025 20:21:34;admin;Alteração (Editou);APSC-II A-B-C (2º Período A e B (+C));"[{""changed"": {""fields"": [""Nome""]}}]"
23/10/2025 20:21:12;admin;Alteração (Editou);Controle Nervoso e Movimento A-B-C (2º Período A e B (+C));"[{""changed"": {""fields"": [""Nome""]}}]"
23/10/2025 19:29:12;admin;Alteração (Editou);SHRD (A e B) (2º Período A e B (+C));"[{""changed"": {""fields"": [""Nome""]}}]"
23/10/2025 19:28:56;admin;Alteração (Editou);Sistema Digestório (A e B) (2º Período A e B (+C));"[{""changed"": {""fields"": [""Nome""]}}]"
23/10/2025 19:25:10;admin;Alteração (Editou);2º Período A e B (+C);"[{""changed"": {""fields"": [""Nome""]}}]"
23/10/2025 19:24:58;admin;Alteração (Editou);6º Período A e B;"[{""changed"": {""fields"": [""Nome""]}}]"
23/10/2025 19:24:18;admin;Alteração (Editou);6º Período A e B (C);"[{""changed"": {""fields"": [""Nome""]}}]"
23/10/2025 19:22:35;admin;Exclusão (Apagou);APSC-II (2º Período C);
23/10/2025 19:22:35;admin;Exclusão (Apagou);Controle Nervoso e Movimento (2º Período C);
23/10/2025 19:17:52;admin;Adição (Criou);Patologia (6º Período C);"[{""added"": {}}]"
23/10/2025 19:17:31;admin;Adição (Criou);INOVA (6º Período C);"[{""added"": {}}]"
23/10/2025 19:17:16;admin;Adição (Criou);Imaginologia (6º Período C);"[{""added"": {}}]"
23/10/2025 19:16:57;admin;Adição (Criou);DERMATO (6º Período C);"[{""added"": {}}]"
23/10/2025 19:16:40;admin;Adição (Criou);ENDOCRINO (6º Período C);"[{""added"": {}}]"
23/10/2025 19:16:21;admin;Adição (Criou);DIP (6º Período C);"[{""added"": {}}]"
23/10/2025 19:16:02;admin;Adição (Criou);GASTRO (6º Período C);"[{""added"": {}}]"
23/10/2025 19:15:42;admin;Adição (Criou);APSC VI (6º Período C);"[{""added"": {}}]"
23/10/2025 19:15:20;admin;Alteração (Editou);SMULHER 2 (6º Período C);"[{""changed"": {""fields"": [""Nome""]}}]"
23/10/2025 19:15:11;admin;Adição (Criou);SM (6º Período C);"[{""added"": {}}]"
23/10/2025 19:14:44;admin;Adição (Criou);6º Período C;"[{""added"": {}}]"
23/10/2025 19:12:52;admin;Alteração (Editou);SMULHER 2 (6º Período A e B);"[{""changed"": {""fields"": [""Numero questoes prova""]}}]"
23/10/2025 19:12:04;admin;Alteração (Editou);6º Período A e B;"[{""changed"": {""fields"": [""Nome""]}}]"
23/10/2025 19:10:20;admin;Adição (Criou);Fluídos Corporais e Hemodinâmica (2º Período C);"[{""added"": {}}]"
23/10/2025 19:09:45;admin;Adição (Criou);Controle Nervoso e Movimento (2º Período C);"[{""added"": {}}]"
23/10/2025 19:09:25;admin;Adição (Criou);APSC-II (2º Período C);"[{""added"": {}}]"
23/10/2025 19:08:52;admin;Adição (Criou);2º Período C;"[{""added"": {}}]"
23/10/2025 19:06:40;admin;Alteração (Editou);2º Período A e B;"[{""changed"": {""fields"": [""Nome""]}}]"
23/10/2025 13:16:49;admin;Exclusão (Apagou);Qual mecanismo fundamental da tolerância imunológi...;
23/10/2025 13:02:12;admin;Alteração (Editou);Qual é o mecanismo de resistência conferido pelo p...;[]
23/10/2025 12:58:44;admin;Alteração (Editou);Qual é o mecanismo de resistência conferido pelo p...;"[{""changed"": {""fields"": [""Justificativa""]}}, {""changed"": {""name"": ""alternativa"", ""object"": ""D) A modifica\u00e7\u00e3o enzim\u00e1tica do antibi\u00f3tico (ex: acetila\u00e7\u00e3o) ap\u00f3s sua entrada no citoplasma."", ""fields"": [""Texto""]}}, {""changed"": {""name"": ""alternativa"", ""object"": ""E) A modifica\u00e7\u00e3o do alvo do antibi\u00f3tico, atrav\u00e9s da s\u00edntese de uma nova Prote\u00edna Ligadora de Penicilina (PBP2a) que possui baixa afinidade pela meticilina."", ""fields"": [""Texto""]}}]"
23/10/2025 12:55:45;admin;Alteração (Editou);Qual é o mecanismo de resistência conferido pelo p...;"[{""changed"": {""fields"": [""Status""]}}]"
23/10/2025 12:55:34;admin;Alteração (Editou);Qual é a principal consequência funcional da perda...;"[{""changed"": {""fields"": [""Status""]}}]"
23/10/2025 12:55:14;admin;Alteração (Editou);Qual é a principal consequência funcional da perda...;"[{""changed"": {""fields"": [""Status""]}}]"
23/10/2025 12:45:51;admin;Alteração (Editou);Qual é o mecanismo de resistência conferido pelo p...;[]
23/10/2025 12:43:52;admin;Alteração (Editou);Qual componente estrutural, específico da parede c...;"[{""changed"": {""fields"": [""Status""]}}]"
23/10/2025 12:43:35;admin;Alteração (Editou);Qual componente estrutural, específico da parede c...;"[{""changed"": {""fields"": [""Status""]}}]"
23/10/2025 11:34:53;admin;Alteração (Editou);Qual é o mecanismo de resistência conferido pelo p...;"[{""changed"": {""fields"": [""Status"", ""Comentario validacao""]}}]"
23/10/2025 00:19:33;admin;Exclusão (Apagou);Qual hipótese explica a maior suscetibilidade dess...;
23/10/2025 00:19:33;admin;Exclusão (Apagou);Qual das alternativas descreve corretamente a dife...;
23/10/2025 00:19:33;admin;Exclusão (Apagou);Qual combinação representa corretamente o tipo de ...;
23/10/2025 00:19:33;admin;Exclusão (Apagou);Qual é o agente mais provável?...;
23/10/2025 00:19:33;admin;Exclusão (Apagou);Qual a relação complementar entre esses dois fator...;
23/10/2025 00:19:33;admin;Exclusão (Apagou);Qual é o principal fator que dificulta o tratament...;
23/10/2025 00:19:33;admin;Exclusão (Apagou);Qual bactéria é mais provável?...;
23/10/2025 00:19:33;admin;Exclusão (Apagou);Qual toxina pneumocócica lesa o epitélio respirató...;
23/10/2025 00:19:33;admin;Exclusão (Apagou);Qual célula é recrutada em grande número, explican...;
23/10/2025 00:19:33;admin;Exclusão (Apagou);Qual microrganismo apresenta esta morfologia carac...;
22/10/2025 23:23:27;admin;Exclusão (Apagou);Qual hipótese explica a maior suscetibilidade dess...;
22/10/2025 23:23:27;admin;Exclusão (Apagou);Qual das alternativas descreve corretamente a dife...;
22/10/2025 23:23:27;admin;Exclusão (Apagou);Qual combinação representa corretamente o tipo de ...;
22/10/2025 23:23:27;admin;Exclusão (Apagou);Qual é o agente mais provável?...;
22/10/2025 23:23:27;admin;Exclusão (Apagou);Qual a relação complementar entre esses dois fator...;
22/10/2025 23:23:27;admin;Exclusão (Apagou);Qual é o principal fator que dificulta o tratament...;
22/10/2025 23:23:27;admin;Exclusão (Apagou);Qual bactéria é mais provável?...;
22/10/2025 23:23:27;admin;Exclusão (Apagou);Qual toxina pneumocócica lesa o epitélio respirató...;
22/10/2025 23:23:27;admin;Exclusão (Apagou);Qual célula é recrutada em grande número, explican...;
22/10/2025 23:23:27;admin;Exclusão (Apagou);Qual microrganismo apresenta esta morfologia carac...;
22/10/2025 21:09:27;admin;Exclusão (Apagou);Qual alternativa está INCORRETA?...;
22/10/2025 21:09:27;admin;Exclusão (Apagou);teste...;
22/10/2025 21:09:27;admin;Exclusão (Apagou);Considerando o texto apresentado, avalie as afirma...;
22/10/2025 21:09:27;admin;Exclusão (Apagou);Qual evento é indispensável para que ocorra a comu...;
22/10/2025 21:09:27;admin;Exclusão (Apagou);teste...;
22/10/2025 21:09:27;admin;Exclusão (Apagou);marque a correta:...;
22/10/2025 20:48:50;admin;Alteração (Editou);Qual alternativa está INCORRETA?...;"[{""changed"": {""fields"": [""Status""]}}]"
22/10/2025 20:40:39;admin;Alteração (Editou);marque a correta:...;"[{""changed"": {""name"": ""alternativa"", ""object"": ""teste"", ""fields"": [""Texto""]}}, {""deleted"": {""name"": ""alternativa"", ""object"": ""teste""}}]"
22/10/2025 20:39:57;admin;Alteração (Editou);marque a correta:...;"[{""changed"": {""fields"": [""Status"", ""Comentario validacao""]}}, {""added"": {""name"": ""alternativa"", ""object"": ""narra\u00e7\u00e3o, descri\u00e7\u00e3o e injun\u00e7\u00e3o.""}}]"
22/10/2025 20:38:55;admin;Alteração (Editou);Qual alternativa está INCORRETA?...;[]
22/10/2025 20:36:20;admin;Alteração (Editou);Qual alternativa está INCORRETA?...;"[{""changed"": {""fields"": [""Status"", ""Comentario validacao""]}}]"
22/10/2025 20:09:02;admin;Alteração (Editou);Qual evento é indispensável para que ocorra a comu...;"[{""changed"": {""fields"": [""Status"", ""Comentario validacao""]}}]"
22/10/2025 20:05:32;admin;Alteração (Editou);Qual evento é indispensável para que ocorra a comu...;"[{""changed"": {""name"": ""alternativa"", ""object"": ""A produ\u00e7\u00e3o inicial de anticorpos IgG de baixa afinidade, que posteriormente sofrem comuta\u00e7\u00e3o de classe para IgM de alta afinidade."", ""fields"": [""Texto""]}}, {""changed"": {""name"": ""alternativa"", ""object"": ""A ativa\u00e7\u00e3o da c\u00e9lula B exclusivamente atrav\u00e9s de seus receptores Toll-like (TLRs) pelo ant\u00edgeno proteico."", ""fields"": [""Texto""]}}]"
22/10/2025 19:22:00;admin;Alteração (Editou);Qual evento é indispensável para que ocorra a comu...;"[{""changed"": {""name"": ""alternativa"", ""object"": ""A apresenta\u00e7\u00e3o do ant\u00edgeno pela c\u00e9lula B ao linf\u00f3cito T CD8+ citot\u00f3xico, induzindo a produ\u00e7\u00e3o de perforinas e granzimas."", ""fields"": [""Texto""]}}, {""changed"": {""name"": ""alternativa"", ""object"": ""A ativa\u00e7\u00e3o da c\u00e9lula B exclusivamente atrav\u00e9s de seus receptores Toll-like (TLRs) pelo ant\u00edgeno proteico."", ""fields"": [""Texto""]}}]"
22/10/2025 07:47:38;admin;Alteração (Editou);Maque a correta:...;"[{""changed"": {""fields"": [""Comentario validacao""]}}]"
22/10/2025 07:47:22;admin;Alteração (Editou);Diante do que foi proposto todas estão corretas, E...;"[{""changed"": {""fields"": [""Comentario validacao""]}}]"
22/10/2025 07:47:09;admin;Alteração (Editou);Qual evento é indispensável para que ocorra a comu...;"[{""changed"": {""fields"": [""Comentario validacao""]}}]"
22/10/2025 07:46:55;admin;Alteração (Editou);Qual alternativa está INCORRETA?...;"[{""changed"": {""fields"": [""Comentario validacao""]}}]"
21/10/2025 13:07:58;admin;Alteração (Editou);Estágio Curricular Obrigatório;"[{""changed"": {""fields"": [""Nome""]}}]"
21/10/2025 13:07:22;admin;Alteração (Editou);Estágio Curricular Obrigatório Saúde Coletiva;"[{""changed"": {""fields"": [""Nome""]}}]"
20/10/2025 20:49:15;admin;Exclusão (Apagou);eu...;
20/10/2025 20:49:15;admin;Exclusão (Apagou);eu...;
20/10/2025 20:49:15;admin;Exclusão (Apagou);Considerando o texto apresentado, avalie as afirma...;
20/10/2025 20:49:15;admin;Exclusão (Apagou);eu...;
20/10/2025 19:06:09;admin;Alteração (Editou);Qual evento é indispensável para que ocorra a comu...;"[{""changed"": {""fields"": [""Comentario validacao""]}}]"
20/10/2025 19:05:00;admin;Alteração (Editou);Qual evento é indispensável para que ocorra a comu...;"[{""changed"": {""fields"": [""Comentario validacao""]}}]"
20/10/2025 18:58:16;admin;Alteração (Editou);Qual evento é indispensável para que ocorra a comu...;"[{""changed"": {""fields"": [""Status"", ""Comentario validacao""]}}]"
20/10/2025 18:55:03;admin;Alteração (Editou);Qual evento é indispensável para que ocorra a comu...;"[{""changed"": {""fields"": [""Status""]}}]"
20/10/2025 18:54:12;admin;Alteração (Editou);Qual evento é indispensável para que ocorra a comu...;"[{""changed"": {""fields"": [""Status"", ""Comentario validacao""]}}]"
20/10/2025 18:48:08;admin;Alteração (Editou);Qual evento é indispensável para que ocorra a comu...;"[{""changed"": {""name"": ""alternativa"", ""object"": ""A intera\u00e7\u00e3o cognata entre a c\u00e9lula B (apresentando o pept\u00eddeo via MHC-II) e um linf\u00f3cito T CD4+ auxiliar folicular (Tfh) ativado."", ""fields"": [""Eh correta""]}}]"
20/10/2025 14:49:13;admin;Alteração (Editou);APS IV (8º Período);"[{""changed"": {""fields"": [""Nome""]}}]"
20/10/2025 14:47:29;admin;Alteração (Editou);APSC IV (8º Período);"[{""changed"": {""fields"": [""Nome""]}}]"
20/10/2025 14:40:29;admin;Adição (Criou);Saúde Mental (8º Período);"[{""added"": {}}]"
20/10/2025 14:40:15;admin;Adição (Criou);Saúde do Idoso (8º Período);"[{""added"": {}}]"
20/10/2025 14:39:54;admin;Adição (Criou);SCA (8º Período);"[{""added"": {}}]"
20/10/2025 14:39:39;admin;Adição (Criou);ONCO (8º Período);"[{""added"": {}}]"
20/10/2025 14:39:23;admin;Adição (Criou);Medicina Legal (8º Período);"[{""added"": {}}]"
20/10/2025 14:39:09;admin;Adição (Criou);MBE (8º Período);"[{""added"": {}}]"
20/10/2025 14:38:53;admin;Adição (Criou);APSC 8 (8º Período);"[{""added"": {}}]"
20/10/2025 14:36:52;admin;Adição (Criou);Patologia (6º Período);"[{""added"": {}}]"
20/10/2025 14:36:39;admin;Adição (Criou);INOVA (6º Período);"[{""added"": {}}]"
20/10/2025 14:36:28;admin;Adição (Criou);Imaginologia (6º Período);"[{""added"": {}}]"
20/10/2025 14:36:10;admin;Adição (Criou);URO (6º Período);"[{""added"": {}}]"
20/10/2025 14:35:57;admin;Adição (Criou);PNEUMO (6º Período);"[{""added"": {}}]"
20/10/2025 14:35:43;admin;Adição (Criou);NEFRO (6º Período);"[{""added"": {}}]"
20/10/2025 14:35:33;admin;Adição (Criou);CARDIO (6º Período);"[{""added"": {}}]"
20/10/2025 14:35:15;admin;Adição (Criou);APSC 6 (6º Período);"[{""added"": {}}]"
20/10/2025 14:34:53;admin;Adição (Criou);SMULHER 2 (6º Período);"[{""added"": {}}]"
20/10/2025 14:34:07;admin;Alteração (Editou);SEMIO 2 (4º Período);[]
20/10/2025 14:33:53;admin;Adição (Criou);SEMIO 2 (4º Período);"[{""added"": {}}]"
20/10/2025 14:33:07;admin;Alteração (Editou);APS 3 (3º Período);"[{""changed"": {""fields"": [""Numero questoes prova""]}}]"
20/10/2025 14:32:53;admin;Alteração (Editou);APS 4 (4º Período);"[{""changed"": {""fields"": [""Numero questoes prova""]}}]"
20/10/2025 14:32:24;admin;Adição (Criou);MPCCI-II (4º Período);"[{""added"": {}}]"
20/10/2025 14:32:02;admin;Adição (Criou);MSS-II (4º Período);"[{""added"": {}}]"
20/10/2025 14:31:46;admin;Adição (Criou);SAV-II (4º Período);"[{""added"": {}}]"
20/10/2025 14:31:20;admin;Alteração (Editou);Farmacologia 2 (4º Período);[]
20/10/2025 14:31:13;admin;Alteração (Editou);Farmacologia 1 (3º Período);[]
20/10/2025 14:30:59;admin;Alteração (Editou);MAPD-2 (4º Período);[]
20/10/2025 14:30:50;admin;Alteração (Editou);MAPD-1 (3º Período);"[{""changed"": {""fields"": [""Numero questoes prova""]}}]"
20/10/2025 14:30:33;admin;Alteração (Editou);BTCA 2 (4º Período);"[{""changed"": {""fields"": [""Numero questoes prova""]}}]"
20/10/2025 14:30:18;admin;Alteração (Editou);BTCA 1 (3º Período);"[{""changed"": {""fields"": [""Numero questoes prova""]}}]"
20/10/2025 14:29:40;admin;Alteração (Editou);MPCC-I (3º Período);"[{""changed"": {""fields"": [""Nome""]}}]"
20/10/2025 14:29:14;admin;Adição (Criou);SEMIO 1 (3º Período);"[{""added"": {}}]"
20/10/2025 14:29:02;admin;Adição (Criou);MPCC=I (3º Período);"[{""added"": {}}]"
20/10/2025 14:28:37;admin;Adição (Criou);MSS-I (3º Período);"[{""added"": {}}]"
20/10/2025 14:28:01;admin;Adição (Criou);SAV-I (3º Período);"[{""added"": {}}]"
20/10/2025 14:27:33;admin;Adição (Criou);SHRD (2º Período);"[{""added"": {}}]"
20/10/2025 14:27:17;admin;Adição (Criou);Sistema Digestório (2º Período);"[{""added"": {}}]"
20/10/2025 14:27:00;admin;Adição (Criou);Controle Nervoso e Movimento (2º Período);"[{""added"": {}}]"
20/10/2025 14:26:42;admin;Adição (Criou);APSC-II (2º Período);"[{""added"": {}}]"
20/10/2025 14:25:46;admin;Adição (Criou);8º Período;"[{""added"": {}}]"
20/10/2025 14:25:37;admin;Adição (Criou);6º Período;"[{""added"": {}}]"
20/10/2025 14:25:11;admin;Adição (Criou);2º Período;"[{""added"": {}}]"
20/10/2025 14:24:51;admin;Alteração (Editou);Reposições;"[{""changed"": {""fields"": [""Nome""]}}]"
20/10/2025 14:23:09;admin;Alteração (Editou);admin;"[{""changed"": {""fields"": [""password""]}}]"
20/10/2025 14:04:03;admin;Exclusão (Apagou);Com base nesse contexto, assinale a alternativa qu...;
20/10/2025 14:04:03;admin;Exclusão (Apagou);A situação acima relatada é classificada, de acord...;
20/10/2025 14:04:03;admin;Exclusão (Apagou);Com base no contexto acima e na dimensão de Regula...;
20/10/2025 14:04:03;admin;Exclusão (Apagou);Considerando a conduta ética e as diretrizes médic...;
20/10/2025 14:04:03;admin;Exclusão (Apagou);A Lesão por Pressão desenvolvida, de acordo com os...;
20/10/2025 14:04:03;admin;Exclusão (Apagou);Qual é o diagnóstico?...;
20/10/2025 14:04:03;admin;Exclusão (Apagou);Considerando o contexto acima, assinale a alternat...;
14/10/2025 10:17:40;admin;Adição (Criou);MAPD-1 (Reposição P3);"[{""added"": {}}]"
14/10/2025 10:17:04;admin;Adição (Criou);Reposição P3;"[{""added"": {}}]"
08/10/2025 08:34:06;admin;Alteração (Editou);Qual é o diagnóstico?...;"[{""changed"": {""fields"": [""Comentario validacao""]}}]"
08/10/2025 08:31:03;admin;Alteração (Editou);Considerando o contexto acima, assinale a alternat...;[]
08/10/2025 08:30:22;admin;Alteração (Editou);Considerando o contexto acima, assinale a alternat...;[]
08/10/2025 08:25:27;admin;Alteração (Editou);Considerando o contexto acima, assinale a alternat...;[]
08/10/2025 08:15:10;admin;Alteração (Editou);Considerando o contexto acima, assinale a alternat...;"[{""changed"": {""fields"": [""Status"", ""Comentario validacao""]}}]"
06/10/2025 16:22:35;admin;Alteração (Editou);Qual é o diagnóstico?...;"[{""changed"": {""fields"": [""Status"", ""Comentario validacao""]}}]"
06/10/2025 16:21:31;admin;Alteração (Editou);Qual é o diagnóstico?...;"[{""changed"": {""fields"": [""Status""]}}]"
06/10/2025 16:21:18;admin;Alteração (Editou);Qual é o diagnóstico?...;"[{""changed"": {""fields"": [""Status""]}}]"
06/10/2025 16:09:34;admin;Alteração (Editou);Qual é o diagnóstico?...;"[{""changed"": {""fields"": [""Status""]}}]"
06/10/2025 16:09:19;admin;Alteração (Editou);Qual é o diagnóstico?...;"[{""changed"": {""fields"": [""Status""]}}]"
06/10/2025 16:07:59;admin;Alteração (Editou);Qual é o diagnóstico?...;[]
06/10/2025 16:00:55;admin;Alteração (Editou);Qual é o diagnóstico?...;"[{""changed"": {""fields"": [""Status"", ""Comentario validacao""]}}]"
06/10/2025 14:45:40;admin;Alteração (Editou);Com base nesse contexto, assinale a alternativa qu...;"[{""changed"": {""fields"": [""Imagem"", ""Status""]}}]"
06/10/2025 14:45:07;admin;Alteração (Editou);A Lesão por Pressão desenvolvida, de acordo com os...;"[{""changed"": {""fields"": [""Imagem"", ""Status""]}}]"
04/10/2025 16:39:52;admin;Exclusão (Apagou);Considerando o texto apresentado, avalie as afirma...;
04/10/2025 16:38:49;admin;Alteração (Editou);Considerando o texto apresentado, avalie as afirma...;"[{""changed"": {""fields"": [""Status""]}}]"
04/10/2025 16:03:20;admin;Exclusão (Apagou);Com base nessas informações, assinale a alternativ...;
04/10/2025 16:03:20;admin;Exclusão (Apagou);Teste testes.Teste testes....;
04/10/2025 16:03:20;admin;Exclusão (Apagou);Considerando o contexto acima, a concepção de Rede...;
04/10/2025 16:03:20;admin;Exclusão (Apagou);teste 2. Teste 2. teste 2. Teste 2. teste 2. Teste...;
04/10/2025 16:03:20;admin;Exclusão (Apagou);teste 3. teste 3....;
04/10/2025 16:03:20;admin;Exclusão (Apagou);Considerando o texto apresentado, avalie as afirma...;
04/10/2025 16:03:20;admin;Exclusão (Apagou);Eu gosto disso...;
03/10/2025 13:01:08;admin;Alteração (Editou);MAPD-1 (3º Período);"[{""changed"": {""fields"": [""Numero questoes prova""]}}]"
03/10/2025 12:59:23;admin;Alteração (Editou);Eu gosto disso...;"[{""changed"": {""fields"": [""Status""]}}]"
03/10/2025 10:55:47;admin;Alteração (Editou);Considerando o texto apresentado, avalie as afirma...;"[{""changed"": {""fields"": [""Status""]}}]"
03/10/2025 08:13:51;admin;Alteração (Editou);MAPD-1 (3º Período);"[{""changed"": {""fields"": [""Numero questoes prova""]}}]"
03/10/2025 08:11:07;admin;Alteração (Editou);teste 3. teste 3....;[]
03/10/2025 08:09:26;admin;Alteração (Editou);teste 3. teste 3....;"[{""changed"": {""fields"": [""Status""]}}]"
03/10/2025 07:37:11;admin;Alteração (Editou);teste 2. Teste 2. teste 2. Teste 2. teste 2. Teste...;"[{""changed"": {""fields"": [""Status""]}}]"
03/10/2025 06:15:16;admin;Adição (Criou);Saúde Coletiva (Estágio Curricular Obrigatório);"[{""added"": {}}]"
03/10/2025 06:15:01;admin;Adição (Criou);Pediatria (Estágio Curricular Obrigatório);"[{""added"": {}}]"
03/10/2025 06:14:36;admin;Adição (Criou);Ginecologia e Obstetrícia (Estágio Curricular Obrigatório);"[{""added"": {}}]"
03/10/2025 06:14:17;admin;Adição (Criou);Medicina de Família e Comunidade (Estágio Curricular Obrigatório);"[{""added"": {}}]"
03/10/2025 06:13:56;admin;Adição (Criou);Saúde Mental (Estágio Curricular Obrigatório);"[{""added"": {}}]"
03/10/2025 06:13:43;admin;Adição (Criou);Urgência e Emergência (Estágio Curricular Obrigatório);"[{""added"": {}}]"
03/10/2025 06:13:21;admin;Adição (Criou);Clínica Médica (Estágio Curricular Obrigatório);"[{""added"": {}}]"
03/10/2025 06:13:05;admin;Adição (Criou);Cirurgia Geral (Estágio Curricular Obrigatório);"[{""added"": {}}]"
03/10/2025 06:12:21;admin;Adição (Criou);Estágio Curricular Obrigatório;"[{""added"": {}}]"
01/10/2025 11:30:10;admin;Alteração (Editou);Considerando o contexto acima, a concepção de Rede...;"[{""changed"": {""fields"": [""Status""]}}]"
30/09/2025 13:14:25;admin;Adição (Criou);Metodologia 2 (4º Período);"[{""added"": {}}]"
30/09/2025 13:14:17;admin;Adição (Criou);Metodologia 1 (3º Período);"[{""added"": {}}]"
30/09/2025 13:14:07;admin;Adição (Criou);BTCA 2 (4º Período);"[{""added"": {}}]"
30/09/2025 13:13:59;admin;Adição (Criou);BTCA 1 (3º Período);"[{""added"": {}}]"
30/09/2025 13:13:40;admin;Adição (Criou);APS 4 (4º Período);"[{""added"": {}}]"
30/09/2025 13:13:25;admin;Adição (Criou);APS 3 (3º Período);"[{""added"": {}}]"
29/09/2025 21:35:34;admin;Alteração (Editou);MAPD-1 (3º Período);"[{""changed"": {""fields"": [""Numero questoes prova""]}}]"
29/09/2025 20:57:18;admin;Alteração (Editou);Com base nessas informações, assinale a alternativ...;"[{""changed"": {""fields"": [""Status""]}}]"
29/09/2025 19:02:28;admin;Adição (Criou);Farmacologia 2 (4º Período);"[{""added"": {}}]"
29/09/2025 19:02:17;admin;Adição (Criou);Farmacologia 1 (3º Período);"[{""added"": {}}]"
29/09/2025 19:02:08;admin;Adição (Criou);MAPD-2 (4º Período);"[{""added"": {}}]"
29/09/2025 19:01:57;admin;Adição (Criou);MAPD-1 (3º Período);"[{""added"": {}}]"
29/09/2025 19:01:24;admin;Adição (Criou);4º Período;"[{""added"": {}}]"
29/09/2025 19:01:14;admin;Adição (Criou);3º Período;"[{""added"": {}}]"
